Title,Description,Link,Board,Keywords
"cute-frog-fishing-village-colo","Free printable cute-frog-fishing-village-colo coloring page! Download this cute JPG for kids and adults. #coloringpages #freeprintable #cute","https://tinyanimalworlds.com/coloring/cute-frog-fishing-village-colo","Cozy Coloring Pages","cute-frog-fishing-village-colo, coloring pages, free printable, cute coloring"
"cute-squirrel-tea-party-colori","Free printable cute-squirrel-tea-party-colori coloring page! Download this cute JPG for kids and adults. #coloringpages #freeprintable #cute","https://tinyanimalworlds.com/coloring/cute-squirrel-tea-party-colori","Cozy Coloring Pages","cute-squirrel-tea-party-colori, coloring pages, free printable, cute coloring"
"cute-cat-flower-greenhouse-col","Free printable cute-cat-flower-greenhouse-col coloring page! Download this cute JPG for kids and adults. #coloringpages #freeprintable #cute","https://tinyanimalworlds.com/coloring/cute-cat-flower-greenhouse-col","Cozy Coloring Pages","cute-cat-flower-greenhouse-col, coloring pages, free printable, cute coloring"
"cute-hamster-sewing-cottage-co","Free printable cute-hamster-sewing-cottage-co coloring page! Download this cute JPG for kids and adults. #coloringpages #freeprintable #cute","https://tinyanimalworlds.com/coloring/cute-hamster-sewing-cottage-co","Cozy Coloring Pages","cute-hamster-sewing-cottage-co, coloring pages, free printable, cute coloring"
"cute-fox-village-florist-color","Free printable cute-fox-village-florist-color coloring page! Download this cute JPG for kids and adults. #coloringpages #freeprintable #cute","https://tinyanimalworlds.com/coloring/cute-fox-village-florist-color","Cozy Coloring Pages","cute-fox-village-florist-color, coloring pages, free printable, cute coloring"
"cute-rabbit-book-club","Free printable cute-rabbit-book-club coloring page! Download this cute JPG for kids and adults. #coloringpages #freeprintable #cute","https://tinyanimalworlds.com/coloring/cute-rabbit-book-club","Cozy Coloring Pages","cute-rabbit-book-club, coloring pages, free printable, cute coloring"
"cute-otter-riverside-cottage-c","Free printable cute-otter-riverside-cottage-c coloring page! Download this cute JPG for kids and adults. #coloringpages #freeprintable #cute","https://tinyanimalworlds.com/coloring/cute-otter-riverside-cottage-c","Cozy Coloring Pages","cute-otter-riverside-cottage-c, coloring pages, free printable, cute coloring"
"cute-rabbit-winter-cabin-color","Free printable cute-rabbit-winter-cabin-color coloring page! Download this cute JPG for kids and adults. #coloringpages #freeprintable #cute","https://tinyanimalworlds.com/coloring/cute-rabbit-winter-cabin-color","Cozy Coloring Pages","cute-rabbit-winter-cabin-color, coloring pages, free printable, cute coloring"
"cute-mouse-lantern-festival-co","Free printable cute-mouse-lantern-festival-co coloring page! Download this cute JPG for kids and adults. #coloringpages #freeprintable #cute","https://tinyanimalworlds.com/coloring/cute-mouse-lantern-festival-co","Cozy Coloring Pages","cute-mouse-lantern-festival-co, coloring pages, free printable, cute coloring"
"cute-mouse-sewing-room-colorin","Free printable cute-mouse-sewing-room-colorin coloring page! Download this cute JPG for kids and adults. #coloringpages #freeprintable #cute","https://tinyanimalworlds.com/coloring/cute-mouse-sewing-room-colorin","Cozy Coloring Pages","cute-mouse-sewing-room-colorin, coloring pages, free printable, cute coloring"
"cute-duck-bakery-cottage-color","Free printable cute-duck-bakery-cottage-color coloring page! Download this cute JPG for kids and adults. #coloringpages #freeprintable #cute","https://tinyanimalworlds.com/coloring/cute-duck-bakery-cottage-color","Cozy Coloring Pages","cute-duck-bakery-cottage-color, coloring pages, free printable, cute coloring"
"cute-squirrel-treehouse-colori","Free printable cute-squirrel-treehouse-colori coloring page! Download this cute JPG for kids and adults. #coloringpages #freeprintable #cute","https://tinyanimalworlds.com/coloring/cute-squirrel-treehouse-colori","Cozy Coloring Pages","cute-squirrel-treehouse-colori, coloring pages, free printable, cute coloring"
"cute-bear-apple-orchard-colori","Free printable cute-bear-apple-orchard-colori coloring page! Download this cute JPG for kids and adults. #coloringpages #freeprintable #cute","https://tinyanimalworlds.com/coloring/cute-bear-apple-orchard-colori","Cute Animal Coloring Pages","cute-bear-apple-orchard-colori, coloring pages, free printable, cute coloring"
"cute-fox-lantern-festival-colo","Free printable cute-fox-lantern-festival-colo coloring page! Download this cute JPG for kids and adults. #coloringpages #freeprintable #cute","https://tinyanimalworlds.com/coloring/cute-fox-lantern-festival-colo","Cozy Coloring Pages","cute-fox-lantern-festival-colo, coloring pages, free printable, cute coloring"
"cute-frog-countryside-market-c","Free printable cute-frog-countryside-market-c coloring page! Download this cute JPG for kids and adults. #coloringpages #freeprintable #cute","https://tinyanimalworlds.com/coloring/cute-frog-countryside-market-c","Cozy Coloring Pages","cute-frog-countryside-market-c, coloring pages, free printable, cute coloring"
"cute-penguin-ice-cream-shop-co","Free printable cute-penguin-ice-cream-shop-co coloring page! Download this cute JPG for kids and adults. #coloringpages #freeprintable #cute","https://tinyanimalworlds.com/coloring/cute-penguin-ice-cream-shop-co","Cozy Coloring Pages","cute-penguin-ice-cream-shop-co, coloring pages, free printable, cute coloring"
"cute-bunny-fairy-garden-colori","Free printable cute-bunny-fairy-garden-colori coloring page! Download this cute JPG for kids and adults. #coloringpages #freeprintable #cute","https://tinyanimalworlds.com/coloring/cute-bunny-fairy-garden-colori","Cozy Coloring Pages","cute-bunny-fairy-garden-colori, coloring pages, free printable, cute coloring"
"cute-duck-bakery-wagon-colorin","Free printable cute-duck-bakery-wagon-colorin coloring page! Download this cute JPG for kids and adults. #coloringpages #freeprintable #cute","https://tinyanimalworlds.com/coloring/cute-duck-bakery-wagon-colorin","Cozy Coloring Pages","cute-duck-bakery-wagon-colorin, coloring pages, free printable, cute coloring"
"cute-bear-honey-shop","Free printable cute-bear-honey-shop coloring page! Download this cute JPG for kids and adults. #coloringpages #freeprintable #cute","https://tinyanimalworlds.com/coloring/cute-bear-honey-shop","Cozy Coloring Pages","cute-bear-honey-shop, coloring pages, free printable, cute coloring"
"cute-squirrel-riverside-caf-c","Free printable cute-squirrel-riverside-caf-c coloring page! Download this cute JPG for kids and adults. #coloringpages #freeprintable #cute","https://tinyanimalworlds.com/coloring/cute-squirrel-riverside-caf-c","Cozy Coloring Pages","cute-squirrel-riverside-caf-c, coloring pages, free printable, cute coloring"
"cute-animal-fantasy-village-co","Free printable cute-animal-fantasy-village-co coloring page! Download this cute JPG for kids and adults. #coloringpages #freeprintable #cute","https://tinyanimalworlds.com/coloring/cute-animal-fantasy-village-co","Cozy Coloring Pages","cute-animal-fantasy-village-co, coloring pages, free printable, cute coloring"
"cute-animal-village","Free printable cute-animal-village coloring page! Download this cute JPG for kids and adults. #coloringpages #freeprintable #cute","https://tinyanimalworlds.com/coloring/cute-animal-village","Cozy Coloring Pages","cute-animal-village, coloring pages, free printable, cute coloring"
"cute-cat-bookshop","Free printable cute-cat-bookshop coloring page! Download this cute JPG for kids and adults. #coloringpages #freeprintable #cute","https://tinyanimalworlds.com/coloring/cute-cat-bookshop","Cozy Coloring Pages","cute-cat-bookshop, coloring pages, free printable, cute coloring"
"cute-hamster-candy-cart-colori","Free printable cute-hamster-candy-cart-colori coloring page! Download this cute JPG for kids and adults. #coloringpages #freeprintable #cute","https://tinyanimalworlds.com/coloring/cute-hamster-candy-cart-colori","Cozy Coloring Pages","cute-hamster-candy-cart-colori, coloring pages, free printable, cute coloring"
"cute-bunny-strawberry-farm-col","Free printable cute-bunny-strawberry-farm-col coloring page! Download this cute JPG for kids and adults. #coloringpages #freeprintable #cute","https://tinyanimalworlds.com/coloring/cute-bunny-strawberry-farm-col","Cozy Coloring Pages","cute-bunny-strawberry-farm-col, coloring pages, free printable, cute coloring"
"cute-hamster-candy-house-color","Free printable cute-hamster-candy-house-color coloring page! Download this cute JPG for kids and adults. #coloringpages #freeprintable #cute","https://tinyanimalworlds.com/coloring/cute-hamster-candy-house-color","Cozy Coloring Pages","cute-hamster-candy-house-color, coloring pages, free printable, cute coloring"
"cute-cat-knitting-room-colorin","Free printable cute-cat-knitting-room-colorin coloring page! Download this cute JPG for kids and adults. #coloringpages #freeprintable #cute","https://tinyanimalworlds.com/coloring/cute-cat-knitting-room-colorin","Cozy Coloring Pages","cute-cat-knitting-room-colorin, coloring pages, free printable, cute coloring"
"cute-fox-tea-cottage","Free printable cute-fox-tea-cottage coloring page! Download this cute JPG for kids and adults. #coloringpages #freeprintable #cute","https://tinyanimalworlds.com/coloring/cute-fox-tea-cottage","Cozy Coloring Pages","cute-fox-tea-cottage, coloring pages, free printable, cute coloring"
"cute-frog-flower-market-colori","Free printable cute-frog-flower-market-colori coloring page! Download this cute JPG for kids and adults. #coloringpages #freeprintable #cute","https://tinyanimalworlds.com/coloring/cute-frog-flower-market-colori","Cozy Coloring Pages","cute-frog-flower-market-colori, coloring pages, free printable, cute coloring"
"cute-mouse-moonlight-garden-co","Free printable cute-mouse-moonlight-garden-co coloring page! Download this cute JPG for kids and adults. #coloringpages #freeprintable #cute","https://tinyanimalworlds.com/coloring/cute-mouse-moonlight-garden-co","Cozy Coloring Pages","cute-mouse-moonlight-garden-co, coloring pages, free printable, cute coloring"
"cute-fox-bookstore","Free printable cute-fox-bookstore coloring page! Download this cute JPG for kids and adults. #coloringpages #freeprintable #cute","https://tinyanimalworlds.com/coloring/cute-fox-bookstore","Cozy Coloring Pages","cute-fox-bookstore, coloring pages, free printable, cute coloring"
"cute-rabbit-village-bakery-col","Free printable cute-rabbit-village-bakery-col coloring page! Download this cute JPG for kids and adults. #coloringpages #freeprintable #cute","https://tinyanimalworlds.com/coloring/cute-rabbit-village-bakery-col","Cozy Coloring Pages","cute-rabbit-village-bakery-col, coloring pages, free printable, cute coloring"
"cute-deer-forest-library-color","Free printable cute-deer-forest-library-color coloring page! Download this cute JPG for kids and adults. #coloringpages #freeprintable #cute","https://tinyanimalworlds.com/coloring/cute-deer-forest-library-color","Cozy Coloring Pages","cute-deer-forest-library-color, coloring pages, free printable, cute coloring"
"cute-duck-flower-greenhouse-co","Free printable cute-duck-flower-greenhouse-co coloring page! Download this cute JPG for kids and adults. #coloringpages #freeprintable #cute","https://tinyanimalworlds.com/coloring/cute-duck-flower-greenhouse-co","Cozy Coloring Pages","cute-duck-flower-greenhouse-co, coloring pages, free printable, cute coloring"
"cute-penguin-snow-caf-colorin","Free printable cute-penguin-snow-caf-colorin coloring page! Download this cute JPG for kids and adults. #coloringpages #freeprintable #cute","https://tinyanimalworlds.com/coloring/cute-penguin-snow-caf-colorin","Cute Animal Coloring Pages","cute-penguin-snow-caf-colorin, coloring pages, free printable, cute coloring"
"cute-raccoon-candy-shop-colori","Free printable cute-raccoon-candy-shop-colori coloring page! Download this cute JPG for kids and adults. #coloringpages #freeprintable #cute","https://tinyanimalworlds.com/coloring/cute-raccoon-candy-shop-colori","Cozy Coloring Pages","cute-raccoon-candy-shop-colori, coloring pages, free printable, cute coloring"
"cute-squirrel-acorn-caf-color","Free printable cute-squirrel-acorn-caf-color coloring page! Download this cute JPG for kids and adults. #coloringpages #freeprintable #cute","https://tinyanimalworlds.com/coloring/cute-squirrel-acorn-caf-color","Cute Animal Coloring Pages","cute-squirrel-acorn-caf-color, coloring pages, free printable, cute coloring"
"cute-squirrel-village-square-c","Free printable cute-squirrel-village-square-c coloring page! Download this cute JPG for kids and adults. #coloringpages #freeprintable #cute","https://tinyanimalworlds.com/coloring/cute-squirrel-village-square-c","Cozy Coloring Pages","cute-squirrel-village-square-c, coloring pages, free printable, cute coloring"
"cute-bear-reading-nook-colorin","Free printable cute-bear-reading-nook-colorin coloring page! Download this cute JPG for kids and adults. #coloringpages #freeprintable #cute","https://tinyanimalworlds.com/coloring/cute-bear-reading-nook-colorin","Cozy Coloring Pages","cute-bear-reading-nook-colorin, coloring pages, free printable, cute coloring"
"cute-bunny-cottage","Free printable cute-bunny-cottage coloring page! Download this cute JPG for kids and adults. #coloringpages #freeprintable #cute","https://tinyanimalworlds.com/coloring/cute-bunny-cottage","Cozy Coloring Pages","cute-bunny-cottage, coloring pages, free printable, cute coloring"
"cute-hedgehog-pumpkin-farm-col","Free printable cute-hedgehog-pumpkin-farm-col coloring page! Download this cute JPG for kids and adults. #coloringpages #freeprintable #cute","https://tinyanimalworlds.com/coloring/cute-hedgehog-pumpkin-farm-col","Cozy Coloring Pages","cute-hedgehog-pumpkin-farm-col, coloring pages, free printable, cute coloring"
"cute-otter-tea-house","Free printable cute-otter-tea-house coloring page! Download this cute JPG for kids and adults. #coloringpages #freeprintable #cute","https://tinyanimalworlds.com/coloring/cute-otter-tea-house","Cozy Coloring Pages","cute-otter-tea-house, coloring pages, free printable, cute coloring"
"cute-hamster-toy-shop","Free printable cute-hamster-toy-shop coloring page! Download this cute JPG for kids and adults. #coloringpages #freeprintable #cute","https://tinyanimalworlds.com/coloring/cute-hamster-toy-shop","Cozy Coloring Pages","cute-hamster-toy-shop, coloring pages, free printable, cute coloring"
"cute-squirrel-woodland-library","Free printable cute-squirrel-woodland-library coloring page! Download this cute JPG for kids and adults. #coloringpages #freeprintable #cute","https://tinyanimalworlds.com/coloring/cute-squirrel-woodland-library","Cozy Coloring Pages","cute-squirrel-woodland-library, coloring pages, free printable, cute coloring"
"cute-frog-flower-bakery-colori","Free printable cute-frog-flower-bakery-colori coloring page! Download this cute JPG for kids and adults. #coloringpages #freeprintable #cute","https://tinyanimalworlds.com/coloring/cute-frog-flower-bakery-colori","Cozy Coloring Pages","cute-frog-flower-bakery-colori, coloring pages, free printable, cute coloring"
"cute-hedgehog-garden","Free printable cute-hedgehog-garden coloring page! Download this cute JPG for kids and adults. #coloringpages #freeprintable #cute","https://tinyanimalworlds.com/coloring/cute-hedgehog-garden","Cozy Coloring Pages","cute-hedgehog-garden, coloring pages, free printable, cute coloring"
"cute-duck-flower-shop","Free printable cute-duck-flower-shop coloring page! Download this cute JPG for kids and adults. #coloringpages #freeprintable #cute","https://tinyanimalworlds.com/coloring/cute-duck-flower-shop","Cozy Coloring Pages","cute-duck-flower-shop, coloring pages, free printable, cute coloring"
"cute-fox-forest-bookstore-colo","Free printable cute-fox-forest-bookstore-colo coloring page! Download this cute JPG for kids and adults. #coloringpages #freeprintable #cute","https://tinyanimalworlds.com/coloring/cute-fox-forest-bookstore-colo","Cozy Coloring Pages","cute-fox-forest-bookstore-colo, coloring pages, free printable, cute coloring"
"cute-bunny-strawberry-caf-col","Free printable cute-bunny-strawberry-caf-col coloring page! Download this cute JPG for kids and adults. #coloringpages #freeprintable #cute","https://tinyanimalworlds.com/coloring/cute-bunny-strawberry-caf-col","Cozy Coloring Pages","cute-bunny-strawberry-caf-col, coloring pages, free printable, cute coloring"
"cute-mouse-bakery","Free printable cute-mouse-bakery coloring page! Download this cute JPG for kids and adults. #coloringpages #freeprintable #cute","https://tinyanimalworlds.com/coloring/cute-mouse-bakery","Cozy Coloring Pages","cute-mouse-bakery, coloring pages, free printable, cute coloring"
"cute-mouse-fairy-cottage-color","Free printable cute-mouse-fairy-cottage-color coloring page! Download this cute JPG for kids and adults. #coloringpages #freeprintable #cute","https://tinyanimalworlds.com/coloring/cute-mouse-fairy-cottage-color","Cozy Coloring Pages","cute-mouse-fairy-cottage-color, coloring pages, free printable, cute coloring"
"cute-unicorn-fairy-forest-colo","Free printable cute-unicorn-fairy-forest-colo coloring page! Download this cute JPG for kids and adults. #coloringpages #freeprintable #cute","https://tinyanimalworlds.com/coloring/cute-unicorn-fairy-forest-colo","Best Coloring Pages","cute-unicorn-fairy-forest-colo, coloring pages, free printable, cute coloring"
"cute-duck-ice-cream-stand-colo","Free printable cute-duck-ice-cream-stand-colo coloring page! Download this cute JPG for kids and adults. #coloringpages #freeprintable #cute","https://tinyanimalworlds.com/coloring/cute-duck-ice-cream-stand-colo","Cute Animal Coloring Pages","cute-duck-ice-cream-stand-colo, coloring pages, free printable, cute coloring"
"cute-penguin-winter-wonderland","Free printable cute-penguin-winter-wonderland coloring page! Download this cute JPG for kids and adults. #coloringpages #freeprintable #cute","https://tinyanimalworlds.com/coloring/cute-penguin-winter-wonderland","Cozy Coloring Pages","cute-penguin-winter-wonderland, coloring pages, free printable, cute coloring"
"cute-bear-winter-cabin-colorin","Free printable cute-bear-winter-cabin-colorin coloring page! Download this cute JPG for kids and adults. #coloringpages #freeprintable #cute","https://tinyanimalworlds.com/coloring/cute-bear-winter-cabin-colorin","Cozy Coloring Pages","cute-bear-winter-cabin-colorin, coloring pages, free printable, cute coloring"
"cute-cat-greenhouse","Free printable cute-cat-greenhouse coloring page! Download this cute JPG for kids and adults. #coloringpages #freeprintable #cute","https://tinyanimalworlds.com/coloring/cute-cat-greenhouse","Cozy Coloring Pages","cute-cat-greenhouse, coloring pages, free printable, cute coloring"
"cute-hamster-bookstore-colorin","Free printable cute-hamster-bookstore-colorin coloring page! Download this cute JPG for kids and adults. #coloringpages #freeprintable #cute","https://tinyanimalworlds.com/coloring/cute-hamster-bookstore-colorin","Cozy Coloring Pages","cute-hamster-bookstore-colorin, coloring pages, free printable, cute coloring"
"cute-squirrel-lantern-shop-col","Free printable cute-squirrel-lantern-shop-col coloring page! Download this cute JPG for kids and adults. #coloringpages #freeprintable #cute","https://tinyanimalworlds.com/coloring/cute-squirrel-lantern-shop-col","Cozy Coloring Pages","cute-squirrel-lantern-shop-col, coloring pages, free printable, cute coloring"
"cute-bear-honey-farm","Free printable cute-bear-honey-farm coloring page! Download this cute JPG for kids and adults. #coloringpages #freeprintable #cute","https://tinyanimalworlds.com/coloring/cute-bear-honey-farm","Cozy Coloring Pages","cute-bear-honey-farm, coloring pages, free printable, cute coloring"
"cute-cat-caf","Free printable cute-cat-caf coloring page! Download this cute JPG for kids and adults. #coloringpages #freeprintable #cute","https://tinyanimalworlds.com/coloring/cute-cat-caf","Cute Animal Coloring Pages","cute-cat-caf, coloring pages, free printable, cute coloring"
"cute-fox-mushroom-house-colori","Free printable cute-fox-mushroom-house-colori coloring page! Download this cute JPG for kids and adults. #coloringpages #freeprintable #cute","https://tinyanimalworlds.com/coloring/cute-fox-mushroom-house-colori","Cozy Coloring Pages","cute-fox-mushroom-house-colori, coloring pages, free printable, cute coloring"
"cute-hamster-bakery-truck-colo","Free printable cute-hamster-bakery-truck-colo coloring page! Download this cute JPG for kids and adults. #coloringpages #freeprintable #cute","https://tinyanimalworlds.com/coloring/cute-hamster-bakery-truck-colo","Cozy Coloring Pages","cute-hamster-bakery-truck-colo, coloring pages, free printable, cute coloring"
"cute-rabbit-flower-cottage-col","Free printable cute-rabbit-flower-cottage-col coloring page! Download this cute JPG for kids and adults. #coloringpages #freeprintable #cute","https://tinyanimalworlds.com/coloring/cute-rabbit-flower-cottage-col","Cozy Coloring Pages","cute-rabbit-flower-cottage-col, coloring pages, free printable, cute coloring"
"cute-rabbit-tea-party","Free printable cute-rabbit-tea-party coloring page! Download this cute JPG for kids and adults. #coloringpages #freeprintable #cute","https://tinyanimalworlds.com/coloring/cute-rabbit-tea-party","Cozy Coloring Pages","cute-rabbit-tea-party, coloring pages, free printable, cute coloring"
"cute-duck-rainy-day-caf-color","Free printable cute-duck-rainy-day-caf-color coloring page! Download this cute JPG for kids and adults. #coloringpages #freeprintable #cute","https://tinyanimalworlds.com/coloring/cute-duck-rainy-day-caf-color","Cozy Coloring Pages","cute-duck-rainy-day-caf-color, coloring pages, free printable, cute coloring"
"cute-fox-stargazing-camp-color","Free printable cute-fox-stargazing-camp-color coloring page! Download this cute JPG for kids and adults. #coloringpages #freeprintable #cute","https://tinyanimalworlds.com/coloring/cute-fox-stargazing-camp-color","Cozy Coloring Pages","cute-fox-stargazing-camp-color, coloring pages, free printable, cute coloring"
"cute-fox-book-caf","Free printable cute-fox-book-caf coloring page! Download this cute JPG for kids and adults. #coloringpages #freeprintable #cute","https://tinyanimalworlds.com/coloring/cute-fox-book-caf","Cozy Coloring Pages","cute-fox-book-caf, coloring pages, free printable, cute coloring"
"cute-frog-bakery","Free printable cute-frog-bakery coloring page! Download this cute JPG for kids and adults. #coloringpages #freeprintable #cute","https://tinyanimalworlds.com/coloring/cute-frog-bakery","Cozy Coloring Pages","cute-frog-bakery, coloring pages, free printable, cute coloring"
"cute-duck-lakeside-picnic-colo","Free printable cute-duck-lakeside-picnic-colo coloring page! Download this cute JPG for kids and adults. #coloringpages #freeprintable #cute","https://tinyanimalworlds.com/coloring/cute-duck-lakeside-picnic-colo","Cozy Coloring Pages","cute-duck-lakeside-picnic-colo, coloring pages, free printable, cute coloring"
"cute-mouse-toy-workshop-colori","Free printable cute-mouse-toy-workshop-colori coloring page! Download this cute JPG for kids and adults. #coloringpages #freeprintable #cute","https://tinyanimalworlds.com/coloring/cute-mouse-toy-workshop-colori","Cozy Coloring Pages","cute-mouse-toy-workshop-colori, coloring pages, free printable, cute coloring"
"cute-cat-rain-window","Free printable cute-cat-rain-window coloring page! Download this cute JPG for kids and adults. #coloringpages #freeprintable #cute","https://tinyanimalworlds.com/coloring/cute-cat-rain-window","Cute Animal Coloring Pages","cute-cat-rain-window, coloring pages, free printable, cute coloring"
"cute-squirrel-cookie-shop-colo","Free printable cute-squirrel-cookie-shop-colo coloring page! Download this cute JPG for kids and adults. #coloringpages #freeprintable #cute","https://tinyanimalworlds.com/coloring/cute-squirrel-cookie-shop-colo","Cozy Coloring Pages","cute-squirrel-cookie-shop-colo, coloring pages, free printable, cute coloring"
"cute-bear-berry-farm","Free printable cute-bear-berry-farm coloring page! Download this cute JPG for kids and adults. #coloringpages #freeprintable #cute","https://tinyanimalworlds.com/coloring/cute-bear-berry-farm","Cozy Coloring Pages","cute-bear-berry-farm, coloring pages, free printable, cute coloring"
"cute-bunny-knitting-club-color","Free printable cute-bunny-knitting-club-color coloring page! Download this cute JPG for kids and adults. #coloringpages #freeprintable #cute","https://tinyanimalworlds.com/coloring/cute-bunny-knitting-club-color","Cozy Coloring Pages","cute-bunny-knitting-club-color, coloring pages, free printable, cute coloring"
"cute-penguin-bakery","Free printable cute-penguin-bakery coloring page! Download this cute JPG for kids and adults. #coloringpages #freeprintable #cute","https://tinyanimalworlds.com/coloring/cute-penguin-bakery","Cozy Coloring Pages","cute-penguin-bakery, coloring pages, free printable, cute coloring"
"cute-frog-mushroom-village-col","Free printable cute-frog-mushroom-village-col coloring page! Download this cute JPG for kids and adults. #coloringpages #freeprintable #cute","https://tinyanimalworlds.com/coloring/cute-frog-mushroom-village-col","Cozy Coloring Pages","cute-frog-mushroom-village-col, coloring pages, free printable, cute coloring"
"cute-fox-autumn-cottage-colori","Free printable cute-fox-autumn-cottage-colori coloring page! Download this cute JPG for kids and adults. #coloringpages #freeprintable #cute","https://tinyanimalworlds.com/coloring/cute-fox-autumn-cottage-colori","Cozy Coloring Pages","cute-fox-autumn-cottage-colori, coloring pages, free printable, cute coloring"
"cute-bunny-picnic-party-colori","Free printable cute-bunny-picnic-party-colori coloring page! Download this cute JPG for kids and adults. #coloringpages #freeprintable #cute","https://tinyanimalworlds.com/coloring/cute-bunny-picnic-party-colori","Cozy Coloring Pages","cute-bunny-picnic-party-colori, coloring pages, free printable, cute coloring"
"cute-mouse-mushroom-bakery-col","Free printable cute-mouse-mushroom-bakery-col coloring page! Download this cute JPG for kids and adults. #coloringpages #freeprintable #cute","https://tinyanimalworlds.com/coloring/cute-mouse-mushroom-bakery-col","Cozy Coloring Pages","cute-mouse-mushroom-bakery-col, coloring pages, free printable, cute coloring"
"cute-hedgehog-library","Free printable cute-hedgehog-library coloring page! Download this cute JPG for kids and adults. #coloringpages #freeprintable #cute","https://tinyanimalworlds.com/coloring/cute-hedgehog-library","Cozy Coloring Pages","cute-hedgehog-library, coloring pages, free printable, cute coloring"
"cute-mouse-tea-garden","Free printable cute-mouse-tea-garden coloring page! Download this cute JPG for kids and adults. #coloringpages #freeprintable #cute","https://tinyanimalworlds.com/coloring/cute-mouse-tea-garden","Cozy Coloring Pages","cute-mouse-tea-garden, coloring pages, free printable, cute coloring"
"cute-rabbit-candle-shop-colori","Free printable cute-rabbit-candle-shop-colori coloring page! Download this cute JPG for kids and adults. #coloringpages #freeprintable #cute","https://tinyanimalworlds.com/coloring/cute-rabbit-candle-shop-colori","Cozy Coloring Pages","cute-rabbit-candle-shop-colori, coloring pages, free printable, cute coloring"
"cute-duck-farmer-market-colori","Free printable cute-duck-farmer-market-colori coloring page! Download this cute JPG for kids and adults. #coloringpages #freeprintable #cute","https://tinyanimalworlds.com/coloring/cute-duck-farmer-market-colori","Cozy Coloring Pages","cute-duck-farmer-market-colori, coloring pages, free printable, cute coloring"
"cute-cat-music-room","Free printable cute-cat-music-room coloring page! Download this cute JPG for kids and adults. #coloringpages #freeprintable #cute","https://tinyanimalworlds.com/coloring/cute-cat-music-room","Cozy Coloring Pages","cute-cat-music-room, coloring pages, free printable, cute coloring"
"cute-squirrel-jam-shop-colorin","Free printable cute-squirrel-jam-shop-colorin coloring page! Download this cute JPG for kids and adults. #coloringpages #freeprintable #cute","https://tinyanimalworlds.com/coloring/cute-squirrel-jam-shop-colorin","Cozy Coloring Pages","cute-squirrel-jam-shop-colorin, coloring pages, free printable, cute coloring"
"cute-bear-fishing-cabin-colori","Free printable cute-bear-fishing-cabin-colori coloring page! Download this cute JPG for kids and adults. #coloringpages #freeprintable #cute","https://tinyanimalworlds.com/coloring/cute-bear-fishing-cabin-colori","Cozy Coloring Pages","cute-bear-fishing-cabin-colori, coloring pages, free printable, cute coloring"
"cute-hamster-train-station-col","Free printable cute-hamster-train-station-col coloring page! Download this cute JPG for kids and adults. #coloringpages #freeprintable #cute","https://tinyanimalworlds.com/coloring/cute-hamster-train-station-col","Cute Animal Coloring Pages","cute-hamster-train-station-col, coloring pages, free printable, cute coloring"
"cute-fox-pancake-caf","Free printable cute-fox-pancake-caf coloring page! Download this cute JPG for kids and adults. #coloringpages #freeprintable #cute","https://tinyanimalworlds.com/coloring/cute-fox-pancake-caf","Cute Animal Coloring Pages","cute-fox-pancake-caf, coloring pages, free printable, cute coloring"
"cute-bunny-flower-cart-colorin","Free printable cute-bunny-flower-cart-colorin coloring page! Download this cute JPG for kids and adults. #coloringpages #freeprintable #cute","https://tinyanimalworlds.com/coloring/cute-bunny-flower-cart-colorin","Cozy Coloring Pages","cute-bunny-flower-cart-colorin, coloring pages, free printable, cute coloring"
"cute-bunny-picnic-meadow-color","Free printable cute-bunny-picnic-meadow-color coloring page! Download this cute JPG for kids and adults. #coloringpages #freeprintable #cute","https://tinyanimalworlds.com/coloring/cute-bunny-picnic-meadow-color","Cozy Coloring Pages","cute-bunny-picnic-meadow-color, coloring pages, free printable, cute coloring"
"cute-fox-cozy-reading-room-col","Free printable cute-fox-cozy-reading-room-col coloring page! Download this cute JPG for kids and adults. #coloringpages #freeprintable #cute","https://tinyanimalworlds.com/coloring/cute-fox-cozy-reading-room-col","Cozy Coloring Pages","cute-fox-cozy-reading-room-col, coloring pages, free printable, cute coloring"
"cute-frog-post-office","Free printable cute-frog-post-office coloring page! Download this cute JPG for kids and adults. #coloringpages #freeprintable #cute","https://tinyanimalworlds.com/coloring/cute-frog-post-office","Cute Animal Coloring Pages","cute-frog-post-office, coloring pages, free printable, cute coloring"
"cute-bear-flower-wagon-colorin","Free printable cute-bear-flower-wagon-colorin coloring page! Download this cute JPG for kids and adults. #coloringpages #freeprintable #cute","https://tinyanimalworlds.com/coloring/cute-bear-flower-wagon-colorin","Cozy Coloring Pages","cute-bear-flower-wagon-colorin, coloring pages, free printable, cute coloring"
"cute-mouse-cheese-shop-colorin","Free printable cute-mouse-cheese-shop-colorin coloring page! Download this cute JPG for kids and adults. #coloringpages #freeprintable #cute","https://tinyanimalworlds.com/coloring/cute-mouse-cheese-shop-colorin","Cozy Coloring Pages","cute-mouse-cheese-shop-colorin, coloring pages, free printable, cute coloring"
"cute-deer-flower-meadow-colori","Free printable cute-deer-flower-meadow-colori coloring page! Download this cute JPG for kids and adults. #coloringpages #freeprintable #cute","https://tinyanimalworlds.com/coloring/cute-deer-flower-meadow-colori","Cozy Coloring Pages","cute-deer-flower-meadow-colori, coloring pages, free printable, cute coloring"
"cute-duck-countryside-cottage","Free printable cute-duck-countryside-cottage coloring page! Download this cute JPG for kids and adults. #coloringpages #freeprintable #cute","https://tinyanimalworlds.com/coloring/cute-duck-countryside-cottage","Cozy Coloring Pages","cute-duck-countryside-cottage, coloring pages, free printable, cute coloring"
"cute-cat-cupcake-bakery-colori","Free printable cute-cat-cupcake-bakery-colori coloring page! Download this cute JPG for kids and adults. #coloringpages #freeprintable #cute","https://tinyanimalworlds.com/coloring/cute-cat-cupcake-bakery-colori","Cozy Coloring Pages","cute-cat-cupcake-bakery-colori, coloring pages, free printable, cute coloring"
"cute-hedgehog-autumn-bakery-co","Free printable cute-hedgehog-autumn-bakery-co coloring page! Download this cute JPG for kids and adults. #coloringpages #freeprintable #cute","https://tinyanimalworlds.com/coloring/cute-hedgehog-autumn-bakery-co","Cozy Coloring Pages","cute-hedgehog-autumn-bakery-co, coloring pages, free printable, cute coloring"
"cute-bear-camping-scene-colori","Free printable cute-bear-camping-scene-colori coloring page! Download this cute JPG for kids and adults. #coloringpages #freeprintable #cute","https://tinyanimalworlds.com/coloring/cute-bear-camping-scene-colori","Cozy Coloring Pages","cute-bear-camping-scene-colori, coloring pages, free printable, cute coloring"
"cute-penguin-reading-room-colo","Free printable cute-penguin-reading-room-colo coloring page! Download this cute JPG for kids and adults. #coloringpages #freeprintable #cute","https://tinyanimalworlds.com/coloring/cute-penguin-reading-room-colo","Cozy Coloring Pages","cute-penguin-reading-room-colo, coloring pages, free printable, cute coloring"
"cat-treehouse-village","Free printable cat-treehouse-village coloring page! Download this cute JPG for kids and adults. #coloringpages #freeprintable #cute","https://tinyanimalworlds.com/coloring/cat-treehouse-village","Cozy Coloring Pages","cat-treehouse-village, coloring pages, free printable, cute coloring"
"cat-walking-through-cozy-villa","Free printable cat-walking-through-cozy-villa coloring page! Download this cute JPG for kids and adults. #coloringpages #freeprintable #cute","https://tinyanimalworlds.com/coloring/cat-walking-through-cozy-villa","Cozy Coloring Pages","cat-walking-through-cozy-villa, coloring pages, free printable, cute coloring"
"cat-sewing-room","Free printable cat-sewing-room coloring page! Download this cute JPG for kids and adults. #coloringpages #freeprintable #cute","https://tinyanimalworlds.com/coloring/cat-sewing-room","Cozy Coloring Pages","cat-sewing-room, coloring pages, free printable, cute coloring"
"cat-coffee-shop-with-outdoor-s","Free printable cat-coffee-shop-with-outdoor-s coloring page! Download this cute JPG for kids and adults. #coloringpages #freeprintable #cute","https://tinyanimalworlds.com/coloring/cat-coffee-shop-with-outdoor-s","Cozy Coloring Pages","cat-coffee-shop-with-outdoor-s, coloring pages, free printable, cute coloring"
"cat-gardening-in-backyard","Free printable cat-gardening-in-backyard coloring page! Download this cute JPG for kids and adults. #coloringpages #freeprintable #cute","https://tinyanimalworlds.com/coloring/cat-gardening-in-backyard","Cozy Coloring Pages","cat-gardening-in-backyard, coloring pages, free printable, cute coloring"
"cat-bedroom-with-blankets-and","Free printable cat-bedroom-with-blankets-and coloring page! Download this cute JPG for kids and adults. #coloringpages #freeprintable #cute","https://tinyanimalworlds.com/coloring/cat-bedroom-with-blankets-and","Cozy Coloring Pages","cat-bedroom-with-blankets-and, coloring pages, free printable, cute coloring"
"cat-kitchen-baking-cookies","Free printable cat-kitchen-baking-cookies coloring page! Download this cute JPG for kids and adults. #coloringpages #freeprintable #cute","https://tinyanimalworlds.com/coloring/cat-kitchen-baking-cookies","Cozy Coloring Pages","cat-kitchen-baking-cookies, coloring pages, free printable, cute coloring"
"cat-farmers-market","Free printable cat-farmers-market coloring page! Download this cute JPG for kids and adults. #coloringpages #freeprintable #cute","https://tinyanimalworlds.com/coloring/cat-farmers-market","Cozy Coloring Pages","cat-farmers-market, coloring pages, free printable, cute coloring"
"cat-picnic-in-flower-meadow","Free printable cat-picnic-in-flower-meadow coloring page! Download this cute JPG for kids and adults. #coloringpages #freeprintable #cute","https://tinyanimalworlds.com/coloring/cat-picnic-in-flower-meadow","Cozy Coloring Pages","cat-picnic-in-flower-meadow, coloring pages, free printable, cute coloring"
"cat-candle-shop","Free printable cat-candle-shop coloring page! Download this cute JPG for kids and adults. #coloringpages #freeprintable #cute","https://tinyanimalworlds.com/coloring/cat-candle-shop","Cozy Coloring Pages","cat-candle-shop, coloring pages, free printable, cute coloring"
"all-village-cats-celebrating-t","Free printable all-village-cats-celebrating-t coloring page! Download this cute JPG for kids and adults. #coloringpages #freeprintable #cute","https://tinyanimalworlds.com/coloring/all-village-cats-celebrating-t","Cozy Coloring Pages","all-village-cats-celebrating-t, coloring pages, free printable, cute coloring"
"cat-artist-studio","Free printable cat-artist-studio coloring page! Download this cute JPG for kids and adults. #coloringpages #freeprintable #cute","https://tinyanimalworlds.com/coloring/cat-artist-studio","Cute Animal Coloring Pages","cat-artist-studio, coloring pages, free printable, cute coloring"
"cat-library-inside-treehouse","Free printable cat-library-inside-treehouse coloring page! Download this cute JPG for kids and adults. #coloringpages #freeprintable #cute","https://tinyanimalworlds.com/coloring/cat-library-inside-treehouse","Cozy Coloring Pages","cat-library-inside-treehouse, coloring pages, free printable, cute coloring"
"cat-reading-under-rainy-window","Free printable cat-reading-under-rainy-window coloring page! Download this cute JPG for kids and adults. #coloringpages #freeprintable #cute","https://tinyanimalworlds.com/coloring/cat-reading-under-rainy-window","Cozy Coloring Pages","cat-reading-under-rainy-window, coloring pages, free printable, cute coloring"
"cat-flower-shop-village-street","Free printable cat-flower-shop-village-street coloring page! Download this cute JPG for kids and adults. #coloringpages #freeprintable #cute","https://tinyanimalworlds.com/coloring/cat-flower-shop-village-street","Cozy Coloring Pages","cat-flower-shop-village-street, coloring pages, free printable, cute coloring"
"cat-knitting-by-fireplace","Free printable cat-knitting-by-fireplace coloring page! Download this cute JPG for kids and adults. #coloringpages #freeprintable #cute","https://tinyanimalworlds.com/coloring/cat-knitting-by-fireplace","Cozy Coloring Pages","cat-knitting-by-fireplace, coloring pages, free printable, cute coloring"
"cat-greenhouse-full-of-plants","Free printable cat-greenhouse-full-of-plants coloring page! Download this cute JPG for kids and adults. #coloringpages #freeprintable #cute","https://tinyanimalworlds.com/coloring/cat-greenhouse-full-of-plants","Cozy Coloring Pages","cat-greenhouse-full-of-plants, coloring pages, free printable, cute coloring"
"cat-tea-room-with-pastries","Free printable cat-tea-room-with-pastries coloring page! Download this cute JPG for kids and adults. #coloringpages #freeprintable #cute","https://tinyanimalworlds.com/coloring/cat-tea-room-with-pastries","Cozy Coloring Pages","cat-tea-room-with-pastries, coloring pages, free printable, cute coloring"
"cat-cottage-beside-flower-gard","Free printable cat-cottage-beside-flower-gard coloring page! Download this cute JPG for kids and adults. #coloringpages #freeprintable #cute","https://tinyanimalworlds.com/coloring/cat-cottage-beside-flower-gard","Cozy Coloring Pages","cat-cottage-beside-flower-gard, coloring pages, free printable, cute coloring"
"cat-bookstore-with-cozy-readin","Free printable cat-bookstore-with-cozy-readin coloring page! Download this cute JPG for kids and adults. #coloringpages #freeprintable #cute","https://tinyanimalworlds.com/coloring/cat-bookstore-with-cozy-readin","Cozy Coloring Pages","cat-bookstore-with-cozy-readin, coloring pages, free printable, cute coloring"
"cat-bakery-making-bread-and-cu","Free printable cat-bakery-making-bread-and-cu coloring page! Download this cute JPG for kids and adults. #coloringpages #freeprintable #cute","https://tinyanimalworlds.com/coloring/cat-bakery-making-bread-and-cu","Cozy Coloring Pages","cat-bakery-making-bread-and-cu, coloring pages, free printable, cute coloring"
"panoramic-cat-village-scene","Free printable panoramic-cat-village-scene coloring page! Download this cute JPG for kids and adults. #coloringpages #freeprintable #cute","https://tinyanimalworlds.com/coloring/panoramic-cat-village-scene","Cozy Coloring Pages","panoramic-cat-village-scene, coloring pages, free printable, cute coloring"
"cat-cafe-with-books-and-flower","Free printable cat-cafe-with-books-and-flower coloring page! Download this cute JPG for kids and adults. #coloringpages #freeprintable #cute","https://tinyanimalworlds.com/coloring/cat-cafe-with-books-and-flower","Cozy Coloring Pages","cat-cafe-with-books-and-flower, coloring pages, free printable, cute coloring"
"cat-bookstore-cafe-combination","Free printable cat-bookstore-cafe-combination coloring page! Download this cute JPG for kids and adults. #coloringpages #freeprintable #cute","https://tinyanimalworlds.com/coloring/cat-bookstore-cafe-combination","Cozy Coloring Pages","cat-bookstore-cafe-combination, coloring pages, free printable, cute coloring"
"cat-cottage-by-pond","Free printable cat-cottage-by-pond coloring page! Download this cute JPG for kids and adults. #coloringpages #freeprintable #cute","https://tinyanimalworlds.com/coloring/cat-cottage-by-pond","Cozy Coloring Pages","cat-cottage-by-pond, coloring pages, free printable, cute coloring"
"cat-village-festival","Free printable cat-village-festival coloring page! Download this cute JPG for kids and adults. #coloringpages #freeprintable #cute","https://tinyanimalworlds.com/coloring/cat-village-festival","Cozy Coloring Pages","cat-village-festival, coloring pages, free printable, cute coloring"
"cat-sweet-shop","Free printable cat-sweet-shop coloring page! Download this cute JPG for kids and adults. #coloringpages #freeprintable #cute","https://tinyanimalworlds.com/coloring/cat-sweet-shop","Cozy Coloring Pages","cat-sweet-shop, coloring pages, free printable, cute coloring"
"cat-painting-flowers","Free printable cat-painting-flowers coloring page! Download this cute JPG for kids and adults. #coloringpages #freeprintable #cute","https://tinyanimalworlds.com/coloring/cat-painting-flowers","Cozy Coloring Pages","cat-painting-flowers, coloring pages, free printable, cute coloring"
"cat-music-room","Free printable cat-music-room coloring page! Download this cute JPG for kids and adults. #coloringpages #freeprintable #cute","https://tinyanimalworlds.com/coloring/cat-music-room","Cozy Coloring Pages","cat-music-room, coloring pages, free printable, cute coloring"
"cat-camping-under-stars","Free printable cat-camping-under-stars coloring page! Download this cute JPG for kids and adults. #coloringpages #freeprintable #cute","https://tinyanimalworlds.com/coloring/cat-camping-under-stars","Cozy Coloring Pages","cat-camping-under-stars, coloring pages, free printable, cute coloring"
"mouse-family-treehouse","Free printable mouse-family-treehouse coloring page! Download this cute JPG for kids and adults. #coloringpages #freeprintable #cute","https://tinyanimalworlds.com/coloring/mouse-family-treehouse","Tiny Animal Worlds","mouse-family-treehouse, coloring pages, free printable, cute coloring"
"squirrel-acorn-village","Free printable squirrel-acorn-village coloring page! Download this cute JPG for kids and adults. #coloringpages #freeprintable #cute","https://tinyanimalworlds.com/coloring/squirrel-acorn-village","Tiny Animal Worlds","squirrel-acorn-village, coloring pages, free printable, cute coloring"
"rabbit-burrow-town","Free printable rabbit-burrow-town coloring page! Download this cute JPG for kids and adults. #coloringpages #freeprintable #cute","https://tinyanimalworlds.com/coloring/rabbit-burrow-town","Tiny Animal Worlds","rabbit-burrow-town, coloring pages, free printable, cute coloring"
"hedgehog-hollow-home","Free printable hedgehog-hollow-home coloring page! Download this cute JPG for kids and adults. #coloringpages #freeprintable #cute","https://tinyanimalworlds.com/coloring/hedgehog-hollow-home","Tiny Animal Worlds","hedgehog-hollow-home, coloring pages, free printable, cute coloring"
"frog-pond-community","Free printable frog-pond-community coloring page! Download this cute JPG for kids and adults. #coloringpages #freeprintable #cute","https://tinyanimalworlds.com/coloring/frog-pond-community","Tiny Animal Worlds","frog-pond-community, coloring pages, free printable, cute coloring"
"thatched-roof-cottage","Free printable thatched-roof-cottage coloring page! Download this cute JPG for kids and adults. #coloringpages #freeprintable #cute","https://tinyanimalworlds.com/coloring/thatched-roof-cottage","Cottagecore Coloring","thatched-roof-cottage, coloring pages, free printable, cute coloring"
"countryside-farmhouse","Free printable countryside-farmhouse coloring page! Download this cute JPG for kids and adults. #coloringpages #freeprintable #cute","https://tinyanimalworlds.com/coloring/countryside-farmhouse","Cottagecore Coloring","countryside-farmhouse, coloring pages, free printable, cute coloring"
"ivy-covered-stone-cottage","Free printable ivy-covered-stone-cottage coloring page! Download this cute JPG for kids and adults. #coloringpages #freeprintable #cute","https://tinyanimalworlds.com/coloring/ivy-covered-stone-cottage","Cottagecore Coloring","ivy-covered-stone-cottage, coloring pages, free printable, cute coloring"
"rose-garden-bungalow","Free printable rose-garden-bungalow coloring page! Download this cute JPG for kids and adults. #coloringpages #freeprintable #cute","https://tinyanimalworlds.com/coloring/rose-garden-bungalow","Cottagecore Coloring","rose-garden-bungalow, coloring pages, free printable, cute coloring"
"lavender-field-cottage","Free printable lavender-field-cottage coloring page! Download this cute JPG for kids and adults. #coloringpages #freeprintable #cute","https://tinyanimalworlds.com/coloring/lavender-field-cottage","Cottagecore Coloring","lavender-field-cottage, coloring pages, free printable, cute coloring"
"rainy-window-with-books","Free printable rainy-window-with-books coloring page! Download this cute JPG for kids and adults. #coloringpages #freeprintable #cute","https://tinyanimalworlds.com/coloring/rainy-window-with-books","Rainy Day Coloring","rainy-window-with-books, coloring pages, free printable, cute coloring"
"umbrella-street-scene","Free printable umbrella-street-scene coloring page! Download this cute JPG for kids and adults. #coloringpages #freeprintable #cute","https://tinyanimalworlds.com/coloring/umbrella-street-scene","Rainy Day Coloring","umbrella-street-scene, coloring pages, free printable, cute coloring"
"cozy-indoor-rainy-afternoon","Free printable cozy-indoor-rainy-afternoon coloring page! Download this cute JPG for kids and adults. #coloringpages #freeprintable #cute","https://tinyanimalworlds.com/coloring/cozy-indoor-rainy-afternoon","Rainy Day Coloring","cozy-indoor-rainy-afternoon, coloring pages, free printable, cute coloring"
"puddle-jumping-fun","Free printable puddle-jumping-fun coloring page! Download this cute JPG for kids and adults. #coloringpages #freeprintable #cute","https://tinyanimalworlds.com/coloring/puddle-jumping-fun","Rainy Day Coloring","puddle-jumping-fun, coloring pages, free printable, cute coloring"
"raindrops-on-flowers","Free printable raindrops-on-flowers coloring page! Download this cute JPG for kids and adults. #coloringpages #freeprintable #cute","https://tinyanimalworlds.com/coloring/raindrops-on-flowers","Rainy Day Coloring","raindrops-on-flowers, coloring pages, free printable, cute coloring"
"morning-coffee-ritual","Free printable morning-coffee-ritual coloring page! Download this cute JPG for kids and adults. #coloringpages #freeprintable #cute","https://tinyanimalworlds.com/coloring/morning-coffee-ritual","Best Coloring Pages","morning-coffee-ritual, coloring pages, free printable, cute coloring"
"corner-cafe-interior","Free printable corner-cafe-interior coloring page! Download this cute JPG for kids and adults. #coloringpages #freeprintable #cute","https://tinyanimalworlds.com/coloring/corner-cafe-interior","Best Coloring Pages","corner-cafe-interior, coloring pages, free printable, cute coloring"
"latte-art-design","Free printable latte-art-design coloring page! Download this cute JPG for kids and adults. #coloringpages #freeprintable #cute","https://tinyanimalworlds.com/coloring/latte-art-design","Best Coloring Pages","latte-art-design, coloring pages, free printable, cute coloring"
"coffee-and-pastry-pair","Free printable coffee-and-pastry-pair coloring page! Download this cute JPG for kids and adults. #coloringpages #freeprintable #cute","https://tinyanimalworlds.com/coloring/coffee-and-pastry-pair","Best Coloring Pages","coffee-and-pastry-pair, coloring pages, free printable, cute coloring"
"espresso-bar-scene","Free printable espresso-bar-scene coloring page! Download this cute JPG for kids and adults. #coloringpages #freeprintable #cute","https://tinyanimalworlds.com/coloring/espresso-bar-scene","Best Coloring Pages","espresso-bar-scene, coloring pages, free printable, cute coloring"
"fresh-bread-morning","Free printable fresh-bread-morning coloring page! Download this cute JPG for kids and adults. #coloringpages #freeprintable #cute","https://tinyanimalworlds.com/coloring/fresh-bread-morning","Best Coloring Pages","fresh-bread-morning, coloring pages, free printable, cute coloring"
"croissant-baking-day","Free printable croissant-baking-day coloring page! Download this cute JPG for kids and adults. #coloringpages #freeprintable #cute","https://tinyanimalworlds.com/coloring/croissant-baking-day","Best Coloring Pages","croissant-baking-day, coloring pages, free printable, cute coloring"
"cupcake-decorating-fun","Free printable cupcake-decorating-fun coloring page! Download this cute JPG for kids and adults. #coloringpages #freeprintable #cute","https://tinyanimalworlds.com/coloring/cupcake-decorating-fun","Best Coloring Pages","cupcake-decorating-fun, coloring pages, free printable, cute coloring"
"pie-cooling-on-windowsill","Free printable pie-cooling-on-windowsill coloring page! Download this cute JPG for kids and adults. #coloringpages #freeprintable #cute","https://tinyanimalworlds.com/coloring/pie-cooling-on-windowsill","Best Coloring Pages","pie-cooling-on-windowsill, coloring pages, free printable, cute coloring"
"cookie-jar-collection","Free printable cookie-jar-collection coloring page! Download this cute JPG for kids and adults. #coloringpages #freeprintable #cute","https://tinyanimalworlds.com/coloring/cookie-jar-collection","Best Coloring Pages","cookie-jar-collection, coloring pages, free printable, cute coloring"
"secondhand-bookshop","Free printable secondhand-bookshop coloring page! Download this cute JPG for kids and adults. #coloringpages #freeprintable #cute","https://tinyanimalworlds.com/coloring/secondhand-bookshop","Bookstore Coloring","secondhand-bookshop, coloring pages, free printable, cute coloring"
"library-ladder-scene","Free printable library-ladder-scene coloring page! Download this cute JPG for kids and adults. #coloringpages #freeprintable #cute","https://tinyanimalworlds.com/coloring/library-ladder-scene","Bookstore Coloring","library-ladder-scene, coloring pages, free printable, cute coloring"
"reading-by-candlelight","Free printable reading-by-candlelight coloring page! Download this cute JPG for kids and adults. #coloringpages #freeprintable #cute","https://tinyanimalworlds.com/coloring/reading-by-candlelight","Bookstore Coloring","reading-by-candlelight, coloring pages, free printable, cute coloring"
"bookshelf-organization","Free printable bookshelf-organization coloring page! Download this cute JPG for kids and adults. #coloringpages #freeprintable #cute","https://tinyanimalworlds.com/coloring/bookshelf-organization","Bookstore Coloring","bookshelf-organization, coloring pages, free printable, cute coloring"
"story-time-corner","Free printable story-time-corner coloring page! Download this cute JPG for kids and adults. #coloringpages #freeprintable #cute","https://tinyanimalworlds.com/coloring/story-time-corner","Bookstore Coloring","story-time-corner, coloring pages, free printable, cute coloring"
"garden-tea-party","Free printable garden-tea-party coloring page! Download this cute JPG for kids and adults. #coloringpages #freeprintable #cute","https://tinyanimalworlds.com/coloring/garden-tea-party","Best Coloring Pages","garden-tea-party, coloring pages, free printable, cute coloring"
"vintage-tea-set-display","Free printable vintage-tea-set-display coloring page! Download this cute JPG for kids and adults. #coloringpages #freeprintable #cute","https://tinyanimalworlds.com/coloring/vintage-tea-set-display","Best Coloring Pages","vintage-tea-set-display, coloring pages, free printable, cute coloring"
"afternoon-tea-tray","Free printable afternoon-tea-tray coloring page! Download this cute JPG for kids and adults. #coloringpages #freeprintable #cute","https://tinyanimalworlds.com/coloring/afternoon-tea-tray","Best Coloring Pages","afternoon-tea-tray, coloring pages, free printable, cute coloring"
"tea-and-scones-spread","Free printable tea-and-scones-spread coloring page! Download this cute JPG for kids and adults. #coloringpages #freeprintable #cute","https://tinyanimalworlds.com/coloring/tea-and-scones-spread","Best Coloring Pages","tea-and-scones-spread, coloring pages, free printable, cute coloring"
"tea-cup-collection","Free printable tea-cup-collection coloring page! Download this cute JPG for kids and adults. #coloringpages #freeprintable #cute","https://tinyanimalworlds.com/coloring/tea-cup-collection","Best Coloring Pages","tea-cup-collection, coloring pages, free printable, cute coloring"
"enchanted-forest-path","Free printable enchanted-forest-path coloring page! Download this cute JPG for kids and adults. #coloringpages #freeprintable #cute","https://tinyanimalworlds.com/coloring/enchanted-forest-path","Fantasy Coloring Pages","enchanted-forest-path, coloring pages, free printable, cute coloring"
"fairy-door-discovery","Free printable fairy-door-discovery coloring page! Download this cute JPG for kids and adults. #coloringpages #freeprintable #cute","https://tinyanimalworlds.com/coloring/fairy-door-discovery","Fantasy Coloring Pages","fairy-door-discovery, coloring pages, free printable, cute coloring"
"magic-potion-shelf","Free printable magic-potion-shelf coloring page! Download this cute JPG for kids and adults. #coloringpages #freeprintable #cute","https://tinyanimalworlds.com/coloring/magic-potion-shelf","Fantasy Coloring Pages","magic-potion-shelf, coloring pages, free printable, cute coloring"
"dragon-perch-view","Free printable dragon-perch-view coloring page! Download this cute JPG for kids and adults. #coloringpages #freeprintable #cute","https://tinyanimalworlds.com/coloring/dragon-perch-view","Fantasy Coloring Pages","dragon-perch-view, coloring pages, free printable, cute coloring"
"wizard-tower-study","Free printable wizard-tower-study coloring page! Download this cute JPG for kids and adults. #coloringpages #freeprintable #cute","https://tinyanimalworlds.com/coloring/wizard-tower-study","Fantasy Coloring Pages","wizard-tower-study, coloring pages, free printable, cute coloring"
"window-seat-reading","Free printable window-seat-reading coloring page! Download this cute JPG for kids and adults. #coloringpages #freeprintable #cute","https://tinyanimalworlds.com/coloring/window-seat-reading","Best Coloring Pages","window-seat-reading, coloring pages, free printable, cute coloring"
"fireplace-reading-spot","Free printable fireplace-reading-spot coloring page! Download this cute JPG for kids and adults. #coloringpages #freeprintable #cute","https://tinyanimalworlds.com/coloring/fireplace-reading-spot","Best Coloring Pages","fireplace-reading-spot, coloring pages, free printable, cute coloring"
"blanket-fort-reading","Free printable blanket-fort-reading coloring page! Download this cute JPG for kids and adults. #coloringpages #freeprintable #cute","https://tinyanimalworlds.com/coloring/blanket-fort-reading","Best Coloring Pages","blanket-fort-reading, coloring pages, free printable, cute coloring"
"hammock-reading-nook","Free printable hammock-reading-nook coloring page! Download this cute JPG for kids and adults. #coloringpages #freeprintable #cute","https://tinyanimalworlds.com/coloring/hammock-reading-nook","Best Coloring Pages","hammock-reading-nook, coloring pages, free printable, cute coloring"
"bedtime-story-scene","Free printable bedtime-story-scene coloring page! Download this cute JPG for kids and adults. #coloringpages #freeprintable #cute","https://tinyanimalworlds.com/coloring/bedtime-story-scene","Best Coloring Pages","bedtime-story-scene, coloring pages, free printable, cute coloring"
"butterfly-garden-path","Free printable butterfly-garden-path coloring page! Download this cute JPG for kids and adults. #coloringpages #freeprintable #cute","https://tinyanimalworlds.com/coloring/butterfly-garden-path","Garden Coloring Pages","butterfly-garden-path, coloring pages, free printable, cute coloring"
"sunflower-field-walk","Free printable sunflower-field-walk coloring page! Download this cute JPG for kids and adults. #coloringpages #freeprintable #cute","https://tinyanimalworlds.com/coloring/sunflower-field-walk","Garden Coloring Pages","sunflower-field-walk, coloring pages, free printable, cute coloring"
"herb-garden-kitchen","Free printable herb-garden-kitchen coloring page! Download this cute JPG for kids and adults. #coloringpages #freeprintable #cute","https://tinyanimalworlds.com/coloring/herb-garden-kitchen","Garden Coloring Pages","herb-garden-kitchen, coloring pages, free printable, cute coloring"
"rose-trellis-arch","Free printable rose-trellis-arch coloring page! Download this cute JPG for kids and adults. #coloringpages #freeprintable #cute","https://tinyanimalworlds.com/coloring/rose-trellis-arch","Garden Coloring Pages","rose-trellis-arch, coloring pages, free printable, cute coloring"
"Cozy Autumn Fox Cottage Coloring Page","Free printable cozy autumn fox cottage coloring page! Download this cute JPG for kids and adults. #coloringpages #freeprintable #cute","https://tinyanimalworlds.com/coloring/cozy-autumn-fox-cottage","Cottagecore Coloring","cozy, autumn, fox, cottage, coloring, page, coloring pages, free printable, cute coloring"
"Dragon Bakery Village Coloring Page","Free printable dragon bakery village coloring page! Download this cute JPG for kids and adults. #coloringpages #freeprintable #cute","https://tinyanimalworlds.com/coloring/dragon-bakery-village","Fantasy Coloring Pages","dragon, bakery, village, coloring, page, coloring pages, free printable, cute coloring"
"Hedgehog Enchanted Forest Coloring Page","Free printable hedgehog enchanted forest coloring page! Download this cute JPG for kids and adults. #coloringpages #freeprintable #cute","https://tinyanimalworlds.com/coloring/hedgehog-enchanted-forest","Cute Animal Coloring Pages","hedgehog, enchanted, forest, coloring, page, coloring pages, free printable, cute coloring"
"Herb Garden Rabbi Coloring Page","Free printable herb garden rabbi coloring page! Download this cute JPG for kids and adults. #coloringpages #freeprintable #cute","https://tinyanimalworlds.com/coloring/herb-garden-rabbi","Cottagecore Coloring","herb, garden, rabbi, coloring, page, coloring pages, free printable, cute coloring"
"Panda Floating Island Home Coloring Page","Free printable panda floating island home coloring page! Download this cute JPG for kids and adults. #coloringpages #freeprintable #cute","https://tinyanimalworlds.com/coloring/panda-floating-island-home","Cute Animal Coloring Pages","panda, floating, island, home, coloring, page, coloring pages, free printable, cute coloring"
"Sewing Room Fabri Coloring Page","Free printable sewing room fabri coloring page! Download this cute JPG for kids and adults. #coloringpages #freeprintable #cute","https://tinyanimalworlds.com/coloring/sewing-room-fabri","Cottagecore Coloring","sewing, room, fabri, coloring, page, coloring pages, free printable, cute coloring"
"Duck Unicorn Garden Coloring Page","Free printable duck unicorn garden coloring page! Download this cute JPG for kids and adults. #coloringpages #freeprintable #cute","https://tinyanimalworlds.com/coloring/duck-unicorn-garden","Fantasy Coloring Pages","duck, unicorn, garden, coloring, page, coloring pages, free printable, cute coloring"
"Picnic With Woodla Coloring Page","Free printable picnic with woodla coloring page! Download this cute JPG for kids and adults. #coloringpages #freeprintable #cute","https://tinyanimalworlds.com/coloring/picnic-with-woodla","Cottagecore Coloring","picnic, with, woodla, coloring, page, coloring pages, free printable, cute coloring"
"Mouse Crystal Cave Coloring Page","Free printable mouse crystal cave coloring page! Download this cute JPG for kids and adults. #coloringpages #freeprintable #cute","https://tinyanimalworlds.com/coloring/mouse-crystal-cave","Cute Animal Coloring Pages","mouse, crystal, cave, coloring, page, coloring pages, free printable, cute coloring"
"Reading Nook Under Coloring Page","Free printable reading nook under coloring page! Download this cute JPG for kids and adults. #coloringpages #freeprintable #cute","https://tinyanimalworlds.com/coloring/reading-nook-under","Cottagecore Coloring","reading, nook, under, coloring, page, coloring pages, free printable, cute coloring"
"Frog Fairy House Coloring Page","Free printable frog fairy house coloring page! Download this cute JPG for kids and adults. #coloringpages #freeprintable #cute","https://tinyanimalworlds.com/coloring/frog-fairy-house","Cute Animal Coloring Pages","frog, fairy, house, coloring, page, coloring pages, free printable, cute coloring"
"Greenhouse Filled Coloring Page","Free printable greenhouse filled coloring page! Download this cute JPG for kids and adults. #coloringpages #freeprintable #cute","https://tinyanimalworlds.com/coloring/greenhouse-filled","Cottagecore Coloring","greenhouse, filled, coloring, page, coloring pages, free printable, cute coloring"
"Cat Potion Store Coloring Page","Free printable cat potion store coloring page! Download this cute JPG for kids and adults. #coloringpages #freeprintable #cute","https://tinyanimalworlds.com/coloring/cat-potion-store","Cute Animal Coloring Pages","cat, potion, store, coloring, page, coloring pages, free printable, cute coloring"
"Flower Market Vin Coloring Page","Free printable flower market vin coloring page! Download this cute JPG for kids and adults. #coloringpages #freeprintable #cute","https://tinyanimalworlds.com/coloring/flower-market-vin","Cottagecore Coloring","flower, market, vin, coloring, page, coloring pages, free printable, cute coloring"
"Bear Star Bakery Coloring Page","Free printable bear star bakery coloring page! Download this cute JPG for kids and adults. #coloringpages #freeprintable #cute","https://tinyanimalworlds.com/coloring/bear-star-bakery","Bakery Coloring Pages","bear, star, bakery, coloring, page, coloring pages, free printable, cute coloring"
"Countryside Bakery Coloring Page","Free printable countryside bakery coloring page! Download this cute JPG for kids and adults. #coloringpages #freeprintable #cute","https://tinyanimalworlds.com/coloring/countryside-bakery","Cottagecore Coloring","countryside, bakery, coloring, page, coloring pages, free printable, cute coloring"
"Fox Moonlight Library Coloring Page","Free printable fox moonlight library coloring page! Download this cute JPG for kids and adults. #coloringpages #freeprintable #cute","https://tinyanimalworlds.com/coloring/fox-moonlight-library","Bookstore Coloring","fox, moonlight, library, coloring, page, coloring pages, free printable, cute coloring"
"Tea Party In Garde Coloring Page","Free printable tea party in garde coloring page! Download this cute JPG for kids and adults. #coloringpages #freeprintable #cute","https://tinyanimalworlds.com/coloring/tea-party-in-garde","Cottagecore Coloring","tea, party, in, garde, coloring, page, coloring pages, free printable, cute coloring"
"Magic Bunny Wizard Cottage Coloring Page","Free printable magic bunny wizard cottage coloring page! Download this cute JPG for kids and adults. #coloringpages #freeprintable #cute","https://tinyanimalworlds.com/coloring/magic-bunny-wizard-cottage","Fantasy Coloring Pages","magic, bunny, wizard, cottage, coloring, page, coloring pages, free printable, cute coloring"
"Mushroom House Sur Coloring Page","Free printable mushroom house sur coloring page! Download this cute JPG for kids and adults. #coloringpages #freeprintable #cute","https://tinyanimalworlds.com/coloring/mushroom-house-sur","Cottagecore Coloring","mushroom, house, sur, coloring, page, coloring pages, free printable, cute coloring"
"Harvest Squirrel Farm Market Coloring Page","Free printable harvest squirrel farm market coloring page! Download this cute JPG for kids and adults. #coloringpages #freeprintable #cute","https://tinyanimalworlds.com/coloring/harvest-squirrel-farm-market","Tiny Animal Worlds","harvest, squirrel, farm, market, coloring, page, coloring pages, free printable, cute coloring"
"Animal Market Square Coloring Page","Free printable animal market square coloring page! Download this cute JPG for kids and adults. #coloringpages #freeprintable #cute","https://tinyanimalworlds.com/coloring/animal-market-square","Fantasy Coloring Pages","animal, market, square, coloring, page, coloring pages, free printable, cute coloring"
"Tiny Dragon Tea Shop Coloring Page","Free printable tiny dragon tea shop coloring page! Download this cute JPG for kids and adults. #coloringpages #freeprintable #cute","https://tinyanimalworlds.com/coloring/tiny-dragon-tea-shop","Fantasy Coloring Pages","tiny, dragon, tea, shop, coloring, page, coloring pages, free printable, cute coloring"
"Bunny Garden Cotta Coloring Page","Free printable bunny garden cotta coloring page! Download this cute JPG for kids and adults. #coloringpages #freeprintable #cute","https://tinyanimalworlds.com/coloring/bunny-garden-cotta","Cottagecore Coloring","bunny, garden, cotta, coloring, page, coloring pages, free printable, cute coloring"
"Squirrel Forest Cabin Coloring Page","Free printable squirrel forest cabin coloring page! Download this cute JPG for kids and adults. #coloringpages #freeprintable #cute","https://tinyanimalworlds.com/coloring/squirrel-forest-cabin","Cute Animal Coloring Pages","squirrel, forest, cabin, coloring, page, coloring pages, free printable, cute coloring"
"Raccoon Bookstore Owner Coloring Page","Free printable raccoon bookstore owner coloring page! Download this cute JPG for kids and adults. #coloringpages #freeprintable #cute","https://tinyanimalworlds.com/coloring/raccoon-bookstore-owner","Bookstore Coloring","raccoon, bookstore, owner, coloring, page, coloring pages, free printable, cute coloring"
"Hedgehog Strawberry Farm Coloring Page","Free printable hedgehog strawberry farm coloring page! Download this cute JPG for kids and adults. #coloringpages #freeprintable #cute","https://tinyanimalworlds.com/coloring/hedgehog-strawberry-farm","Cute Animal Coloring Pages","hedgehog, strawberry, farm, coloring, page, coloring pages, free printable, cute coloring"
"Squirrel Baking Cupcakes Coloring Page","Free printable squirrel baking cupcakes coloring page! Download this cute JPG for kids and adults. #coloringpages #freeprintable #cute","https://tinyanimalworlds.com/coloring/squirrel-baking-cupcakes","Bakery Coloring Pages","squirrel, baking, cupcakes, coloring, page, coloring pages, free printable, cute coloring"
"Panda Cottage Picnic Coloring Page","Free printable panda cottage picnic coloring page! Download this cute JPG for kids and adults. #coloringpages #freeprintable #cute","https://tinyanimalworlds.com/coloring/panda-cottage-picnic","Cottagecore Coloring","panda, cottage, picnic, coloring, page, coloring pages, free printable, cute coloring"
"Hedgehog Collecting Mushr Coloring Page","Free printable hedgehog collecting mushr coloring page! Download this cute JPG for kids and adults. #coloringpages #freeprintable #cute","https://tinyanimalworlds.com/coloring/hedgehog-collecting-mushr","Cute Animal Coloring Pages","hedgehog, collecting, mushr, coloring, page, coloring pages, free printable, cute coloring"
"Duck Country Kitchen Coloring Page","Free printable duck country kitchen coloring page! Download this cute JPG for kids and adults. #coloringpages #freeprintable #cute","https://tinyanimalworlds.com/coloring/duck-country-kitchen","Cute Animal Coloring Pages","duck, country, kitchen, coloring, page, coloring pages, free printable, cute coloring"
"Hamster Tea Party Kawaii Coloring Page","Free printable hamster tea party kawaii coloring page! Download this cute JPG for kids and adults. #coloringpages #freeprintable #cute","https://tinyanimalworlds.com/coloring/hamster-tea-party-kawaii","Tea Party Coloring","hamster, tea, party, kawaii, coloring, page, coloring pages, free printable, cute coloring"
"Mouse Sewing Workshop Coloring Page","Free printable mouse sewing workshop coloring page! Download this cute JPG for kids and adults. #coloringpages #freeprintable #cute","https://tinyanimalworlds.com/coloring/mouse-sewing-workshop","Cute Animal Coloring Pages","mouse, sewing, workshop, coloring, page, coloring pages, free printable, cute coloring"
"Fox Gardening Flowers An Coloring Page","Free printable fox gardening flowers an coloring page! Download this cute JPG for kids and adults. #coloringpages #freeprintable #cute","https://tinyanimalworlds.com/coloring/fox-gardening-flowers-an","Garden Coloring Pages","fox, gardening, flowers, an, coloring, page, coloring pages, free printable, cute coloring"
"Frog Herb Garden Coloring Page","Free printable frog herb garden coloring page! Download this cute JPG for kids and adults. #coloringpages #freeprintable #cute","https://tinyanimalworlds.com/coloring/frog-herb-garden","Garden Coloring Pages","frog, herb, garden, coloring, page, coloring pages, free printable, cute coloring"
"Duck Wearing Rain Boots Coloring Page","Free printable duck wearing rain boots coloring page! Download this cute JPG for kids and adults. #coloringpages #freeprintable #cute","https://tinyanimalworlds.com/coloring/duck-wearing-rain-boots","Rainy Day Coloring","duck, wearing, rain, boots, coloring, page, coloring pages, free printable, cute coloring"
"Cat Lavender Cottage Coloring Page","Free printable cat lavender cottage coloring page! Download this cute JPG for kids and adults. #coloringpages #freeprintable #cute","https://tinyanimalworlds.com/coloring/cat-lavender-cottage","Cottagecore Coloring","cat, lavender, cottage, coloring, page, coloring pages, free printable, cute coloring"
"Cat Reading Books Kawaii Coloring Page","Free printable cat reading books kawaii coloring page! Download this cute JPG for kids and adults. #coloringpages #freeprintable #cute","https://tinyanimalworlds.com/coloring/cat-reading-books-kawaii","Bookstore Coloring","cat, reading, books, kawaii, coloring, page, coloring pages, free printable, cute coloring"
"Bear Honey Farm Coloring Page","Free printable bear honey farm coloring page! Download this cute JPG for kids and adults. #coloringpages #freeprintable #cute","https://tinyanimalworlds.com/coloring/bear-honey-farm","Cute Animal Coloring Pages","bear, honey, farm, coloring, page, coloring pages, free printable, cute coloring"
"Bear Baking Cookies Prin Coloring Page","Free printable bear baking cookies prin coloring page! Download this cute JPG for kids and adults. #coloringpages #freeprintable #cute","https://tinyanimalworlds.com/coloring/bear-baking-cookies-prin","Bakery Coloring Pages","bear, baking, cookies, prin, coloring, page, coloring pages, free printable, cute coloring"
"Fox Wildflower Garden Coloring Page","Free printable fox wildflower garden coloring page! Download this cute JPG for kids and adults. #coloringpages #freeprintable #cute","https://tinyanimalworlds.com/coloring/fox-wildflower-garden","Garden Coloring Pages","fox, wildflower, garden, coloring, page, coloring pages, free printable, cute coloring"
"Frog Drinking Bubble Tea Coloring Page","Free printable frog drinking bubble tea coloring page! Download this cute JPG for kids and adults. #coloringpages #freeprintable #cute","https://tinyanimalworlds.com/coloring/frog-drinking-bubble-tea","Cute Animal Coloring Pages","frog, drinking, bubble, tea, coloring, page, coloring pages, free printable, cute coloring"
"Easter Duck Garden Coloring Page","Free printable easter duck garden coloring page! Download this cute JPG for kids and adults. #coloringpages #freeprintable #cute","https://tinyanimalworlds.com/coloring/easter-duck-garden","Seasonal Coloring Pages","easter, duck, garden, coloring, page, coloring pages, free printable, cute coloring"
"Woodland Train Station Coloring Page","Free printable woodland train station coloring page! Download this cute JPG for kids and adults. #coloringpages #freeprintable #cute","https://tinyanimalworlds.com/coloring/woodland-train-station","Fantasy Coloring Pages","woodland, train, station, coloring, page, coloring pages, free printable, cute coloring"
"Bunny Mushroom Cottage Coloring Page","Free printable bunny mushroom cottage coloring page! Download this cute JPG for kids and adults. #coloringpages #freeprintable #cute","https://tinyanimalworlds.com/coloring/bunny-mushroom-cottage","Cottagecore Coloring","bunny, mushroom, cottage, coloring, page, coloring pages, free printable, cute coloring"
"Bunny Holding Giant Straw Coloring Page","Free printable bunny holding giant straw coloring page! Download this cute JPG for kids and adults. #coloringpages #freeprintable #cute","https://tinyanimalworlds.com/coloring/bunny-holding-giant-straw","Cute Animal Coloring Pages","bunny, holding, giant, straw, coloring, page, coloring pages, free printable, cute coloring"
"Squirrel Window Reading Corner Coloring Page","Free printable squirrel window reading corner coloring page! Download this cute JPG for kids and adults. #coloringpages #freeprintable #cute","https://tinyanimalworlds.com/coloring/squirrel-window-reading-corner","Bookstore Coloring","squirrel, window, reading, corner, coloring, page, coloring pages, free printable, cute coloring"
"Evening Study Desk Candl Coloring Page","Free printable evening study desk candl coloring page! Download this cute JPG for kids and adults. #coloringpages #freeprintable #cute","https://tinyanimalworlds.com/coloring/evening-study-desk-candl","Cozy Coloring Pages","evening, study, desk, candl, coloring, page, coloring pages, free printable, cute coloring"
"Hedgehog Rainy Garden Coloring Page","Free printable hedgehog rainy garden coloring page! Download this cute JPG for kids and adults. #coloringpages #freeprintable #cute","https://tinyanimalworlds.com/coloring/hedgehog-rainy-garden","Garden Coloring Pages","hedgehog, rainy, garden, coloring, page, coloring pages, free printable, cute coloring"
"Garden Reading Corner Fl Coloring Page","Free printable garden reading corner fl coloring page! Download this cute JPG for kids and adults. #coloringpages #freeprintable #cute","https://tinyanimalworlds.com/coloring/garden-reading-corner-fl","Cozy Coloring Pages","garden, reading, corner, fl, coloring, page, coloring pages, free printable, cute coloring"
"Panda Tea Time In Rain Coloring Page","Free printable panda tea time in rain coloring page! Download this cute JPG for kids and adults. #coloringpages #freeprintable #cute","https://tinyanimalworlds.com/coloring/panda-tea-time-in-rain","Cute Animal Coloring Pages","panda, tea, time, in, rain, coloring, page, coloring pages, free printable, cute coloring"
"Bakery Kitchen Cakes Co Coloring Page","Free printable bakery kitchen cakes co coloring page! Download this cute JPG for kids and adults. #coloringpages #freeprintable #cute","https://tinyanimalworlds.com/coloring/bakery-kitchen-cakes-co","Cozy Coloring Pages","bakery, kitchen, cakes, co, coloring, page, coloring pages, free printable, cute coloring"
"Duck Rain Boots Adventure Coloring Page","Free printable duck rain boots adventure coloring page! Download this cute JPG for kids and adults. #coloringpages #freeprintable #cute","https://tinyanimalworlds.com/coloring/duck-rain-boots-adventure","Rainy Day Coloring","duck, rain, boots, adventure, coloring, page, coloring pages, free printable, cute coloring"
"Tea Room Filled With Flow Coloring Page","Free printable tea room filled with flow coloring page! Download this cute JPG for kids and adults. #coloringpages #freeprintable #cute","https://tinyanimalworlds.com/coloring/tea-room-filled-with-flow","Cozy Coloring Pages","tea, room, filled, with, flow, coloring, page, coloring pages, free printable, cute coloring"
"Mouse Cozy Cabin In Rain Coloring Page","Free printable mouse cozy cabin in rain coloring page! Download this cute JPG for kids and adults. #coloringpages #freeprintable #cute","https://tinyanimalworlds.com/coloring/mouse-cozy-cabin-in-rain","Rainy Day Coloring","mouse, cozy, cabin, in, rain, coloring, page, coloring pages, free printable, cute coloring"
"Cabin In Snowy Forest La Coloring Page","Free printable cabin in snowy forest la coloring page! Download this cute JPG for kids and adults. #coloringpages #freeprintable #cute","https://tinyanimalworlds.com/coloring/cabin-in-snowy-forest-la","Cozy Coloring Pages","cabin, in, snowy, forest, la, coloring, page, coloring pages, free printable, cute coloring"
"Cat Sleeping During Rainstorm Coloring Page","Free printable cat sleeping during rainstorm coloring page! Download this cute JPG for kids and adults. #coloringpages #freeprintable #cute","https://tinyanimalworlds.com/coloring/cat-sleeping-during-rainstorm","Cute Animal Coloring Pages","cat, sleeping, during, rainstorm, coloring, page, coloring pages, free printable, cute coloring"
"Window Seat During Rain Coloring Page","Free printable window seat during rain coloring page! Download this cute JPG for kids and adults. #coloringpages #freeprintable #cute","https://tinyanimalworlds.com/coloring/window-seat-during-rain","Cozy Coloring Pages","window, seat, during, rain, coloring, page, coloring pages, free printable, cute coloring"
"Bear Drinking Hot Chocolate Coloring Page","Free printable bear drinking hot chocolate coloring page! Download this cute JPG for kids and adults. #coloringpages #freeprintable #cute","https://tinyanimalworlds.com/coloring/bear-drinking-hot-chocolate","Tea Party Coloring","bear, drinking, hot, chocolate, coloring, page, coloring pages, free printable, cute coloring"
"Coffee Shop Corner Coffe Coloring Page","Free printable coffee shop corner coffe coloring page! Download this cute JPG for kids and adults. #coloringpages #freeprintable #cute","https://tinyanimalworlds.com/coloring/coffee-shop-corner-coffe","Cozy Coloring Pages","coffee, shop, corner, coffe, coloring, page, coloring pages, free printable, cute coloring"
"Fox Walking With Umbrella Coloring Page","Free printable fox walking with umbrella coloring page! Download this cute JPG for kids and adults. #coloringpages #freeprintable #cute","https://tinyanimalworlds.com/coloring/fox-walking-with-umbrella","Cute Animal Coloring Pages","fox, walking, with, umbrella, coloring, page, coloring pages, free printable, cute coloring"
"Autumn Cottage Interior Coloring Page","Free printable autumn cottage interior coloring page! Download this cute JPG for kids and adults. #coloringpages #freeprintable #cute","https://tinyanimalworlds.com/coloring/autumn-cottage-interior","Cottagecore Coloring","autumn, cottage, interior, coloring, page, coloring pages, free printable, cute coloring"
"Bunny Watching Rain From Windo Coloring Page","Free printable bunny watching rain from windo coloring page! Download this cute JPG for kids and adults. #coloringpages #freeprintable #cute","https://tinyanimalworlds.com/coloring/bunny-watching-rain-from-windo","Cute Animal Coloring Pages","bunny, watching, rain, from, windo, coloring, page, coloring pages, free printable, cute coloring"
"Bedroom With Fairy Lights Coloring Page","Free printable bedroom with fairy lights coloring page! Download this cute JPG for kids and adults. #coloringpages #freeprintable #cute","https://tinyanimalworlds.com/coloring/bedroom-with-fairy-lights","Cozy Coloring Pages","bedroom, with, fairy, lights, coloring, page, coloring pages, free printable, cute coloring"
"Valentine Bunny Bakery Coloring Page","Free printable valentine bunny bakery coloring page! Download this cute JPG for kids and adults. #coloringpages #freeprintable #cute","https://tinyanimalworlds.com/coloring/valentine-bunny-bakery","Seasonal Coloring Pages","valentine, bunny, bakery, coloring, page, coloring pages, free printable, cute coloring"
"Bunny Hot Air Balloon Coloring Page","Free printable bunny hot air balloon coloring page! Download this cute JPG for kids and adults. #coloringpages #freeprintable #cute","https://tinyanimalworlds.com/coloring/bunny-hot-air-balloon","Fantasy Coloring Pages","bunny, hot, air, balloon, coloring, page, coloring pages, free printable, cute coloring"
"Frog Reading On A Rainy Day Coloring Page","Free printable frog reading on a rainy day coloring page! Download this cute JPG for kids and adults. #coloringpages #freeprintable #cute","https://tinyanimalworlds.com/coloring/frog-reading-on-a-rainy-day","Bookstore Coloring","frog, reading, on, a, rainy, day, coloring, page, coloring pages, free printable, cute coloring"
"Rainy Day Reading Nook L Coloring Page","Free printable rainy day reading nook l coloring page! Download this cute JPG for kids and adults. #coloringpages #freeprintable #cute","https://tinyanimalworlds.com/coloring/rainy-day-reading-nook-l","Cozy Coloring Pages","rainy, day, reading, nook, l, coloring, page, coloring pages, free printable, cute coloring"
"Tiny Squirrel Acorn Bakery Coloring Page","Free printable tiny squirrel acorn bakery coloring page! Download this cute JPG for kids and adults. #coloringpages #freeprintable #cute","https://tinyanimalworlds.com/coloring/tiny-squirrel-acorn-bakery","Tiny Animal Worlds","tiny, squirrel, acorn, bakery, coloring, page, coloring pages, free printable, cute coloring"
"Squirrel Woodland Village Coloring Page","Free printable squirrel woodland village coloring page! Download this cute JPG for kids and adults. #coloringpages #freeprintable #cute","https://tinyanimalworlds.com/coloring/squirrel-woodland-village","Tiny Animal Worlds","squirrel, woodland, village, coloring, page, coloring pages, free printable, cute coloring"
"Tiny Panda Noodle Shop Coloring Page","Free printable tiny panda noodle shop coloring page! Download this cute JPG for kids and adults. #coloringpages #freeprintable #cute","https://tinyanimalworlds.com/coloring/tiny-panda-noodle-shop","Tiny Animal Worlds","tiny, panda, noodle, shop, coloring, page, coloring pages, free printable, cute coloring"
"Duck Farmers Market Vege Coloring Page","Free printable duck farmers market vege coloring page! Download this cute JPG for kids and adults. #coloringpages #freeprintable #cute","https://tinyanimalworlds.com/coloring/duck-farmers-market-vege","Tiny Animal Worlds","duck, farmers, market, vege, coloring, page, coloring pages, free printable, cute coloring"
"Tiny Duck Pancake Stand Coloring Page","Free printable tiny duck pancake stand coloring page! Download this cute JPG for kids and adults. #coloringpages #freeprintable #cute","https://tinyanimalworlds.com/coloring/tiny-duck-pancake-stand","Tiny Animal Worlds","tiny, duck, pancake, stand, coloring, page, coloring pages, free printable, cute coloring"
"Bunny Post Office Village Coloring Page","Free printable bunny post office village coloring page! Download this cute JPG for kids and adults. #coloringpages #freeprintable #cute","https://tinyanimalworlds.com/coloring/bunny-post-office-village","Tiny Animal Worlds","bunny, post, office, village, coloring, page, coloring pages, free printable, cute coloring"
"Tiny Hedgehog Library Coloring Page","Free printable tiny hedgehog library coloring page! Download this cute JPG for kids and adults. #coloringpages #freeprintable #cute","https://tinyanimalworlds.com/coloring/tiny-hedgehog-library","Tiny Animal Worlds","tiny, hedgehog, library, coloring, page, coloring pages, free printable, cute coloring"
"Cat Village Library Book Coloring Page","Free printable cat village library book coloring page! Download this cute JPG for kids and adults. #coloringpages #freeprintable #cute","https://tinyanimalworlds.com/coloring/cat-village-library-book","Tiny Animal Worlds","cat, village, library, book, coloring, page, coloring pages, free printable, cute coloring"
"Tiny Mouse Cheese Cafe Coloring Page","Free printable tiny mouse cheese cafe coloring page! Download this cute JPG for kids and adults. #coloringpages #freeprintable #cute","https://tinyanimalworlds.com/coloring/tiny-mouse-cheese-cafe","Tiny Animal Worlds","tiny, mouse, cheese, cafe, coloring, page, coloring pages, free printable, cute coloring"
"Mouse Flower Market Mini Coloring Page","Free printable mouse flower market mini coloring page! Download this cute JPG for kids and adults. #coloringpages #freeprintable #cute","https://tinyanimalworlds.com/coloring/mouse-flower-market-mini","Tiny Animal Worlds","mouse, flower, market, mini, coloring, page, coloring pages, free printable, cute coloring"
"Tiny Cat Flower Market Coloring Page","Free printable tiny cat flower market coloring page! Download this cute JPG for kids and adults. #coloringpages #freeprintable #cute","https://tinyanimalworlds.com/coloring/tiny-cat-flower-market","Tiny Animal Worlds","tiny, cat, flower, market, coloring, page, coloring pages, free printable, cute coloring"
"Bear Coffee Shop Cute Be Coloring Page","Free printable bear coffee shop cute be coloring page! Download this cute JPG for kids and adults. #coloringpages #freeprintable #cute","https://tinyanimalworlds.com/coloring/bear-coffee-shop-cute-be","Tiny Animal Worlds","bear, coffee, shop, cute, be, coloring, page, coloring pages, free printable, cute coloring"
"Tiny Bear Coffee Shop Coloring Page","Free printable tiny bear coffee shop coloring page! Download this cute JPG for kids and adults. #coloringpages #freeprintable #cute","https://tinyanimalworlds.com/coloring/tiny-bear-coffee-shop","Tiny Animal Worlds","tiny, bear, coffee, shop, coloring, page, coloring pages, free printable, cute coloring"
"Fox Cottage Village Mush Coloring Page","Free printable fox cottage village mush coloring page! Download this cute JPG for kids and adults. #coloringpages #freeprintable #cute","https://tinyanimalworlds.com/coloring/fox-cottage-village-mush","Cottagecore Coloring","fox, cottage, village, mush, coloring, page, coloring pages, free printable, cute coloring"
"Tiny Fox Tea House Coloring Page","Free printable tiny fox tea house coloring page! Download this cute JPG for kids and adults. #coloringpages #freeprintable #cute","https://tinyanimalworlds.com/coloring/tiny-fox-tea-house","Tiny Animal Worlds","tiny, fox, tea, house, coloring, page, coloring pages, free printable, cute coloring"
"Hedgehog Tea House Villag Coloring Page","Free printable hedgehog tea house villag coloring page! Download this cute JPG for kids and adults. #coloringpages #freeprintable #cute","https://tinyanimalworlds.com/coloring/hedgehog-tea-house-villag","Tiny Animal Worlds","hedgehog, tea, house, villag, coloring, page, coloring pages, free printable, cute coloring"
"Tiny Bunny Bookstore Coloring Page","Free printable tiny bunny bookstore coloring page! Download this cute JPG for kids and adults. #coloringpages #freeprintable #cute","https://tinyanimalworlds.com/coloring/tiny-bunny-bookstore","Tiny Animal Worlds","tiny, bunny, bookstore, coloring, page, coloring pages, free printable, cute coloring"
"Frog Bakery Town Cute Fr Coloring Page","Free printable frog bakery town cute fr coloring page! Download this cute JPG for kids and adults. #coloringpages #freeprintable #cute","https://tinyanimalworlds.com/coloring/frog-bakery-town-cute-fr","Tiny Animal Worlds","frog, bakery, town, cute, fr, coloring, page, coloring pages, free printable, cute coloring"
"Christmas Panda Workshop Coloring Page","Free printable christmas panda workshop coloring page! Download this cute JPG for kids and adults. #coloringpages #freeprintable #cute","https://tinyanimalworlds.com/coloring/christmas-panda-workshop","Seasonal Coloring Pages","christmas, panda, workshop, coloring, page, coloring pages, free printable, cute coloring"
"Cat Cafe Under Moonlig Coloring Page","Free printable cat cafe under moonlig coloring page! Download this cute JPG for kids and adults. #coloringpages #freeprintable #cute","https://tinyanimalworlds.com/coloring/cat-cafe-under-moonlig","Fantasy Coloring Pages","cat, cafe, under, moonlig, coloring, page, coloring pages, free printable, cute coloring"
"Tiny Frog Bakery Coloring Page","Free printable tiny frog bakery coloring page! Download this cute JPG for kids and adults. #coloringpages #freeprintable #cute","https://tinyanimalworlds.com/coloring/tiny-frog-bakery","Tiny Animal Worlds","tiny, frog, bakery, coloring, page, coloring pages, free printable, cute coloring"
"Bunny Bookstore Village Coloring Page","Free printable bunny bookstore village coloring page! Download this cute JPG for kids and adults. #coloringpages #freeprintable #cute","https://tinyanimalworlds.com/coloring/bunny-bookstore-village","Tiny Animal Worlds","bunny, bookstore, village, coloring, page, coloring pages, free printable, cute coloring"
"Halloween Mouse Candy Shop Coloring Page","Free printable halloween mouse candy shop coloring page! Download this cute JPG for kids and adults. #coloringpages #freeprintable #cute","https://tinyanimalworlds.com/coloring/halloween-mouse-candy-shop","Seasonal Coloring Pages","halloween, mouse, candy, shop, coloring, page, coloring pages, free printable, cute coloring"
"Floating Island Villag Coloring Page","Free printable floating island villag coloring page! Download this cute JPG for kids and adults. #coloringpages #freeprintable #cute","https://tinyanimalworlds.com/coloring/floating-island-villag","Fantasy Coloring Pages","floating, island, villag, coloring, page, coloring pages, free printable, cute coloring"
"Snowy Cat Bookstore Coloring Page","Free printable snowy cat bookstore coloring page! Download this cute JPG for kids and adults. #coloringpages #freeprintable #cute","https://tinyanimalworlds.com/coloring/snowy-cat-bookstore","Seasonal Coloring Pages","snowy, cat, bookstore, coloring, page, coloring pages, free printable, cute coloring"
"Fox Wizard Cottage Ma Coloring Page","Free printable fox wizard cottage ma coloring page! Download this cute JPG for kids and adults. #coloringpages #freeprintable #cute","https://tinyanimalworlds.com/coloring/fox-wizard-cottage-ma","Fantasy Coloring Pages","fox, wizard, cottage, ma, coloring, page, coloring pages, free printable, cute coloring"
"Summer Bear Lemonade Stand Coloring Page","Free printable summer bear lemonade stand coloring page! Download this cute JPG for kids and adults. #coloringpages #freeprintable #cute","https://tinyanimalworlds.com/coloring/summer-bear-lemonade-stand","Seasonal Coloring Pages","summer, bear, lemonade, stand, coloring, page, coloring pages, free printable, cute coloring"
"Mushroom Kingdom Tiny Coloring Page","Free printable mushroom kingdom tiny coloring page! Download this cute JPG for kids and adults. #coloringpages #freeprintable #cute","https://tinyanimalworlds.com/coloring/mushroom-kingdom-tiny","Fantasy Coloring Pages","mushroom, kingdom, tiny, coloring, page, coloring pages, free printable, cute coloring"
"Spring Frog Flower Festival Coloring Page","Free printable spring frog flower festival coloring page! Download this cute JPG for kids and adults. #coloringpages #freeprintable #cute","https://tinyanimalworlds.com/coloring/spring-frog-flower-festival","Seasonal Coloring Pages","spring, frog, flower, festival, coloring, page, coloring pages, free printable, cute coloring"
"Owl Library Giant Boo Coloring Page","Free printable owl library giant boo coloring page! Download this cute JPG for kids and adults. #coloringpages #freeprintable #cute","https://tinyanimalworlds.com/coloring/owl-library-giant-boo","Fantasy Coloring Pages","owl, library, giant, boo, coloring, page, coloring pages, free printable, cute coloring"
"Winter Bunny Hot Cocoa House Coloring Page","Free printable winter bunny hot cocoa house coloring page! Download this cute JPG for kids and adults. #coloringpages #freeprintable #cute","https://tinyanimalworlds.com/coloring/winter-bunny-hot-cocoa-house","Seasonal Coloring Pages","winter, bunny, hot, cocoa, house, coloring, page, coloring pages, free printable, cute coloring"
"Bunny Castle Town Mag Coloring Page","Free printable bunny castle town mag coloring page! Download this cute JPG for kids and adults. #coloringpages #freeprintable #cute","https://tinyanimalworlds.com/coloring/bunny-castle-town-mag","Fantasy Coloring Pages","bunny, castle, town, mag, coloring, page, coloring pages, free printable, cute coloring"
"tiny-animal-worlds | Free Printable JPG Downloads","Browse tiny-animal-worlds coloring pages! Free printable JPG downloads. #coloringpages #freeprintable","https://tinyanimalworlds.com/category/tiny-animal-worlds","Cozy Coloring Pages","tiny-animal-worlds, coloring pages, free printable, category"
"cottagecore-coloring | Free Printable JPG Downloads","Browse cottagecore-coloring coloring pages! Free printable JPG downloads. #coloringpages #freeprintable","https://tinyanimalworlds.com/category/cottagecore-coloring","Cozy Coloring Pages","cottagecore-coloring, coloring pages, free printable, category"
"rainy-day-coloring | Free Printable JPG Downloads","Browse rainy-day-coloring coloring pages! Free printable JPG downloads. #coloringpages #freeprintable","https://tinyanimalworlds.com/category/rainy-day-coloring","Cozy Coloring Pages","rainy-day-coloring, coloring pages, free printable, category"
"fantasy-coloring | Free Printable JPG Downloads","Browse fantasy-coloring coloring pages! Free printable JPG downloads. #coloringpages #freeprintable","https://tinyanimalworlds.com/category/fantasy-coloring","Best Coloring Pages","fantasy-coloring, coloring pages, free printable, category"
"seasonal-coloring | Free Printable JPG Downloads","Browse seasonal-coloring coloring pages! Free printable JPG downloads. #coloringpages #freeprintable","https://tinyanimalworlds.com/category/seasonal-coloring","Cozy Coloring Pages","seasonal-coloring, coloring pages, free printable, category"
"food-bakery | Free Printable JPG Downloads","Browse food-bakery coloring pages! Free printable JPG downloads. #coloringpages #freeprintable","https://tinyanimalworlds.com/category/food-bakery","Cozy Coloring Pages","food-bakery, coloring pages, free printable, category"
"coffee-shop-scenes | Free Printable JPG Downloads","Browse coffee-shop-scenes coloring pages! Free printable JPG downloads. #coloringpages #freeprintable","https://tinyanimalworlds.com/category/coffee-shop-scenes","Cozy Coloring Pages","coffee-shop-scenes, coloring pages, free printable, category"
"bookstore-coloring | Free Printable JPG Downloads","Browse bookstore-coloring coloring pages! Free printable JPG downloads. #coloringpages #freeprintable","https://tinyanimalworlds.com/category/bookstore-coloring","Cozy Coloring Pages","bookstore-coloring, coloring pages, free printable, category"
"garden-coloring | Free Printable JPG Downloads","Browse garden-coloring coloring pages! Free printable JPG downloads. #coloringpages #freeprintable","https://tinyanimalworlds.com/category/garden-coloring","Cozy Coloring Pages","garden-coloring, coloring pages, free printable, category"
"christmas-coloring | Free Printable JPG Downloads","Browse christmas-coloring coloring pages! Free printable JPG downloads. #coloringpages #freeprintable","https://tinyanimalworlds.com/category/christmas-coloring","Cozy Coloring Pages","christmas-coloring, coloring pages, free printable, category"
"halloween-coloring | Free Printable JPG Downloads","Browse halloween-coloring coloring pages! Free printable JPG downloads. #coloringpages #freeprintable","https://tinyanimalworlds.com/category/halloween-coloring","Cozy Coloring Pages","halloween-coloring, coloring pages, free printable, category"
"village-life | Free Printable JPG Downloads","Browse village-life coloring pages! Free printable JPG downloads. #coloringpages #freeprintable","https://tinyanimalworlds.com/category/village-life","Cozy Coloring Pages","village-life, coloring pages, free printable, category"
"reading-coloring | Free Printable JPG Downloads","Browse reading-coloring coloring pages! Free printable JPG downloads. #coloringpages #freeprintable","https://tinyanimalworlds.com/category/reading-coloring","Cozy Coloring Pages","reading-coloring, coloring pages, free printable, category"
"tea-party-scenes | Free Printable JPG Downloads","Browse tea-party-scenes coloring pages! Free printable JPG downloads. #coloringpages #freeprintable","https://tinyanimalworlds.com/category/tea-party-scenes","Cozy Coloring Pages","tea-party-scenes, coloring pages, free printable, category"
"Cozy Coloring Pages: 180+ Free Printable Warm and Comforting Scenes","Cozy Coloring Pages — read our complete guide! #coloringblog #freeprintable","https://tinyanimalworlds.com/blog/cozy-coloring-pages","Best Coloring Pages","cozy, coloring, pages:, 180+, free, printable, warm, and, comforting, scenes, coloring blog"
"Cute Frog Coloring Pages: Free Printable Adorable Frog Scenes","Cute Frog Coloring Pages — read our complete guide! #coloringblog #freeprintable","https://tinyanimalworlds.com/blog/cute-frog-coloring-pages","Best Coloring Pages","cute, frog, coloring, pages:, free, printable, adorable, frog, scenes, coloring blog"
"Cute Bunny Coloring Pages: Free Printable Rabbit and Bunny Scenes","Cute Bunny Coloring Pages — read our complete guide! #coloringblog #freeprintable","https://tinyanimalworlds.com/blog/cute-bunny-coloring-pages","Best Coloring Pages","cute, bunny, coloring, pages:, free, printable, rabbit, and, bunny, scenes, coloring blog"
"Coffee Shop Coloring Pages: Free Printable Cozy Cafe Scenes","Coffee Shop Coloring Pages — read our complete guide! #coloringblog #freeprintable","https://tinyanimalworlds.com/blog/coffee-shop-coloring-pages","Best Coloring Pages","coffee, shop, coloring, pages:, free, printable, cozy, cafe, scenes, coloring blog"
"Bakery Coloring Pages: Free Printable Sweet Shop and Pastry Scenes","Bakery Coloring Pages — read our complete guide! #coloringblog #freeprintable","https://tinyanimalworlds.com/blog/bakery-coloring-pages","Best Coloring Pages","bakery, coloring, pages:, free, printable, sweet, shop, and, pastry, scenes, coloring blog"
"Rainy Day Coloring Pages: Free Printable Cozy Rain Scenes","Rainy Day Coloring Pages — read our complete guide! #coloringblog #freeprintable","https://tinyanimalworlds.com/blog/rainy-day-coloring-pages","Best Coloring Pages","rainy, day, coloring, pages:, free, printable, cozy, rain, scenes, coloring blog"
