image_path,title,description,link,board,keywords,alt_text
"public/pinterest/cute-frog-fishing-village-colo.jpg","Cute Frog Fishing Village Free Coloring Page","Free printable cute frog fishing village coloring page — high-quality JPG design perfect for cozy coloring sessions. Great for kids, teens, and adults who love cute coloring pages. Print at home — high quality JPG ready to color! Great for relaxation, mindfulness, and creative fun.","https://tinyanimalworlds.com/coloring/cute-frog-fishing-village-colo","Tiny Animal Worlds","tiny animals, miniature coloring, village coloring, tiny worlds, animal communities, whimsical coloring","Pinterest pin image: free printable cute frog fishing village free coloring page — cute cozy coloring page from Tiny Animal Worlds."
"public/pinterest/cute-squirrel-tea-party-colori.jpg","Cute Squirrel Tea Party Free Coloring Page","Free printable cute squirrel tea party coloring page — high-quality JPG design perfect for cozy coloring sessions. Great for kids, teens, and adults who love cute coloring pages. Free JPG download — no sign-up required! Print at home — high quality JPG ready to color!","https://tinyanimalworlds.com/coloring/cute-squirrel-tea-party-colori","Tea Party Coloring Pages","tea party coloring, tea time coloring, afternoon tea, elegant coloring, tea set coloring, garden party","Pinterest pin image: free printable cute squirrel tea party free coloring page — cute cozy coloring page from Tiny Animal Worlds."
"public/pinterest/cute-cat-flower-greenhouse-col.jpg","Cute Cat Flower Greenhouse Free Coloring Page","Free printable cute cat flower greenhouse coloring page — high-quality JPG design perfect for cozy coloring sessions. Great for kids, teens, and adults who love cute coloring pages. Free JPG download — no sign-up required! Print at home — high quality JPG ready to color!","https://tinyanimalworlds.com/coloring/cute-cat-flower-greenhouse-col","Garden Coloring Pages","garden coloring, flower coloring, botanical coloring, nature coloring, greenhouse coloring, floral printable","Pinterest pin image: free printable cute cat flower greenhouse free coloring page — cute cozy coloring page from Tiny Animal Worlds."
"public/pinterest/cute-hamster-sewing-cottage-co.jpg","Cute Hamster Sewing Cottage Free Coloring Page","Free printable cute hamster sewing cottage coloring page — high-quality JPG design perfect for cozy coloring sessions. Great for kids, teens, and adults who love cute coloring pages. Perfect for kids and adults who love cute designs. Print at home — high quality JPG ready to color!","https://tinyanimalworlds.com/coloring/cute-hamster-sewing-cottage-co","Cottagecore Coloring","cottagecore coloring, cottage coloring, countryside coloring, rustic coloring, farmhouse coloring, rural scenes","Pinterest pin image: free printable cute hamster sewing cottage free coloring page — cute cozy coloring page from Tiny Animal Worlds."
"public/pinterest/cute-fox-village-florist-color.jpg","Cute Fox Village Florist Free Coloring Page","Free printable cute fox village florist coloring page — high-quality JPG design perfect for cozy coloring sessions. Great for kids, teens, and adults who love cute coloring pages. Instant download — start coloring in minutes! Save this pin for your next coloring session!","https://tinyanimalworlds.com/coloring/cute-fox-village-florist-color","Tiny Animal Worlds","tiny animals, miniature coloring, village coloring, tiny worlds, animal communities, whimsical coloring","Pinterest pin image: free printable cute fox village florist free coloring page — cute cozy coloring page from Tiny Animal Worlds."
"public/pinterest/cute-rabbit-book-club.jpg","Cute Rabbit Book Club Free Coloring Page","Free printable cute rabbit book club coloring page — high-quality JPG design perfect for cozy coloring sessions. Great for kids, teens, and adults who love cute coloring pages. Perfect for kids and adults who love cute designs. Download this free printable coloring page now!","https://tinyanimalworlds.com/coloring/cute-rabbit-book-club","Bookstore Coloring Pages","bookstore coloring, library coloring, reading coloring, cozy bookshop, book lover coloring, printable book scenes","Pinterest pin image: free printable cute rabbit book club free coloring page — cute cozy coloring page from Tiny Animal Worlds."
"public/pinterest/cute-otter-riverside-cottage-c.jpg","Cute Otter Riverside Cottage Free Coloring Page","Free printable cute otter riverside cottage coloring page — high-quality JPG design perfect for cozy coloring sessions. Great for kids, teens, and adults who love cute coloring pages. Perfect for kids and adults who love cute designs. Print instantly and start coloring today!","https://tinyanimalworlds.com/coloring/cute-otter-riverside-cottage-c","Cottagecore Coloring","cottagecore coloring, cottage coloring, countryside coloring, rustic coloring, farmhouse coloring, rural scenes","Pinterest pin image: free printable cute otter riverside cottage free coloring page — cute cozy coloring page from Tiny Animal Worlds."
"public/pinterest/cute-rabbit-winter-cabin-color.jpg","Cute Rabbit Winter Cabin Free Coloring Page","Free printable cute rabbit winter cabin coloring page — high-quality JPG design perfect for cozy coloring sessions. Great for kids, teens, and adults who love cute coloring pages. Instant download — start coloring in minutes! Download free coloring page from Tiny Animal Worlds.","https://tinyanimalworlds.com/coloring/cute-rabbit-winter-cabin-color","Cottagecore Coloring","cottagecore coloring, cottage coloring, countryside coloring, rustic coloring, farmhouse coloring, rural scenes","Pinterest pin image: free printable cute rabbit winter cabin free coloring page — cute cozy coloring page from Tiny Animal Worlds."
"public/pinterest/cute-mouse-lantern-festival-co.jpg","Cute Mouse Lantern Festival Free Coloring Page","Free printable cute mouse lantern festival coloring page — high-quality JPG design perfect for cozy coloring sessions. Great for kids, teens, and adults who love cute coloring pages. Click to download and print this cozy coloring page. Save this pin for your next coloring session!","https://tinyanimalworlds.com/coloring/cute-mouse-lantern-festival-co","Kawaii Coloring Pages","kawaii coloring pages, cute coloring, kawaii animals, Japanese coloring, pastel coloring, adorable printable","Pinterest pin image: free printable cute mouse lantern festival free coloring page — cute cozy coloring page from Tiny Animal Worlds."
"public/pinterest/cute-mouse-sewing-room-colorin.jpg","Cute Mouse Sewing Room Free Coloring Page","Free printable cute mouse sewing room coloring page — high-quality JPG design perfect for cozy coloring sessions. Great for kids, teens, and adults who love cute coloring pages. Download free coloring page from Tiny Animal Worlds. Save this pin for your next coloring session!","https://tinyanimalworlds.com/coloring/cute-mouse-sewing-room-colorin","Kawaii Coloring Pages","kawaii coloring pages, cute coloring, kawaii animals, Japanese coloring, pastel coloring, adorable printable","Pinterest pin image: free printable cute mouse sewing room free coloring page — cute cozy coloring page from Tiny Animal Worlds."
"public/pinterest/cute-duck-bakery-cottage-color.jpg","Cute Duck Bakery Cottage Free Coloring Page","Free printable cute duck bakery cottage coloring page — high-quality JPG design perfect for cozy coloring sessions. Great for kids, teens, and adults who love cute coloring pages. Instant download — start coloring in minutes! Great for relaxation, mindfulness, and creative fun.","https://tinyanimalworlds.com/coloring/cute-duck-bakery-cottage-color","Bakery Coloring Pages","bakery coloring, baking coloring, kitchen coloring, sweet shop coloring, pastry coloring, food coloring pages","Pinterest pin image: free printable cute duck bakery cottage free coloring page — cute cozy coloring page from Tiny Animal Worlds."
"public/pinterest/cute-squirrel-treehouse-colori.jpg","Cute Squirrel Treehouse Free Coloring Page","Free printable cute squirrel treehouse coloring page — high-quality JPG design perfect for cozy coloring sessions. Great for kids, teens, and adults who love cute coloring pages. Download free coloring page from Tiny Animal Worlds. Save this pin for your next coloring session!","https://tinyanimalworlds.com/coloring/cute-squirrel-treehouse-colori","Kawaii Coloring Pages","kawaii coloring pages, cute coloring, kawaii animals, Japanese coloring, pastel coloring, adorable printable","Pinterest pin image: free printable cute squirrel treehouse free coloring page — cute cozy coloring page from Tiny Animal Worlds."
"public/pinterest/cute-bear-apple-orchard-colori.jpg","Cute Bear Apple Orchard Free Coloring Page","Free printable cute bear apple orchard coloring page — high-quality JPG design perfect for cozy coloring sessions. Great for kids, teens, and adults who love cute coloring pages. Free JPG download — no sign-up required! Print instantly and start coloring today!","https://tinyanimalworlds.com/coloring/cute-bear-apple-orchard-colori","Kawaii Coloring Pages","kawaii coloring pages, cute coloring, kawaii animals, Japanese coloring, pastel coloring, adorable printable","Pinterest pin image: free printable cute bear apple orchard free coloring page — cute cozy coloring page from Tiny Animal Worlds."
"public/pinterest/cute-fox-lantern-festival-colo.jpg","Cute Fox Lantern Festival Free Coloring Page","Free printable cute fox lantern festival coloring page — high-quality JPG design perfect for cozy coloring sessions. Great for kids, teens, and adults who love cute coloring pages. Great for relaxation, mindfulness, and creative fun. Print instantly and start coloring today!","https://tinyanimalworlds.com/coloring/cute-fox-lantern-festival-colo","Kawaii Coloring Pages","kawaii coloring pages, cute coloring, kawaii animals, Japanese coloring, pastel coloring, adorable printable","Pinterest pin image: free printable cute fox lantern festival free coloring page — cute cozy coloring page from Tiny Animal Worlds."
"public/pinterest/cute-frog-countryside-market-c.jpg","Cute Frog Countryside Market Free Coloring Page","Free printable cute frog countryside market coloring page — high-quality JPG design perfect for cozy coloring sessions. Great for kids, teens, and adults who love cute coloring pages. Great for relaxation, mindfulness, and creative fun. Save this pin for your next coloring session!","https://tinyanimalworlds.com/coloring/cute-frog-countryside-market-c","Kawaii Coloring Pages","kawaii coloring pages, cute coloring, kawaii animals, Japanese coloring, pastel coloring, adorable printable","Pinterest pin image: free printable cute frog countryside market free coloring page — cute cozy coloring page from Tiny Animal Worlds."
"public/pinterest/cute-penguin-ice-cream-shop-co.jpg","Cute Penguin Ice Cream Shop Free Coloring Page","Free printable cute penguin ice cream shop coloring page — high-quality JPG design perfect for cozy coloring sessions. Great for kids, teens, and adults who love cute coloring pages. Save this pin for your next coloring session! Download this free printable coloring page now!","https://tinyanimalworlds.com/coloring/cute-penguin-ice-cream-shop-co","Kawaii Coloring Pages","kawaii coloring pages, cute coloring, kawaii animals, Japanese coloring, pastel coloring, adorable printable","Pinterest pin image: free printable cute penguin ice cream shop free coloring page — cute cozy coloring page from Tiny Animal Worlds."
"public/pinterest/cute-bunny-fairy-garden-colori.jpg","Cute Bunny Fairy Garden Free Coloring Page","Free printable cute bunny fairy garden coloring page — high-quality JPG design perfect for cozy coloring sessions. Great for kids, teens, and adults who love cute coloring pages. Great for relaxation, mindfulness, and creative fun. Instant download — start coloring in minutes!","https://tinyanimalworlds.com/coloring/cute-bunny-fairy-garden-colori","Garden Coloring Pages","garden coloring, flower coloring, botanical coloring, nature coloring, greenhouse coloring, floral printable","Pinterest pin image: free printable cute bunny fairy garden free coloring page — cute cozy coloring page from Tiny Animal Worlds."
"public/pinterest/cute-duck-bakery-wagon-colorin.jpg","Cute Duck Bakery Wagon Free Coloring Page","Free printable cute duck bakery wagon coloring page — high-quality JPG design perfect for cozy coloring sessions. Great for kids, teens, and adults who love cute coloring pages. Download free coloring page from Tiny Animal Worlds. Print instantly and start coloring today!","https://tinyanimalworlds.com/coloring/cute-duck-bakery-wagon-colorin","Bakery Coloring Pages","bakery coloring, baking coloring, kitchen coloring, sweet shop coloring, pastry coloring, food coloring pages","Pinterest pin image: free printable cute duck bakery wagon free coloring page — cute cozy coloring page from Tiny Animal Worlds."
"public/pinterest/cute-bear-honey-shop.jpg","Cute Bear Honey Shop Free Coloring Page","Free printable cute bear honey shop coloring page — high-quality JPG design perfect for cozy coloring sessions. Great for kids, teens, and adults who love cute coloring pages. Perfect for kids and adults who love cute designs. Instant download — start coloring in minutes!","https://tinyanimalworlds.com/coloring/cute-bear-honey-shop","Kawaii Coloring Pages","kawaii coloring pages, cute coloring, kawaii animals, Japanese coloring, pastel coloring, adorable printable","Pinterest pin image: free printable cute bear honey shop free coloring page — cute cozy coloring page from Tiny Animal Worlds."
"public/pinterest/cute-squirrel-riverside-caf-c.jpg","Cute Squirrel Riverside Cafe Free Coloring Page","Free printable cute squirrel riverside cafe coloring page — high-quality JPG design perfect for cozy coloring sessions. Great for kids, teens, and adults who love cute coloring pages. Instant download — start coloring in minutes! Print instantly and start coloring today!","https://tinyanimalworlds.com/coloring/cute-squirrel-riverside-caf-c","Kawaii Coloring Pages","kawaii coloring pages, cute coloring, kawaii animals, Japanese coloring, pastel coloring, adorable printable","Pinterest pin image: free printable cute squirrel riverside cafe free coloring page — cute cozy coloring page from Tiny Animal Worlds."
"public/pinterest/cute-animal-fantasy-village-co.jpg","Cute Animal Fantasy Village Free Coloring Page","Free printable cute animal fantasy village coloring page — high-quality JPG design perfect for cozy coloring sessions. Great for kids, teens, and adults who love cute coloring pages. Instant download — start coloring in minutes! Print at home — high quality JPG ready to color!","https://tinyanimalworlds.com/coloring/cute-animal-fantasy-village-co","Fantasy Coloring Pages","fantasy coloring, magical coloring, dragon coloring, unicorn coloring, fairy tale coloring, enchanted forest","Pinterest pin image: free printable cute animal fantasy village free coloring page — cute cozy coloring page from Tiny Animal Worlds."
"public/pinterest/cute-animal-village.jpg","Cute Animal Village Free Coloring Page","Free printable cute animal village coloring page — high-quality JPG design perfect for cozy coloring sessions. Great for kids, teens, and adults who love cute coloring pages. Free JPG download — no sign-up required! Download free coloring page from Tiny Animal Worlds.","https://tinyanimalworlds.com/coloring/cute-animal-village","Tiny Animal Worlds","tiny animals, miniature coloring, village coloring, tiny worlds, animal communities, whimsical coloring","Pinterest pin image: free printable cute animal village free coloring page — cute cozy coloring page from Tiny Animal Worlds."
"public/pinterest/cute-cat-bookshop.jpg","Cute Cat Bookshop Free Coloring Page","Free printable cute cat bookshop coloring page — high-quality JPG design perfect for cozy coloring sessions. Great for kids, teens, and adults who love cute coloring pages. Download this free printable coloring page now! Great for relaxation, mindfulness, and creative fun.","https://tinyanimalworlds.com/coloring/cute-cat-bookshop","Bookstore Coloring Pages","bookstore coloring, library coloring, reading coloring, cozy bookshop, book lover coloring, printable book scenes","Pinterest pin image: free printable cute cat bookshop free coloring page — cute cozy coloring page from Tiny Animal Worlds."
"public/pinterest/cute-hamster-candy-cart-colori.jpg","Cute Hamster Candy Cart Free Coloring Page","Free printable cute hamster candy cart coloring page — high-quality JPG design perfect for cozy coloring sessions. Great for kids, teens, and adults who love cute coloring pages. Click to download and print this cozy coloring page. Print at home — high quality JPG ready to color!","https://tinyanimalworlds.com/coloring/cute-hamster-candy-cart-colori","Kawaii Coloring Pages","kawaii coloring pages, cute coloring, kawaii animals, Japanese coloring, pastel coloring, adorable printable","Pinterest pin image: free printable cute hamster candy cart free coloring page — cute cozy coloring page from Tiny Animal Worlds."
"public/pinterest/cute-bunny-strawberry-farm-col.jpg","Cute Bunny Strawberry Farm Free Coloring Page","Free printable cute bunny strawberry farm coloring page — high-quality JPG design perfect for cozy coloring sessions. Great for kids, teens, and adults who love cute coloring pages. Free JPG download — no sign-up required! Save this pin for your next coloring session!","https://tinyanimalworlds.com/coloring/cute-bunny-strawberry-farm-col","Kawaii Coloring Pages","kawaii coloring pages, cute coloring, kawaii animals, Japanese coloring, pastel coloring, adorable printable","Pinterest pin image: free printable cute bunny strawberry farm free coloring page — cute cozy coloring page from Tiny Animal Worlds."
"public/pinterest/cute-hamster-candy-house-color.jpg","Cute Hamster Candy House Free Coloring Page","Free printable cute hamster candy house coloring page — high-quality JPG design perfect for cozy coloring sessions. Great for kids, teens, and adults who love cute coloring pages. Perfect for kids and adults who love cute designs. Download this free printable coloring page now!","https://tinyanimalworlds.com/coloring/cute-hamster-candy-house-color","Kawaii Coloring Pages","kawaii coloring pages, cute coloring, kawaii animals, Japanese coloring, pastel coloring, adorable printable","Pinterest pin image: free printable cute hamster candy house free coloring page — cute cozy coloring page from Tiny Animal Worlds."
"public/pinterest/cute-cat-knitting-room-colorin.jpg","Cute Cat Knitting Room Free Coloring Page","Free printable cute cat knitting room coloring page — high-quality JPG design perfect for cozy coloring sessions. Great for kids, teens, and adults who love cute coloring pages. Download this free printable coloring page now! Print instantly and start coloring today!","https://tinyanimalworlds.com/coloring/cute-cat-knitting-room-colorin","Kawaii Coloring Pages","kawaii coloring pages, cute coloring, kawaii animals, Japanese coloring, pastel coloring, adorable printable","Pinterest pin image: free printable cute cat knitting room free coloring page — cute cozy coloring page from Tiny Animal Worlds."
"public/pinterest/cute-fox-tea-cottage.jpg","Cute Fox Tea Cottage Free Coloring Page","Free printable cute fox tea cottage coloring page — high-quality JPG design perfect for cozy coloring sessions. Great for kids, teens, and adults who love cute coloring pages. Instant download — start coloring in minutes! Download this free printable coloring page now!","https://tinyanimalworlds.com/coloring/cute-fox-tea-cottage","Tea Party Coloring Pages","tea party coloring, tea time coloring, afternoon tea, elegant coloring, tea set coloring, garden party","Pinterest pin image: free printable cute fox tea cottage free coloring page — cute cozy coloring page from Tiny Animal Worlds."
"public/pinterest/cute-frog-flower-market-colori.jpg","Cute Frog Flower Market Free Coloring Page","Free printable cute frog flower market coloring page — high-quality JPG design perfect for cozy coloring sessions. Great for kids, teens, and adults who love cute coloring pages. Print at home — high quality JPG ready to color! Great for relaxation, mindfulness, and creative fun.","https://tinyanimalworlds.com/coloring/cute-frog-flower-market-colori","Garden Coloring Pages","garden coloring, flower coloring, botanical coloring, nature coloring, greenhouse coloring, floral printable","Pinterest pin image: free printable cute frog flower market free coloring page — cute cozy coloring page from Tiny Animal Worlds."
"public/pinterest/cute-mouse-moonlight-garden-co.jpg","Cute Mouse Moonlight Garden Free Coloring Page","Free printable cute mouse moonlight garden coloring page — high-quality JPG design perfect for cozy coloring sessions. Great for kids, teens, and adults who love cute coloring pages. Save this pin for your next coloring session! Great for relaxation, mindfulness, and creative fun.","https://tinyanimalworlds.com/coloring/cute-mouse-moonlight-garden-co","Garden Coloring Pages","garden coloring, flower coloring, botanical coloring, nature coloring, greenhouse coloring, floral printable","Pinterest pin image: free printable cute mouse moonlight garden free coloring page — cute cozy coloring page from Tiny Animal Worlds."
"public/pinterest/cute-fox-bookstore.jpg","Cute Fox Bookstore Free Coloring Page","Free printable cute fox bookstore coloring page — high-quality JPG design perfect for cozy coloring sessions. Great for kids, teens, and adults who love cute coloring pages. Instant download — start coloring in minutes! Print instantly and start coloring today!","https://tinyanimalworlds.com/coloring/cute-fox-bookstore","Bookstore Coloring Pages","bookstore coloring, library coloring, reading coloring, cozy bookshop, book lover coloring, printable book scenes","Pinterest pin image: free printable cute fox bookstore free coloring page — cute cozy coloring page from Tiny Animal Worlds."
"public/pinterest/cute-rabbit-village-bakery-col.jpg","Cute Rabbit Village Bakery Free Coloring Page","Free printable cute rabbit village bakery coloring page — high-quality JPG design perfect for cozy coloring sessions. Great for kids, teens, and adults who love cute coloring pages. Perfect for kids and adults who love cute designs. Click to download and print this cozy coloring page.","https://tinyanimalworlds.com/coloring/cute-rabbit-village-bakery-col","Bakery Coloring Pages","bakery coloring, baking coloring, kitchen coloring, sweet shop coloring, pastry coloring, food coloring pages","Pinterest pin image: free printable cute rabbit village bakery free coloring page — cute cozy coloring page from Tiny Animal Worlds."
"public/pinterest/cute-deer-forest-library-color.jpg","Cute Deer Forest Library Free Coloring Page","Free printable cute deer forest library coloring page — high-quality JPG design perfect for cozy coloring sessions. Great for kids, teens, and adults who love cute coloring pages. Click to download and print this cozy coloring page. Great for relaxation, mindfulness, and creative fun.","https://tinyanimalworlds.com/coloring/cute-deer-forest-library-color","Bookstore Coloring Pages","bookstore coloring, library coloring, reading coloring, cozy bookshop, book lover coloring, printable book scenes","Pinterest pin image: free printable cute deer forest library free coloring page — cute cozy coloring page from Tiny Animal Worlds."
"public/pinterest/cute-duck-flower-greenhouse-co.jpg","Cute Duck Flower Greenhouse Free Coloring Page","Free printable cute duck flower greenhouse coloring page — high-quality JPG design perfect for cozy coloring sessions. Great for kids, teens, and adults who love cute coloring pages. Save this pin for your next coloring session! Download this free printable coloring page now!","https://tinyanimalworlds.com/coloring/cute-duck-flower-greenhouse-co","Garden Coloring Pages","garden coloring, flower coloring, botanical coloring, nature coloring, greenhouse coloring, floral printable","Pinterest pin image: free printable cute duck flower greenhouse free coloring page — cute cozy coloring page from Tiny Animal Worlds."
"public/pinterest/cute-penguin-snow-caf-colorin.jpg","Cute Penguin Snow Cafe Free Coloring Page","Free printable cute penguin snow cafe coloring page — high-quality JPG design perfect for cozy coloring sessions. Great for kids, teens, and adults who love cute coloring pages. Perfect for kids and adults who love cute designs. Save this pin for your next coloring session!","https://tinyanimalworlds.com/coloring/cute-penguin-snow-caf-colorin","Christmas Coloring Pages","christmas coloring, holiday coloring, winter coloring, festive coloring, santa coloring, christmas printable","Pinterest pin image: free printable cute penguin snow cafe free coloring page — cute cozy coloring page from Tiny Animal Worlds."
"public/pinterest/cute-raccoon-candy-shop-colori.jpg","Cute Raccoon Candy Shop Free Coloring Page","Free printable cute raccoon candy shop coloring page — high-quality JPG design perfect for cozy coloring sessions. Great for kids, teens, and adults who love cute coloring pages. Save this pin for your next coloring session! Free JPG download — no sign-up required!","https://tinyanimalworlds.com/coloring/cute-raccoon-candy-shop-colori","Kawaii Coloring Pages","kawaii coloring pages, cute coloring, kawaii animals, Japanese coloring, pastel coloring, adorable printable","Pinterest pin image: free printable cute raccoon candy shop free coloring page — cute cozy coloring page from Tiny Animal Worlds."
"public/pinterest/cute-squirrel-acorn-caf-color.jpg","Cute Squirrel Acorn Cafe Free Coloring Page","Free printable cute squirrel acorn cafe coloring page — high-quality JPG design perfect for cozy coloring sessions. Great for kids, teens, and adults who love cute coloring pages. Download free coloring page from Tiny Animal Worlds. Print instantly and start coloring today!","https://tinyanimalworlds.com/coloring/cute-squirrel-acorn-caf-color","Kawaii Coloring Pages","kawaii coloring pages, cute coloring, kawaii animals, Japanese coloring, pastel coloring, adorable printable","Pinterest pin image: free printable cute squirrel acorn cafe free coloring page — cute cozy coloring page from Tiny Animal Worlds."
"public/pinterest/cute-squirrel-village-square-c.jpg","Cute Squirrel Village Square Free Coloring Page","Free printable cute squirrel village square coloring page — high-quality JPG design perfect for cozy coloring sessions. Great for kids, teens, and adults who love cute coloring pages. Print instantly and start coloring today! Download this free printable coloring page now!","https://tinyanimalworlds.com/coloring/cute-squirrel-village-square-c","Tiny Animal Worlds","tiny animals, miniature coloring, village coloring, tiny worlds, animal communities, whimsical coloring","Pinterest pin image: free printable cute squirrel village square free coloring page — cute cozy coloring page from Tiny Animal Worlds."
"public/pinterest/cute-bear-reading-nook-colorin.jpg","Cute Bear Reading Nook Free Coloring Page","Free printable cute bear reading nook coloring page — high-quality JPG design perfect for cozy coloring sessions. Great for kids, teens, and adults who love cute coloring pages. Perfect for kids and adults who love cute designs. Save this pin for your next coloring session!","https://tinyanimalworlds.com/coloring/cute-bear-reading-nook-colorin","Bookstore Coloring Pages","bookstore coloring, library coloring, reading coloring, cozy bookshop, book lover coloring, printable book scenes","Pinterest pin image: free printable cute bear reading nook free coloring page — cute cozy coloring page from Tiny Animal Worlds."
"public/pinterest/cute-bunny-cottage.jpg","Cute Bunny Cottage Free Coloring Page","Free printable cute bunny cottage coloring page — high-quality JPG design perfect for cozy coloring sessions. Great for kids, teens, and adults who love cute coloring pages. Download this free printable coloring page now! Perfect for kids and adults who love cute designs.","https://tinyanimalworlds.com/coloring/cute-bunny-cottage","Cottagecore Coloring","cottagecore coloring, cottage coloring, countryside coloring, rustic coloring, farmhouse coloring, rural scenes","Pinterest pin image: free printable cute bunny cottage free coloring page — cute cozy coloring page from Tiny Animal Worlds."
"public/pinterest/cute-hedgehog-pumpkin-farm-col.jpg","Cute Hedgehog Pumpkin Farm Free Coloring Page","Free printable cute hedgehog pumpkin farm coloring page — high-quality JPG design perfect for cozy coloring sessions. Great for kids, teens, and adults who love cute coloring pages. Click to download and print this cozy coloring page. Instant download — start coloring in minutes!","https://tinyanimalworlds.com/coloring/cute-hedgehog-pumpkin-farm-col","Kawaii Coloring Pages","kawaii coloring pages, cute coloring, kawaii animals, Japanese coloring, pastel coloring, adorable printable","Pinterest pin image: free printable cute hedgehog pumpkin farm free coloring page — cute cozy coloring page from Tiny Animal Worlds."
"public/pinterest/cute-otter-tea-house.jpg","Cute Otter Tea House Free Coloring Page","Free printable cute otter tea house coloring page — high-quality JPG design perfect for cozy coloring sessions. Great for kids, teens, and adults who love cute coloring pages. Great for relaxation, mindfulness, and creative fun. Free JPG download — no sign-up required!","https://tinyanimalworlds.com/coloring/cute-otter-tea-house","Tea Party Coloring Pages","tea party coloring, tea time coloring, afternoon tea, elegant coloring, tea set coloring, garden party","Pinterest pin image: free printable cute otter tea house free coloring page — cute cozy coloring page from Tiny Animal Worlds."
"public/pinterest/cute-hamster-toy-shop.jpg","Cute Hamster Toy Shop Free Coloring Page","Free printable cute hamster toy shop coloring page — high-quality JPG design perfect for cozy coloring sessions. Great for kids, teens, and adults who love cute coloring pages. Save this pin for your next coloring session! Download free coloring page from Tiny Animal Worlds.","https://tinyanimalworlds.com/coloring/cute-hamster-toy-shop","Kawaii Coloring Pages","kawaii coloring pages, cute coloring, kawaii animals, Japanese coloring, pastel coloring, adorable printable","Pinterest pin image: free printable cute hamster toy shop free coloring page — cute cozy coloring page from Tiny Animal Worlds."
"public/pinterest/cute-squirrel-woodland-library.jpg","Cute Squirrel Woodland Library Free Coloring Page","Free printable cute squirrel woodland library coloring page — high-quality JPG design perfect for cozy coloring sessions. Great for kids, teens, and adults who love cute coloring pages. Save this pin for your next coloring session! Click to download and print this cozy coloring page.","https://tinyanimalworlds.com/coloring/cute-squirrel-woodland-library","Bookstore Coloring Pages","bookstore coloring, library coloring, reading coloring, cozy bookshop, book lover coloring, printable book scenes","Pinterest pin image: free printable cute squirrel woodland library free coloring page — cute cozy coloring page from Tiny Animal Worlds."
"public/pinterest/cute-frog-flower-bakery-colori.jpg","Cute Frog Flower Bakery Free Coloring Page","Free printable cute frog flower bakery coloring page — high-quality JPG design perfect for cozy coloring sessions. Great for kids, teens, and adults who love cute coloring pages. Perfect for kids and adults who love cute designs. Instant download — start coloring in minutes!","https://tinyanimalworlds.com/coloring/cute-frog-flower-bakery-colori","Bakery Coloring Pages","bakery coloring, baking coloring, kitchen coloring, sweet shop coloring, pastry coloring, food coloring pages","Pinterest pin image: free printable cute frog flower bakery free coloring page — cute cozy coloring page from Tiny Animal Worlds."
"public/pinterest/cute-hedgehog-garden.jpg","Cute Hedgehog Garden Free Coloring Page","Free printable cute hedgehog garden coloring page — high-quality JPG design perfect for cozy coloring sessions. Great for kids, teens, and adults who love cute coloring pages. Save this pin for your next coloring session! Great for relaxation, mindfulness, and creative fun.","https://tinyanimalworlds.com/coloring/cute-hedgehog-garden","Garden Coloring Pages","garden coloring, flower coloring, botanical coloring, nature coloring, greenhouse coloring, floral printable","Pinterest pin image: free printable cute hedgehog garden free coloring page — cute cozy coloring page from Tiny Animal Worlds."
"public/pinterest/cute-duck-flower-shop.jpg","Cute Duck Flower Shop Free Coloring Page","Free printable cute duck flower shop coloring page — high-quality JPG design perfect for cozy coloring sessions. Great for kids, teens, and adults who love cute coloring pages. Instant download — start coloring in minutes! Download free coloring page from Tiny Animal Worlds.","https://tinyanimalworlds.com/coloring/cute-duck-flower-shop","Garden Coloring Pages","garden coloring, flower coloring, botanical coloring, nature coloring, greenhouse coloring, floral printable","Pinterest pin image: free printable cute duck flower shop free coloring page — cute cozy coloring page from Tiny Animal Worlds."
"public/pinterest/cute-fox-forest-bookstore-colo.jpg","Cute Fox Forest Bookstore Free Coloring Page","Free printable cute fox forest bookstore coloring page — high-quality JPG design perfect for cozy coloring sessions. Great for kids, teens, and adults who love cute coloring pages. Download this free printable coloring page now! Save this pin for your next coloring session!","https://tinyanimalworlds.com/coloring/cute-fox-forest-bookstore-colo","Bookstore Coloring Pages","bookstore coloring, library coloring, reading coloring, cozy bookshop, book lover coloring, printable book scenes","Pinterest pin image: free printable cute fox forest bookstore free coloring page — cute cozy coloring page from Tiny Animal Worlds."
"public/pinterest/cute-bunny-strawberry-caf-col.jpg","Cute Bunny Strawberry Cafe Free Coloring Page","Free printable cute bunny strawberry cafe coloring page — high-quality JPG design perfect for cozy coloring sessions. Great for kids, teens, and adults who love cute coloring pages. Click to download and print this cozy coloring page. Instant download — start coloring in minutes!","https://tinyanimalworlds.com/coloring/cute-bunny-strawberry-caf-col","Kawaii Coloring Pages","kawaii coloring pages, cute coloring, kawaii animals, Japanese coloring, pastel coloring, adorable printable","Pinterest pin image: free printable cute bunny strawberry cafe free coloring page — cute cozy coloring page from Tiny Animal Worlds."
"public/pinterest/cute-mouse-bakery.jpg","Cute Mouse Bakery Free Coloring Page","Free printable cute mouse bakery coloring page — high-quality JPG design perfect for cozy coloring sessions. Great for kids, teens, and adults who love cute coloring pages. Print at home — high quality JPG ready to color! Download free coloring page from Tiny Animal Worlds.","https://tinyanimalworlds.com/coloring/cute-mouse-bakery","Bakery Coloring Pages","bakery coloring, baking coloring, kitchen coloring, sweet shop coloring, pastry coloring, food coloring pages","Pinterest pin image: free printable cute mouse bakery free coloring page — cute cozy coloring page from Tiny Animal Worlds."
"public/pinterest/cute-mouse-fairy-cottage-color.jpg","Cute Mouse Fairy Cottage Free Coloring Page","Free printable cute mouse fairy cottage coloring page — high-quality JPG design perfect for cozy coloring sessions. Great for kids, teens, and adults who love cute coloring pages. Great for relaxation, mindfulness, and creative fun. Save this pin for your next coloring session!","https://tinyanimalworlds.com/coloring/cute-mouse-fairy-cottage-color","Cottagecore Coloring","cottagecore coloring, cottage coloring, countryside coloring, rustic coloring, farmhouse coloring, rural scenes","Pinterest pin image: free printable cute mouse fairy cottage free coloring page — cute cozy coloring page from Tiny Animal Worlds."
"public/pinterest/cute-unicorn-fairy-forest-colo.jpg","Cute Unicorn Fairy Forest Free Coloring Page","Free printable cute unicorn fairy forest coloring page — high-quality JPG design perfect for cozy coloring sessions. Great for kids, teens, and adults who love cute coloring pages. Print at home — high quality JPG ready to color! Download free coloring page from Tiny Animal Worlds.","https://tinyanimalworlds.com/coloring/cute-unicorn-fairy-forest-colo","Fantasy Coloring Pages","fantasy coloring, magical coloring, dragon coloring, unicorn coloring, fairy tale coloring, enchanted forest","Pinterest pin image: free printable cute unicorn fairy forest free coloring page — cute cozy coloring page from Tiny Animal Worlds."
"public/pinterest/cute-duck-ice-cream-stand-colo.jpg","Cute Duck Ice Cream Stand Free Coloring Page","Free printable cute duck ice cream stand coloring page — high-quality JPG design perfect for cozy coloring sessions. Great for kids, teens, and adults who love cute coloring pages. Free JPG download — no sign-up required! Print instantly and start coloring today!","https://tinyanimalworlds.com/coloring/cute-duck-ice-cream-stand-colo","Kawaii Coloring Pages","kawaii coloring pages, cute coloring, kawaii animals, Japanese coloring, pastel coloring, adorable printable","Pinterest pin image: free printable cute duck ice cream stand free coloring page — cute cozy coloring page from Tiny Animal Worlds."
"public/pinterest/cute-penguin-winter-wonderland.jpg","Cute Penguin Winter Wonderland Free Coloring Page","Free printable cute penguin winter wonderland coloring page — high-quality JPG design perfect for cozy coloring sessions. Great for kids, teens, and adults who love cute coloring pages. Download free coloring page from Tiny Animal Worlds. Print instantly and start coloring today!","https://tinyanimalworlds.com/coloring/cute-penguin-winter-wonderland","Kawaii Coloring Pages","kawaii coloring pages, cute coloring, kawaii animals, Japanese coloring, pastel coloring, adorable printable","Pinterest pin image: free printable cute penguin winter wonderland free coloring page — cute cozy coloring page from Tiny Animal Worlds."
"public/pinterest/cute-bear-winter-cabin-colorin.jpg","Cute Bear Winter Cabin Free Coloring Page","Free printable cute bear winter cabin coloring page — high-quality JPG design perfect for cozy coloring sessions. Great for kids, teens, and adults who love cute coloring pages. Print instantly and start coloring today! Great for relaxation, mindfulness, and creative fun.","https://tinyanimalworlds.com/coloring/cute-bear-winter-cabin-colorin","Cottagecore Coloring","cottagecore coloring, cottage coloring, countryside coloring, rustic coloring, farmhouse coloring, rural scenes","Pinterest pin image: free printable cute bear winter cabin free coloring page — cute cozy coloring page from Tiny Animal Worlds."
"public/pinterest/cute-cat-greenhouse.jpg","Cute Cat Greenhouse Free Coloring Page","Free printable cute cat greenhouse coloring page — high-quality JPG design perfect for cozy coloring sessions. Great for kids, teens, and adults who love cute coloring pages. Instant download — start coloring in minutes! Save this pin for your next coloring session!","https://tinyanimalworlds.com/coloring/cute-cat-greenhouse","Garden Coloring Pages","garden coloring, flower coloring, botanical coloring, nature coloring, greenhouse coloring, floral printable","Pinterest pin image: free printable cute cat greenhouse free coloring page — cute cozy coloring page from Tiny Animal Worlds."
"public/pinterest/cute-hamster-bookstore-colorin.jpg","Cute Hamster Bookstore Free Coloring Page","Free printable cute hamster bookstore coloring page — high-quality JPG design perfect for cozy coloring sessions. Great for kids, teens, and adults who love cute coloring pages. Free JPG download — no sign-up required! Print instantly and start coloring today!","https://tinyanimalworlds.com/coloring/cute-hamster-bookstore-colorin","Bookstore Coloring Pages","bookstore coloring, library coloring, reading coloring, cozy bookshop, book lover coloring, printable book scenes","Pinterest pin image: free printable cute hamster bookstore free coloring page — cute cozy coloring page from Tiny Animal Worlds."
"public/pinterest/cute-squirrel-lantern-shop-col.jpg","Cute Squirrel Lantern Shop Free Coloring Page","Free printable cute squirrel lantern shop coloring page — high-quality JPG design perfect for cozy coloring sessions. Great for kids, teens, and adults who love cute coloring pages. Perfect for kids and adults who love cute designs. Instant download — start coloring in minutes!","https://tinyanimalworlds.com/coloring/cute-squirrel-lantern-shop-col","Kawaii Coloring Pages","kawaii coloring pages, cute coloring, kawaii animals, Japanese coloring, pastel coloring, adorable printable","Pinterest pin image: free printable cute squirrel lantern shop free coloring page — cute cozy coloring page from Tiny Animal Worlds."
"public/pinterest/cute-bear-honey-farm.jpg","Cute Bear Honey Farm Free Coloring Page","Free printable cute bear honey farm coloring page — high-quality JPG design perfect for cozy coloring sessions. Great for kids, teens, and adults who love cute coloring pages. Instant download — start coloring in minutes! Great for relaxation, mindfulness, and creative fun.","https://tinyanimalworlds.com/coloring/cute-bear-honey-farm","Kawaii Coloring Pages","kawaii coloring pages, cute coloring, kawaii animals, Japanese coloring, pastel coloring, adorable printable","Pinterest pin image: free printable cute bear honey farm free coloring page — cute cozy coloring page from Tiny Animal Worlds."
"public/pinterest/cute-cat-caf.jpg","Cute Cat Caf Free Coloring Page","Free printable cute cat caf coloring page — high-quality JPG design perfect for cozy coloring sessions. Great for kids, teens, and adults who love cute coloring pages. Perfect for kids and adults who love cute designs. Free JPG download — no sign-up required!","https://tinyanimalworlds.com/coloring/cute-cat-caf","Kawaii Coloring Pages","kawaii coloring pages, cute coloring, kawaii animals, Japanese coloring, pastel coloring, adorable printable","Pinterest pin image: free printable cute cat caf free coloring page — cute cozy coloring page from Tiny Animal Worlds."
"public/pinterest/cute-fox-mushroom-house-colori.jpg","Cute Fox Mushroom House Free Coloring Page","Free printable cute fox mushroom house coloring page — high-quality JPG design perfect for cozy coloring sessions. Great for kids, teens, and adults who love cute coloring pages. Download this free printable coloring page now! Perfect for kids and adults who love cute designs.","https://tinyanimalworlds.com/coloring/cute-fox-mushroom-house-colori","Kawaii Coloring Pages","kawaii coloring pages, cute coloring, kawaii animals, Japanese coloring, pastel coloring, adorable printable","Pinterest pin image: free printable cute fox mushroom house free coloring page — cute cozy coloring page from Tiny Animal Worlds."
"public/pinterest/cute-hamster-bakery-truck-colo.jpg","Cute Hamster Bakery Truck Free Coloring Page","Free printable cute hamster bakery truck coloring page — high-quality JPG design perfect for cozy coloring sessions. Great for kids, teens, and adults who love cute coloring pages. Click to download and print this cozy coloring page. Free JPG download — no sign-up required!","https://tinyanimalworlds.com/coloring/cute-hamster-bakery-truck-colo","Bakery Coloring Pages","bakery coloring, baking coloring, kitchen coloring, sweet shop coloring, pastry coloring, food coloring pages","Pinterest pin image: free printable cute hamster bakery truck free coloring page — cute cozy coloring page from Tiny Animal Worlds."
"public/pinterest/cute-rabbit-flower-cottage-col.jpg","Cute Rabbit Flower Cottage Free Coloring Page","Free printable cute rabbit flower cottage coloring page — high-quality JPG design perfect for cozy coloring sessions. Great for kids, teens, and adults who love cute coloring pages. Free JPG download — no sign-up required! Perfect for kids and adults who love cute designs.","https://tinyanimalworlds.com/coloring/cute-rabbit-flower-cottage-col","Garden Coloring Pages","garden coloring, flower coloring, botanical coloring, nature coloring, greenhouse coloring, floral printable","Pinterest pin image: free printable cute rabbit flower cottage free coloring page — cute cozy coloring page from Tiny Animal Worlds."
"public/pinterest/cute-rabbit-tea-party.jpg","Cute Rabbit Tea Party Free Coloring Page","Free printable cute rabbit tea party coloring page — high-quality JPG design perfect for cozy coloring sessions. Great for kids, teens, and adults who love cute coloring pages. Free JPG download — no sign-up required! Save this pin for your next coloring session!","https://tinyanimalworlds.com/coloring/cute-rabbit-tea-party","Tea Party Coloring Pages","tea party coloring, tea time coloring, afternoon tea, elegant coloring, tea set coloring, garden party","Pinterest pin image: free printable cute rabbit tea party free coloring page — cute cozy coloring page from Tiny Animal Worlds."
"public/pinterest/cute-duck-rainy-day-caf-color.jpg","Cute Duck Rainy Day Cafe Free Coloring Page","Free printable cute duck rainy day cafe coloring page — high-quality JPG design perfect for cozy coloring sessions. Great for kids, teens, and adults who love cute coloring pages. Free JPG download — no sign-up required! Download free coloring page from Tiny Animal Worlds.","https://tinyanimalworlds.com/coloring/cute-duck-rainy-day-caf-color","Rainy Day Coloring Pages","rainy day coloring, rain coloring, cozy indoor coloring, rainy window, umbrella coloring, weather coloring","Pinterest pin image: free printable cute duck rainy day cafe free coloring page — cute cozy coloring page from Tiny Animal Worlds."
"public/pinterest/cute-fox-stargazing-camp-color.jpg","Cute Fox Stargazing Camp Free Coloring Page","Free printable cute fox stargazing camp coloring page — high-quality JPG design perfect for cozy coloring sessions. Great for kids, teens, and adults who love cute coloring pages. Download this free printable coloring page now! Instant download — start coloring in minutes!","https://tinyanimalworlds.com/coloring/cute-fox-stargazing-camp-color","Kawaii Coloring Pages","kawaii coloring pages, cute coloring, kawaii animals, Japanese coloring, pastel coloring, adorable printable","Pinterest pin image: free printable cute fox stargazing camp free coloring page — cute cozy coloring page from Tiny Animal Worlds."
"public/pinterest/cute-fox-book-caf.jpg","Cute Fox Book Caf Free Coloring Page","Free printable cute fox book caf coloring page — high-quality JPG design perfect for cozy coloring sessions. Great for kids, teens, and adults who love cute coloring pages. Download this free printable coloring page now! Click to download and print this cozy coloring page.","https://tinyanimalworlds.com/coloring/cute-fox-book-caf","Bookstore Coloring Pages","bookstore coloring, library coloring, reading coloring, cozy bookshop, book lover coloring, printable book scenes","Pinterest pin image: free printable cute fox book caf free coloring page — cute cozy coloring page from Tiny Animal Worlds."
"public/pinterest/cute-frog-bakery.jpg","Cute Frog Bakery Free Coloring Page","Free printable cute frog bakery coloring page — high-quality JPG design perfect for cozy coloring sessions. Great for kids, teens, and adults who love cute coloring pages. Download free coloring page from Tiny Animal Worlds. Download this free printable coloring page now!","https://tinyanimalworlds.com/coloring/cute-frog-bakery","Bakery Coloring Pages","bakery coloring, baking coloring, kitchen coloring, sweet shop coloring, pastry coloring, food coloring pages","Pinterest pin image: free printable cute frog bakery free coloring page — cute cozy coloring page from Tiny Animal Worlds."
"public/pinterest/cute-duck-lakeside-picnic-colo.jpg","Cute Duck Lakeside Picnic Free Coloring Page","Free printable cute duck lakeside picnic coloring page — high-quality JPG design perfect for cozy coloring sessions. Great for kids, teens, and adults who love cute coloring pages. Instant download — start coloring in minutes! Click to download and print this cozy coloring page.","https://tinyanimalworlds.com/coloring/cute-duck-lakeside-picnic-colo","Kawaii Coloring Pages","kawaii coloring pages, cute coloring, kawaii animals, Japanese coloring, pastel coloring, adorable printable","Pinterest pin image: free printable cute duck lakeside picnic free coloring page — cute cozy coloring page from Tiny Animal Worlds."
"public/pinterest/cute-mouse-toy-workshop-colori.jpg","Cute Mouse Toy Workshop Free Coloring Page","Free printable cute mouse toy workshop coloring page — high-quality JPG design perfect for cozy coloring sessions. Great for kids, teens, and adults who love cute coloring pages. Save this pin for your next coloring session! Free JPG download — no sign-up required!","https://tinyanimalworlds.com/coloring/cute-mouse-toy-workshop-colori","Kawaii Coloring Pages","kawaii coloring pages, cute coloring, kawaii animals, Japanese coloring, pastel coloring, adorable printable","Pinterest pin image: free printable cute mouse toy workshop free coloring page — cute cozy coloring page from Tiny Animal Worlds."
"public/pinterest/cute-cat-rain-window.jpg","Cute Cat Rain Window Free Coloring Page","Free printable cute cat rain window coloring page — high-quality JPG design perfect for cozy coloring sessions. Great for kids, teens, and adults who love cute coloring pages. Save this pin for your next coloring session! Click to download and print this cozy coloring page.","https://tinyanimalworlds.com/coloring/cute-cat-rain-window","Rainy Day Coloring Pages","rainy day coloring, rain coloring, cozy indoor coloring, rainy window, umbrella coloring, weather coloring","Pinterest pin image: free printable cute cat rain window free coloring page — cute cozy coloring page from Tiny Animal Worlds."
"public/pinterest/cute-squirrel-cookie-shop-colo.jpg","Cute Squirrel Cookie Shop Free Coloring Page","Free printable cute squirrel cookie shop coloring page — high-quality JPG design perfect for cozy coloring sessions. Great for kids, teens, and adults who love cute coloring pages. Download free coloring page from Tiny Animal Worlds. Free JPG download — no sign-up required!","https://tinyanimalworlds.com/coloring/cute-squirrel-cookie-shop-colo","Bakery Coloring Pages","bakery coloring, baking coloring, kitchen coloring, sweet shop coloring, pastry coloring, food coloring pages","Pinterest pin image: free printable cute squirrel cookie shop free coloring page — cute cozy coloring page from Tiny Animal Worlds."
"public/pinterest/cute-bear-berry-farm.jpg","Cute Bear Berry Farm Free Coloring Page","Free printable cute bear berry farm coloring page — high-quality JPG design perfect for cozy coloring sessions. Great for kids, teens, and adults who love cute coloring pages. Save this pin for your next coloring session! Click to download and print this cozy coloring page.","https://tinyanimalworlds.com/coloring/cute-bear-berry-farm","Kawaii Coloring Pages","kawaii coloring pages, cute coloring, kawaii animals, Japanese coloring, pastel coloring, adorable printable","Pinterest pin image: free printable cute bear berry farm free coloring page — cute cozy coloring page from Tiny Animal Worlds."
"public/pinterest/cute-bunny-knitting-club-color.jpg","Cute Bunny Knitting Club Free Coloring Page","Free printable cute bunny knitting club coloring page — high-quality JPG design perfect for cozy coloring sessions. Great for kids, teens, and adults who love cute coloring pages. Print instantly and start coloring today! Download this free printable coloring page now!","https://tinyanimalworlds.com/coloring/cute-bunny-knitting-club-color","Kawaii Coloring Pages","kawaii coloring pages, cute coloring, kawaii animals, Japanese coloring, pastel coloring, adorable printable","Pinterest pin image: free printable cute bunny knitting club free coloring page — cute cozy coloring page from Tiny Animal Worlds."
"public/pinterest/cute-penguin-bakery.jpg","Cute Penguin Bakery Free Coloring Page","Free printable cute penguin bakery coloring page — high-quality JPG design perfect for cozy coloring sessions. Great for kids, teens, and adults who love cute coloring pages. Print instantly and start coloring today! Print at home — high quality JPG ready to color!","https://tinyanimalworlds.com/coloring/cute-penguin-bakery","Bakery Coloring Pages","bakery coloring, baking coloring, kitchen coloring, sweet shop coloring, pastry coloring, food coloring pages","Pinterest pin image: free printable cute penguin bakery free coloring page — cute cozy coloring page from Tiny Animal Worlds."
"public/pinterest/cute-frog-mushroom-village-col.jpg","Cute Frog Mushroom Village Free Coloring Page","Free printable cute frog mushroom village coloring page — high-quality JPG design perfect for cozy coloring sessions. Great for kids, teens, and adults who love cute coloring pages. Print at home — high quality JPG ready to color! Print instantly and start coloring today!","https://tinyanimalworlds.com/coloring/cute-frog-mushroom-village-col","Tiny Animal Worlds","tiny animals, miniature coloring, village coloring, tiny worlds, animal communities, whimsical coloring","Pinterest pin image: free printable cute frog mushroom village free coloring page — cute cozy coloring page from Tiny Animal Worlds."
"public/pinterest/cute-fox-autumn-cottage-colori.jpg","Cute Fox Autumn Cottage Free Coloring Page","Free printable cute fox autumn cottage coloring page — high-quality JPG design perfect for cozy coloring sessions. Great for kids, teens, and adults who love cute coloring pages. Print at home — high quality JPG ready to color! Download free coloring page from Tiny Animal Worlds.","https://tinyanimalworlds.com/coloring/cute-fox-autumn-cottage-colori","Cottagecore Coloring","cottagecore coloring, cottage coloring, countryside coloring, rustic coloring, farmhouse coloring, rural scenes","Pinterest pin image: free printable cute fox autumn cottage free coloring page — cute cozy coloring page from Tiny Animal Worlds."
"public/pinterest/cute-bunny-picnic-party-colori.jpg","Cute Bunny Picnic Party Free Coloring Page","Free printable cute bunny picnic party coloring page — high-quality JPG design perfect for cozy coloring sessions. Great for kids, teens, and adults who love cute coloring pages. Print at home — high quality JPG ready to color! Print instantly and start coloring today!","https://tinyanimalworlds.com/coloring/cute-bunny-picnic-party-colori","Kawaii Coloring Pages","kawaii coloring pages, cute coloring, kawaii animals, Japanese coloring, pastel coloring, adorable printable","Pinterest pin image: free printable cute bunny picnic party free coloring page — cute cozy coloring page from Tiny Animal Worlds."
"public/pinterest/cute-mouse-mushroom-bakery-col.jpg","Cute Mouse Mushroom Bakery Free Coloring Page","Free printable cute mouse mushroom bakery coloring page — high-quality JPG design perfect for cozy coloring sessions. Great for kids, teens, and adults who love cute coloring pages. Click to download and print this cozy coloring page. Print instantly and start coloring today!","https://tinyanimalworlds.com/coloring/cute-mouse-mushroom-bakery-col","Bakery Coloring Pages","bakery coloring, baking coloring, kitchen coloring, sweet shop coloring, pastry coloring, food coloring pages","Pinterest pin image: free printable cute mouse mushroom bakery free coloring page — cute cozy coloring page from Tiny Animal Worlds."
"public/pinterest/cute-hedgehog-library.jpg","Cute Hedgehog Library Free Coloring Page","Free printable cute hedgehog library coloring page — high-quality JPG design perfect for cozy coloring sessions. Great for kids, teens, and adults who love cute coloring pages. Great for relaxation, mindfulness, and creative fun. Save this pin for your next coloring session!","https://tinyanimalworlds.com/coloring/cute-hedgehog-library","Bookstore Coloring Pages","bookstore coloring, library coloring, reading coloring, cozy bookshop, book lover coloring, printable book scenes","Pinterest pin image: free printable cute hedgehog library free coloring page — cute cozy coloring page from Tiny Animal Worlds."
"public/pinterest/cute-mouse-tea-garden.jpg","Cute Mouse Tea Garden Free Coloring Page","Free printable cute mouse tea garden coloring page — high-quality JPG design perfect for cozy coloring sessions. Great for kids, teens, and adults who love cute coloring pages. Save this pin for your next coloring session! Instant download — start coloring in minutes!","https://tinyanimalworlds.com/coloring/cute-mouse-tea-garden","Tea Party Coloring Pages","tea party coloring, tea time coloring, afternoon tea, elegant coloring, tea set coloring, garden party","Pinterest pin image: free printable cute mouse tea garden free coloring page — cute cozy coloring page from Tiny Animal Worlds."
"public/pinterest/cute-rabbit-candle-shop-colori.jpg","Cute Rabbit Candle Shop Free Coloring Page","Free printable cute rabbit candle shop coloring page — high-quality JPG design perfect for cozy coloring sessions. Great for kids, teens, and adults who love cute coloring pages. Save this pin for your next coloring session! Print at home — high quality JPG ready to color!","https://tinyanimalworlds.com/coloring/cute-rabbit-candle-shop-colori","Kawaii Coloring Pages","kawaii coloring pages, cute coloring, kawaii animals, Japanese coloring, pastel coloring, adorable printable","Pinterest pin image: free printable cute rabbit candle shop free coloring page — cute cozy coloring page from Tiny Animal Worlds."
"public/pinterest/cute-duck-farmer-market-colori.jpg","Cute Duck Farmer Market Free Coloring Page","Free printable cute duck farmer market coloring page — high-quality JPG design perfect for cozy coloring sessions. Great for kids, teens, and adults who love cute coloring pages. Click to download and print this cozy coloring page. Download free coloring page from Tiny Animal Worlds.","https://tinyanimalworlds.com/coloring/cute-duck-farmer-market-colori","Kawaii Coloring Pages","kawaii coloring pages, cute coloring, kawaii animals, Japanese coloring, pastel coloring, adorable printable","Pinterest pin image: free printable cute duck farmer market free coloring page — cute cozy coloring page from Tiny Animal Worlds."
"public/pinterest/cute-cat-music-room.jpg","Cute Cat Music Room Free Coloring Page","Free printable cute cat music room coloring page — high-quality JPG design perfect for cozy coloring sessions. Great for kids, teens, and adults who love cute coloring pages. Download this free printable coloring page now! Download free coloring page from Tiny Animal Worlds.","https://tinyanimalworlds.com/coloring/cute-cat-music-room","Kawaii Coloring Pages","kawaii coloring pages, cute coloring, kawaii animals, Japanese coloring, pastel coloring, adorable printable","Pinterest pin image: free printable cute cat music room free coloring page — cute cozy coloring page from Tiny Animal Worlds."
"public/pinterest/cute-squirrel-jam-shop-colorin.jpg","Cute Squirrel Jam Shop Free Coloring Page","Free printable cute squirrel jam shop coloring page — high-quality JPG design perfect for cozy coloring sessions. Great for kids, teens, and adults who love cute coloring pages. Print instantly and start coloring today! Print at home — high quality JPG ready to color!","https://tinyanimalworlds.com/coloring/cute-squirrel-jam-shop-colorin","Kawaii Coloring Pages","kawaii coloring pages, cute coloring, kawaii animals, Japanese coloring, pastel coloring, adorable printable","Pinterest pin image: free printable cute squirrel jam shop free coloring page — cute cozy coloring page from Tiny Animal Worlds."
"public/pinterest/cute-bear-fishing-cabin-colori.jpg","Cute Bear Fishing Cabin Free Coloring Page","Free printable cute bear fishing cabin coloring page — high-quality JPG design perfect for cozy coloring sessions. Great for kids, teens, and adults who love cute coloring pages. Download free coloring page from Tiny Animal Worlds. Save this pin for your next coloring session!","https://tinyanimalworlds.com/coloring/cute-bear-fishing-cabin-colori","Cottagecore Coloring","cottagecore coloring, cottage coloring, countryside coloring, rustic coloring, farmhouse coloring, rural scenes","Pinterest pin image: free printable cute bear fishing cabin free coloring page — cute cozy coloring page from Tiny Animal Worlds."
"public/pinterest/cute-hamster-train-station-col.jpg","Cute Hamster Train Station Free Coloring Page","Free printable cute hamster train station coloring page — high-quality JPG design perfect for cozy coloring sessions. Great for kids, teens, and adults who love cute coloring pages. Instant download — start coloring in minutes! Download this free printable coloring page now!","https://tinyanimalworlds.com/coloring/cute-hamster-train-station-col","Rainy Day Coloring Pages","rainy day coloring, rain coloring, cozy indoor coloring, rainy window, umbrella coloring, weather coloring","Pinterest pin image: free printable cute hamster train station free coloring page — cute cozy coloring page from Tiny Animal Worlds."
"public/pinterest/cute-fox-pancake-caf.jpg","Cute Fox Pancake Caf Free Coloring Page","Free printable cute fox pancake caf coloring page — high-quality JPG design perfect for cozy coloring sessions. Great for kids, teens, and adults who love cute coloring pages. Instant download — start coloring in minutes! Click to download and print this cozy coloring page.","https://tinyanimalworlds.com/coloring/cute-fox-pancake-caf","Kawaii Coloring Pages","kawaii coloring pages, cute coloring, kawaii animals, Japanese coloring, pastel coloring, adorable printable","Pinterest pin image: free printable cute fox pancake caf free coloring page — cute cozy coloring page from Tiny Animal Worlds."
"public/pinterest/cute-bunny-flower-cart-colorin.jpg","Cute Bunny Flower Cart Free Coloring Page","Free printable cute bunny flower cart coloring page — high-quality JPG design perfect for cozy coloring sessions. Great for kids, teens, and adults who love cute coloring pages. Instant download — start coloring in minutes! Save this pin for your next coloring session!","https://tinyanimalworlds.com/coloring/cute-bunny-flower-cart-colorin","Garden Coloring Pages","garden coloring, flower coloring, botanical coloring, nature coloring, greenhouse coloring, floral printable","Pinterest pin image: free printable cute bunny flower cart free coloring page — cute cozy coloring page from Tiny Animal Worlds."
"public/pinterest/cute-bunny-picnic-meadow-color.jpg","Cute Bunny Picnic Meadow Free Coloring Page","Free printable cute bunny picnic meadow coloring page — high-quality JPG design perfect for cozy coloring sessions. Great for kids, teens, and adults who love cute coloring pages. Great for relaxation, mindfulness, and creative fun. Print at home — high quality JPG ready to color!","https://tinyanimalworlds.com/coloring/cute-bunny-picnic-meadow-color","Kawaii Coloring Pages","kawaii coloring pages, cute coloring, kawaii animals, Japanese coloring, pastel coloring, adorable printable","Pinterest pin image: free printable cute bunny picnic meadow free coloring page — cute cozy coloring page from Tiny Animal Worlds."
"public/pinterest/cute-fox-cozy-reading-room-col.jpg","Cute Fox Cozy Reading Room Free Coloring Page","Free printable cute fox cozy reading room coloring page — high-quality JPG design perfect for cozy coloring sessions. Great for kids, teens, and adults who love cute coloring pages. Download free coloring page from Tiny Animal Worlds. Download this free printable coloring page now!","https://tinyanimalworlds.com/coloring/cute-fox-cozy-reading-room-col","Bookstore Coloring Pages","bookstore coloring, library coloring, reading coloring, cozy bookshop, book lover coloring, printable book scenes","Pinterest pin image: free printable cute fox cozy reading room free coloring page — cute cozy coloring page from Tiny Animal Worlds."
"public/pinterest/cute-frog-post-office.jpg","Cute Frog Post Office Free Coloring Page","Free printable cute frog post office coloring page — high-quality JPG design perfect for cozy coloring sessions. Great for kids, teens, and adults who love cute coloring pages. Print at home — high quality JPG ready to color! Instant download — start coloring in minutes!","https://tinyanimalworlds.com/coloring/cute-frog-post-office","Kawaii Coloring Pages","kawaii coloring pages, cute coloring, kawaii animals, Japanese coloring, pastel coloring, adorable printable","Pinterest pin image: free printable cute frog post office free coloring page — cute cozy coloring page from Tiny Animal Worlds."
"public/pinterest/cute-bear-flower-wagon-colorin.jpg","Cute Bear Flower Wagon Free Coloring Page","Free printable cute bear flower wagon coloring page — high-quality JPG design perfect for cozy coloring sessions. Great for kids, teens, and adults who love cute coloring pages. Free JPG download — no sign-up required! Save this pin for your next coloring session!","https://tinyanimalworlds.com/coloring/cute-bear-flower-wagon-colorin","Garden Coloring Pages","garden coloring, flower coloring, botanical coloring, nature coloring, greenhouse coloring, floral printable","Pinterest pin image: free printable cute bear flower wagon free coloring page — cute cozy coloring page from Tiny Animal Worlds."
"public/pinterest/cute-mouse-cheese-shop-colorin.jpg","Cute Mouse Cheese Shop Free Coloring Page","Free printable cute mouse cheese shop coloring page — high-quality JPG design perfect for cozy coloring sessions. Great for kids, teens, and adults who love cute coloring pages. Free JPG download — no sign-up required! Print at home — high quality JPG ready to color!","https://tinyanimalworlds.com/coloring/cute-mouse-cheese-shop-colorin","Kawaii Coloring Pages","kawaii coloring pages, cute coloring, kawaii animals, Japanese coloring, pastel coloring, adorable printable","Pinterest pin image: free printable cute mouse cheese shop free coloring page — cute cozy coloring page from Tiny Animal Worlds."
"public/pinterest/cute-deer-flower-meadow-colori.jpg","Cute Deer Flower Meadow Free Coloring Page","Free printable cute deer flower meadow coloring page — high-quality JPG design perfect for cozy coloring sessions. Great for kids, teens, and adults who love cute coloring pages. Click to download and print this cozy coloring page. Download this free printable coloring page now!","https://tinyanimalworlds.com/coloring/cute-deer-flower-meadow-colori","Garden Coloring Pages","garden coloring, flower coloring, botanical coloring, nature coloring, greenhouse coloring, floral printable","Pinterest pin image: free printable cute deer flower meadow free coloring page — cute cozy coloring page from Tiny Animal Worlds."
"public/pinterest/cute-duck-countryside-cottage.jpg","Cute Duck Countryside Cottage Free Coloring Page","Free printable cute duck countryside cottage coloring page — high-quality JPG design perfect for cozy coloring sessions. Great for kids, teens, and adults who love cute coloring pages. Print at home — high quality JPG ready to color! Great for relaxation, mindfulness, and creative fun.","https://tinyanimalworlds.com/coloring/cute-duck-countryside-cottage","Cottagecore Coloring","cottagecore coloring, cottage coloring, countryside coloring, rustic coloring, farmhouse coloring, rural scenes","Pinterest pin image: free printable cute duck countryside cottage free coloring page — cute cozy coloring page from Tiny Animal Worlds."
"public/pinterest/cute-cat-cupcake-bakery-colori.jpg","Cute Cat Cupcake Bakery Free Coloring Page","Free printable cute cat cupcake bakery coloring page — high-quality JPG design perfect for cozy coloring sessions. Great for kids, teens, and adults who love cute coloring pages. Download this free printable coloring page now! Print at home — high quality JPG ready to color!","https://tinyanimalworlds.com/coloring/cute-cat-cupcake-bakery-colori","Bakery Coloring Pages","bakery coloring, baking coloring, kitchen coloring, sweet shop coloring, pastry coloring, food coloring pages","Pinterest pin image: free printable cute cat cupcake bakery free coloring page — cute cozy coloring page from Tiny Animal Worlds."
"public/pinterest/cute-hedgehog-autumn-bakery-co.jpg","Cute Hedgehog Autumn Bakery Free Coloring Page","Free printable cute hedgehog autumn bakery coloring page — high-quality JPG design perfect for cozy coloring sessions. Great for kids, teens, and adults who love cute coloring pages. Download free coloring page from Tiny Animal Worlds. Download this free printable coloring page now!","https://tinyanimalworlds.com/coloring/cute-hedgehog-autumn-bakery-co","Bakery Coloring Pages","bakery coloring, baking coloring, kitchen coloring, sweet shop coloring, pastry coloring, food coloring pages","Pinterest pin image: free printable cute hedgehog autumn bakery free coloring page — cute cozy coloring page from Tiny Animal Worlds."
"public/pinterest/cute-bear-camping-scene-colori.jpg","Cute Bear Camping Scene Free Coloring Page","Free printable cute bear camping scene coloring page — high-quality JPG design perfect for cozy coloring sessions. Great for kids, teens, and adults who love cute coloring pages. Print instantly and start coloring today! Print at home — high quality JPG ready to color!","https://tinyanimalworlds.com/coloring/cute-bear-camping-scene-colori","Kawaii Coloring Pages","kawaii coloring pages, cute coloring, kawaii animals, Japanese coloring, pastel coloring, adorable printable","Pinterest pin image: free printable cute bear camping scene free coloring page — cute cozy coloring page from Tiny Animal Worlds."
"public/pinterest/cute-penguin-reading-room-colo.jpg","Cute Penguin Reading Room Free Coloring Page","Free printable cute penguin reading room coloring page — high-quality JPG design perfect for cozy coloring sessions. Great for kids, teens, and adults who love cute coloring pages. Download this free printable coloring page now! Perfect for kids and adults who love cute designs.","https://tinyanimalworlds.com/coloring/cute-penguin-reading-room-colo","Bookstore Coloring Pages","bookstore coloring, library coloring, reading coloring, cozy bookshop, book lover coloring, printable book scenes","Pinterest pin image: free printable cute penguin reading room free coloring page — cute cozy coloring page from Tiny Animal Worlds."
"public/pinterest/cat-treehouse-village.jpg","Cute Cat Treehouse Village Printable Coloring Page","Free printable cute cat treehouse village coloring page — high-quality JPG design perfect for cozy coloring sessions. Great for kids, teens, and adults who love cute coloring pages. Save this pin for your next coloring session! Instant download — start coloring in minutes!","https://tinyanimalworlds.com/coloring/cat-treehouse-village","Tiny Animal Worlds","tiny animals, miniature coloring, village coloring, tiny worlds, animal communities, whimsical coloring","Pinterest pin image: free printable cute cat treehouse village printable coloring page — cute cozy coloring page from Tiny Animal Worlds."
"public/pinterest/cat-walking-through-cozy-villa.jpg","Cat Walking Through Cozy Villa Free Coloring Page","Free printable cat walking through cozy villa coloring page — high-quality JPG design perfect for cozy coloring sessions. Great for kids, teens, and adults who love cute coloring pages. Print instantly and start coloring today! Free JPG download — no sign-up required!","https://tinyanimalworlds.com/coloring/cat-walking-through-cozy-villa","Cozy Coloring Pages","cozy coloring, hygge coloring, relaxing coloring, warm coloring, comfort coloring, mindfulness coloring","Pinterest pin image: free printable cat walking through cozy villa free coloring page — cute cozy coloring page from Tiny Animal Worlds."
"public/pinterest/cat-sewing-room.jpg","Cute Cat Sewing Room Printable Coloring Page","Free printable cute cat sewing room coloring page — high-quality JPG design perfect for cozy coloring sessions. Great for kids, teens, and adults who love cute coloring pages. Perfect for kids and adults who love cute designs. Download this free printable coloring page now!","https://tinyanimalworlds.com/coloring/cat-sewing-room","Cute Animal Coloring Pages","cute animals coloring, animal coloring pages, adorable coloring, pet coloring, cute printable pages, kids coloring","Pinterest pin image: free printable cute cat sewing room printable coloring page — cute cozy coloring page from Tiny Animal Worlds."
"public/pinterest/cat-coffee-shop-with-outdoor-s.jpg","Cat Coffee Shop With Outdoor S Free Coloring Page","Free printable cat coffee shop with outdoor s coloring page — high-quality JPG design perfect for cozy coloring sessions. Great for kids, teens, and adults who love cute coloring pages. Print at home — high quality JPG ready to color! Print instantly and start coloring today!","https://tinyanimalworlds.com/coloring/cat-coffee-shop-with-outdoor-s","Coffee Shop Coloring Pages","coffee shop coloring, cafe coloring, coffee lover coloring, barista coloring, cozy cafe, coffee art","Pinterest pin image: free printable cat coffee shop with outdoor s free coloring page — cute cozy coloring page from Tiny Animal Worlds."
"public/pinterest/cat-gardening-in-backyard.jpg","Cute Cat Gardening In Backyard Printable Coloring Page","Free printable cute cat gardening in backyard coloring page — high-quality JPG design perfect for cozy coloring sessions. Great for kids, teens, and adults who love cute coloring pages. Free JPG download — no sign-up required! Great for relaxation, mindfulness, and creative fun.","https://tinyanimalworlds.com/coloring/cat-gardening-in-backyard","Garden Coloring Pages","garden coloring, flower coloring, botanical coloring, nature coloring, greenhouse coloring, floral printable","Pinterest pin image: free printable cute cat gardening in backyard printable coloring page — cute cozy coloring page from Tiny Animal Worlds."
"public/pinterest/cat-bedroom-with-blankets-and.jpg","Cute Cat Bedroom With Blankets And Printable Coloring Page","Free printable cute cat bedroom with blankets and coloring page — high-quality JPG design perfect for cozy coloring sessions. Great for kids, teens, and adults who love cute coloring pages. Print at home — high quality JPG ready to color! Free JPG download — no sign-up required!","https://tinyanimalworlds.com/coloring/cat-bedroom-with-blankets-and","Cozy Coloring Pages","cozy coloring, hygge coloring, relaxing coloring, warm coloring, comfort coloring, mindfulness coloring","Pinterest pin image: free printable cute cat bedroom with blankets and printable coloring page — cute cozy coloring page from Tiny Animal Worlds."
"public/pinterest/cat-kitchen-baking-cookies.jpg","Cute Cat Kitchen Baking Cookies Printable Coloring Page","Free printable cute cat kitchen baking cookies coloring page — high-quality JPG design perfect for cozy coloring sessions. Great for kids, teens, and adults who love cute coloring pages. Perfect for kids and adults who love cute designs. Print at home — high quality JPG ready to color!","https://tinyanimalworlds.com/coloring/cat-kitchen-baking-cookies","Bakery Coloring Pages","bakery coloring, baking coloring, kitchen coloring, sweet shop coloring, pastry coloring, food coloring pages","Pinterest pin image: free printable cute cat kitchen baking cookies printable coloring page — cute cozy coloring page from Tiny Animal Worlds."
"public/pinterest/cat-farmers-market.jpg","Cute Cat Farmers Market Printable Coloring Page","Free printable cute cat farmers market coloring page — high-quality JPG design perfect for cozy coloring sessions. Great for kids, teens, and adults who love cute coloring pages. Perfect for kids and adults who love cute designs. Print at home — high quality JPG ready to color!","https://tinyanimalworlds.com/coloring/cat-farmers-market","Cozy Coloring Pages","cozy coloring, hygge coloring, relaxing coloring, warm coloring, comfort coloring, mindfulness coloring","Pinterest pin image: free printable cute cat farmers market printable coloring page — cute cozy coloring page from Tiny Animal Worlds."
"public/pinterest/cat-picnic-in-flower-meadow.jpg","Cute Cat Picnic In Flower Meadow Printable Coloring Page","Free printable cute cat picnic in flower meadow coloring page — high-quality JPG design perfect for cozy coloring sessions. Great for kids, teens, and adults who love cute coloring pages. Download free coloring page from Tiny Animal Worlds. Instant download — start coloring in minutes!","https://tinyanimalworlds.com/coloring/cat-picnic-in-flower-meadow","Garden Coloring Pages","garden coloring, flower coloring, botanical coloring, nature coloring, greenhouse coloring, floral printable","Pinterest pin image: free printable cute cat picnic in flower meadow printable coloring page — cute cozy coloring page from Tiny Animal Worlds."
"public/pinterest/cat-candle-shop.jpg","Cute Cat Candle Shop Printable Coloring Page","Free printable cute cat candle shop coloring page — high-quality JPG design perfect for cozy coloring sessions. Great for kids, teens, and adults who love cute coloring pages. Click to download and print this cozy coloring page. Download free coloring page from Tiny Animal Worlds.","https://tinyanimalworlds.com/coloring/cat-candle-shop","Cozy Coloring Pages","cozy coloring, hygge coloring, relaxing coloring, warm coloring, comfort coloring, mindfulness coloring","Pinterest pin image: free printable cute cat candle shop printable coloring page — cute cozy coloring page from Tiny Animal Worlds."
"public/pinterest/all-village-cats-celebrating-t.jpg","All Village Cats Celebrating T Free Coloring Page","Free printable all village cats celebrating t coloring page — high-quality JPG design perfect for cozy coloring sessions. Great for kids, teens, and adults who love cute coloring pages. Print at home — high quality JPG ready to color! Click to download and print this cozy coloring page.","https://tinyanimalworlds.com/coloring/all-village-cats-celebrating-t","Tiny Animal Worlds","tiny animals, miniature coloring, village coloring, tiny worlds, animal communities, whimsical coloring","Pinterest pin image: free printable all village cats celebrating t free coloring page — cute cozy coloring page from Tiny Animal Worlds."
"public/pinterest/cat-artist-studio.jpg","Cute Cat Artist Studio Printable Coloring Page","Free printable cute cat artist studio coloring page — high-quality JPG design perfect for cozy coloring sessions. Great for kids, teens, and adults who love cute coloring pages. Instant download — start coloring in minutes! Save this pin for your next coloring session!","https://tinyanimalworlds.com/coloring/cat-artist-studio","Cute Animal Coloring Pages","cute animals coloring, animal coloring pages, adorable coloring, pet coloring, cute printable pages, kids coloring","Pinterest pin image: free printable cute cat artist studio printable coloring page — cute cozy coloring page from Tiny Animal Worlds."
"public/pinterest/cat-library-inside-treehouse.jpg","Cute Cat Library Inside Treehouse Printable Coloring Page","Free printable cute cat library inside treehouse coloring page — high-quality JPG design perfect for cozy coloring sessions. Great for kids, teens, and adults who love cute coloring pages. Free JPG download — no sign-up required! Great for relaxation, mindfulness, and creative fun.","https://tinyanimalworlds.com/coloring/cat-library-inside-treehouse","Bookstore Coloring Pages","bookstore coloring, library coloring, reading coloring, cozy bookshop, book lover coloring, printable book scenes","Pinterest pin image: free printable cute cat library inside treehouse printable coloring page — cute cozy coloring page from Tiny Animal Worlds."
"public/pinterest/cat-reading-under-rainy-window.jpg","Cat Reading Under Rainy Window Free Coloring Page","Free printable cat reading under rainy window coloring page — high-quality JPG design perfect for cozy coloring sessions. Great for kids, teens, and adults who love cute coloring pages. Instant download — start coloring in minutes! Free JPG download — no sign-up required!","https://tinyanimalworlds.com/coloring/cat-reading-under-rainy-window","Bookstore Coloring Pages","bookstore coloring, library coloring, reading coloring, cozy bookshop, book lover coloring, printable book scenes","Pinterest pin image: free printable cat reading under rainy window free coloring page — cute cozy coloring page from Tiny Animal Worlds."
"public/pinterest/cat-flower-shop-village-street.jpg","Cat Flower Shop Village Street Free Coloring Page","Free printable cat flower shop village street coloring page — high-quality JPG design perfect for cozy coloring sessions. Great for kids, teens, and adults who love cute coloring pages. Download free coloring page from Tiny Animal Worlds. Download this free printable coloring page now!","https://tinyanimalworlds.com/coloring/cat-flower-shop-village-street","Tiny Animal Worlds","tiny animals, miniature coloring, village coloring, tiny worlds, animal communities, whimsical coloring","Pinterest pin image: free printable cat flower shop village street free coloring page — cute cozy coloring page from Tiny Animal Worlds."
"public/pinterest/cat-knitting-by-fireplace.jpg","Cute Cat Knitting By Fireplace Printable Coloring Page","Free printable cute cat knitting by fireplace coloring page — high-quality JPG design perfect for cozy coloring sessions. Great for kids, teens, and adults who love cute coloring pages. Perfect for kids and adults who love cute designs. Download this free printable coloring page now!","https://tinyanimalworlds.com/coloring/cat-knitting-by-fireplace","Cute Animal Coloring Pages","cute animals coloring, animal coloring pages, adorable coloring, pet coloring, cute printable pages, kids coloring","Pinterest pin image: free printable cute cat knitting by fireplace printable coloring page — cute cozy coloring page from Tiny Animal Worlds."
"public/pinterest/cat-greenhouse-full-of-plants.jpg","Cute Cat Greenhouse Full Of Plants Printable Coloring Page","Free printable cute cat greenhouse full of plants coloring page — high-quality JPG design perfect for cozy coloring sessions. Great for kids, teens, and adults who love cute coloring pages. Instant download — start coloring in minutes! Click to download and print this cozy coloring page.","https://tinyanimalworlds.com/coloring/cat-greenhouse-full-of-plants","Garden Coloring Pages","garden coloring, flower coloring, botanical coloring, nature coloring, greenhouse coloring, floral printable","Pinterest pin image: free printable cute cat greenhouse full of plants printable coloring page — cute cozy coloring page from Tiny Animal Worlds."
"public/pinterest/cat-tea-room-with-pastries.jpg","Cute Cat Tea Room With Pastries Printable Coloring Page","Free printable cute cat tea room with pastries coloring page — high-quality JPG design perfect for cozy coloring sessions. Great for kids, teens, and adults who love cute coloring pages. Print at home — high quality JPG ready to color! Print instantly and start coloring today!","https://tinyanimalworlds.com/coloring/cat-tea-room-with-pastries","Tea Party Coloring Pages","tea party coloring, tea time coloring, afternoon tea, elegant coloring, tea set coloring, garden party","Pinterest pin image: free printable cute cat tea room with pastries printable coloring page — cute cozy coloring page from Tiny Animal Worlds."
"public/pinterest/cat-cottage-beside-flower-gard.jpg","Cat Cottage Beside Flower Gard Free Coloring Page","Free printable cat cottage beside flower gard coloring page — high-quality JPG design perfect for cozy coloring sessions. Great for kids, teens, and adults who love cute coloring pages. Great for relaxation, mindfulness, and creative fun. Download free coloring page from Tiny Animal Worlds.","https://tinyanimalworlds.com/coloring/cat-cottage-beside-flower-gard","Garden Coloring Pages","garden coloring, flower coloring, botanical coloring, nature coloring, greenhouse coloring, floral printable","Pinterest pin image: free printable cat cottage beside flower gard free coloring page — cute cozy coloring page from Tiny Animal Worlds."
"public/pinterest/cat-bookstore-with-cozy-readin.jpg","Cat Bookstore With Cozy Readin Free Coloring Page","Free printable cat bookstore with cozy readin coloring page — high-quality JPG design perfect for cozy coloring sessions. Great for kids, teens, and adults who love cute coloring pages. Print instantly and start coloring today! Instant download — start coloring in minutes!","https://tinyanimalworlds.com/coloring/cat-bookstore-with-cozy-readin","Bookstore Coloring Pages","bookstore coloring, library coloring, reading coloring, cozy bookshop, book lover coloring, printable book scenes","Pinterest pin image: free printable cat bookstore with cozy readin free coloring page — cute cozy coloring page from Tiny Animal Worlds."
"public/pinterest/cat-bakery-making-bread-and-cu.jpg","Cat Bakery Making Bread And Cu Free Coloring Page","Free printable cat bakery making bread and cu coloring page — high-quality JPG design perfect for cozy coloring sessions. Great for kids, teens, and adults who love cute coloring pages. Click to download and print this cozy coloring page. Perfect for kids and adults who love cute designs.","https://tinyanimalworlds.com/coloring/cat-bakery-making-bread-and-cu","Bakery Coloring Pages","bakery coloring, baking coloring, kitchen coloring, sweet shop coloring, pastry coloring, food coloring pages","Pinterest pin image: free printable cat bakery making bread and cu free coloring page — cute cozy coloring page from Tiny Animal Worlds."
"public/pinterest/panoramic-cat-village-scene.jpg","Cute Panoramic Cat Village Scene Printable Coloring Page","Free printable cute panoramic cat village scene coloring page — high-quality JPG design perfect for cozy coloring sessions. Great for kids, teens, and adults who love cute coloring pages. Print at home — high quality JPG ready to color! Free JPG download — no sign-up required!","https://tinyanimalworlds.com/coloring/panoramic-cat-village-scene","Tiny Animal Worlds","tiny animals, miniature coloring, village coloring, tiny worlds, animal communities, whimsical coloring","Pinterest pin image: free printable cute panoramic cat village scene printable coloring page — cute cozy coloring page from Tiny Animal Worlds."
"public/pinterest/cat-cafe-with-books-and-flower.jpg","Cat Cafe With Books And Flower Free Coloring Page","Free printable cat cafe with books and flower coloring page — high-quality JPG design perfect for cozy coloring sessions. Great for kids, teens, and adults who love cute coloring pages. Perfect for kids and adults who love cute designs. Save this pin for your next coloring session!","https://tinyanimalworlds.com/coloring/cat-cafe-with-books-and-flower","Bookstore Coloring Pages","bookstore coloring, library coloring, reading coloring, cozy bookshop, book lover coloring, printable book scenes","Pinterest pin image: free printable cat cafe with books and flower free coloring page — cute cozy coloring page from Tiny Animal Worlds."
"public/pinterest/cat-bookstore-cafe-combination.jpg","Cat Bookstore Cafe Combination Free Coloring Page","Free printable cat bookstore cafe combination coloring page — high-quality JPG design perfect for cozy coloring sessions. Great for kids, teens, and adults who love cute coloring pages. Perfect for kids and adults who love cute designs. Free JPG download — no sign-up required!","https://tinyanimalworlds.com/coloring/cat-bookstore-cafe-combination","Bookstore Coloring Pages","bookstore coloring, library coloring, reading coloring, cozy bookshop, book lover coloring, printable book scenes","Pinterest pin image: free printable cat bookstore cafe combination free coloring page — cute cozy coloring page from Tiny Animal Worlds."
"public/pinterest/cat-cottage-by-pond.jpg","Cute Cat Cottage By Pond Printable Coloring Page","Free printable cute cat cottage by pond coloring page — high-quality JPG design perfect for cozy coloring sessions. Great for kids, teens, and adults who love cute coloring pages. Download this free printable coloring page now! Save this pin for your next coloring session!","https://tinyanimalworlds.com/coloring/cat-cottage-by-pond","Cottagecore Coloring","cottagecore coloring, cottage coloring, countryside coloring, rustic coloring, farmhouse coloring, rural scenes","Pinterest pin image: free printable cute cat cottage by pond printable coloring page — cute cozy coloring page from Tiny Animal Worlds."
"public/pinterest/cat-village-festival.jpg","Cute Cat Village Festival Printable Coloring Page","Free printable cute cat village festival coloring page — high-quality JPG design perfect for cozy coloring sessions. Great for kids, teens, and adults who love cute coloring pages. Free JPG download — no sign-up required! Download this free printable coloring page now!","https://tinyanimalworlds.com/coloring/cat-village-festival","Tiny Animal Worlds","tiny animals, miniature coloring, village coloring, tiny worlds, animal communities, whimsical coloring","Pinterest pin image: free printable cute cat village festival printable coloring page — cute cozy coloring page from Tiny Animal Worlds."
"public/pinterest/cat-sweet-shop.jpg","Cute Cat Sweet Shop Printable Coloring Page","Free printable cute cat sweet shop coloring page — high-quality JPG design perfect for cozy coloring sessions. Great for kids, teens, and adults who love cute coloring pages. Save this pin for your next coloring session! Free JPG download — no sign-up required!","https://tinyanimalworlds.com/coloring/cat-sweet-shop","Cozy Coloring Pages","cozy coloring, hygge coloring, relaxing coloring, warm coloring, comfort coloring, mindfulness coloring","Pinterest pin image: free printable cute cat sweet shop printable coloring page — cute cozy coloring page from Tiny Animal Worlds."
"public/pinterest/cat-painting-flowers.jpg","Cute Cat Painting Flowers Printable Coloring Page","Free printable cute cat painting flowers coloring page — high-quality JPG design perfect for cozy coloring sessions. Great for kids, teens, and adults who love cute coloring pages. Instant download — start coloring in minutes! Perfect for kids and adults who love cute designs.","https://tinyanimalworlds.com/coloring/cat-painting-flowers","Garden Coloring Pages","garden coloring, flower coloring, botanical coloring, nature coloring, greenhouse coloring, floral printable","Pinterest pin image: free printable cute cat painting flowers printable coloring page — cute cozy coloring page from Tiny Animal Worlds."
"public/pinterest/cat-music-room.jpg","Cute Cat Music Room Printable Coloring Page","Free printable cute cat music room coloring page — high-quality JPG design perfect for cozy coloring sessions. Great for kids, teens, and adults who love cute coloring pages. Click to download and print this cozy coloring page. Download free coloring page from Tiny Animal Worlds.","https://tinyanimalworlds.com/coloring/cat-music-room","Cute Animal Coloring Pages","cute animals coloring, animal coloring pages, adorable coloring, pet coloring, cute printable pages, kids coloring","Pinterest pin image: free printable cute cat music room printable coloring page — cute cozy coloring page from Tiny Animal Worlds."
"public/pinterest/cat-camping-under-stars.jpg","Cute Cat Camping Under Stars Printable Coloring Page","Free printable cute cat camping under stars coloring page — high-quality JPG design perfect for cozy coloring sessions. Great for kids, teens, and adults who love cute coloring pages. Download this free printable coloring page now! Perfect for kids and adults who love cute designs.","https://tinyanimalworlds.com/coloring/cat-camping-under-stars","Cute Animal Coloring Pages","cute animals coloring, animal coloring pages, adorable coloring, pet coloring, cute printable pages, kids coloring","Pinterest pin image: free printable cute cat camping under stars printable coloring page — cute cozy coloring page from Tiny Animal Worlds."
"public/pinterest/mouse-family-treehouse.jpg","Cute Mouse Family Treehouse Printable Coloring Page","Free printable cute mouse family treehouse coloring page — high-quality JPG design perfect for cozy coloring sessions. Great for kids, teens, and adults who love cute coloring pages. Free JPG download — no sign-up required! Click to download and print this cozy coloring page.","https://tinyanimalworlds.com/coloring/mouse-family-treehouse","Cute Animal Coloring Pages","cute animals coloring, animal coloring pages, adorable coloring, pet coloring, cute printable pages, kids coloring","Pinterest pin image: free printable cute mouse family treehouse printable coloring page — cute cozy coloring page from Tiny Animal Worlds."
"public/pinterest/squirrel-acorn-village.jpg","Cute Squirrel Acorn Village Printable Coloring Page","Free printable cute squirrel acorn village coloring page — high-quality JPG design perfect for cozy coloring sessions. Great for kids, teens, and adults who love cute coloring pages. Print at home — high quality JPG ready to color! Download free coloring page from Tiny Animal Worlds.","https://tinyanimalworlds.com/coloring/squirrel-acorn-village","Tiny Animal Worlds","tiny animals, miniature coloring, village coloring, tiny worlds, animal communities, whimsical coloring","Pinterest pin image: free printable cute squirrel acorn village printable coloring page — cute cozy coloring page from Tiny Animal Worlds."
"public/pinterest/rabbit-burrow-town.jpg","Cute Rabbit Burrow Town Printable Coloring Page","Free printable cute rabbit burrow town coloring page — high-quality JPG design perfect for cozy coloring sessions. Great for kids, teens, and adults who love cute coloring pages. Click to download and print this cozy coloring page. Free JPG download — no sign-up required!","https://tinyanimalworlds.com/coloring/rabbit-burrow-town","Cute Animal Coloring Pages","cute animals coloring, animal coloring pages, adorable coloring, pet coloring, cute printable pages, kids coloring","Pinterest pin image: free printable cute rabbit burrow town printable coloring page — cute cozy coloring page from Tiny Animal Worlds."
"public/pinterest/hedgehog-hollow-home.jpg","Cute Hedgehog Hollow Home Printable Coloring Page","Free printable cute hedgehog hollow home coloring page — high-quality JPG design perfect for cozy coloring sessions. Great for kids, teens, and adults who love cute coloring pages. Free JPG download — no sign-up required! Great for relaxation, mindfulness, and creative fun.","https://tinyanimalworlds.com/coloring/hedgehog-hollow-home","Cute Animal Coloring Pages","cute animals coloring, animal coloring pages, adorable coloring, pet coloring, cute printable pages, kids coloring","Pinterest pin image: free printable cute hedgehog hollow home printable coloring page — cute cozy coloring page from Tiny Animal Worlds."
"public/pinterest/frog-pond-community.jpg","Cute Frog Pond Community Printable Coloring Page","Free printable cute frog pond community coloring page — high-quality JPG design perfect for cozy coloring sessions. Great for kids, teens, and adults who love cute coloring pages. Save this pin for your next coloring session! Download this free printable coloring page now!","https://tinyanimalworlds.com/coloring/frog-pond-community","Cute Animal Coloring Pages","cute animals coloring, animal coloring pages, adorable coloring, pet coloring, cute printable pages, kids coloring","Pinterest pin image: free printable cute frog pond community printable coloring page — cute cozy coloring page from Tiny Animal Worlds."
"public/pinterest/thatched-roof-cottage.jpg","Cute Thatched Roof Cottage Printable Coloring Page","Free printable cute thatched roof cottage coloring page — high-quality JPG design perfect for cozy coloring sessions. Great for kids, teens, and adults who love cute coloring pages. Perfect for kids and adults who love cute designs. Save this pin for your next coloring session!","https://tinyanimalworlds.com/coloring/thatched-roof-cottage","Cottagecore Coloring","cottagecore coloring, cottage coloring, countryside coloring, rustic coloring, farmhouse coloring, rural scenes","Pinterest pin image: free printable cute thatched roof cottage printable coloring page — cute cozy coloring page from Tiny Animal Worlds."
"public/pinterest/countryside-farmhouse.jpg","Cute Countryside Farmhouse Printable Coloring Page","Free printable cute countryside farmhouse coloring page — high-quality JPG design perfect for cozy coloring sessions. Great for kids, teens, and adults who love cute coloring pages. Download this free printable coloring page now! Save this pin for your next coloring session!","https://tinyanimalworlds.com/coloring/countryside-farmhouse","Cute Animal Coloring Pages","cute animals coloring, animal coloring pages, adorable coloring, pet coloring, cute printable pages, kids coloring","Pinterest pin image: free printable cute countryside farmhouse printable coloring page — cute cozy coloring page from Tiny Animal Worlds."
"public/pinterest/ivy-covered-stone-cottage.jpg","Cute Ivy-Covered Stone Cottage Printable Coloring Page","Free printable cute ivy-covered stone cottage coloring page — high-quality JPG design perfect for cozy coloring sessions. Great for kids, teens, and adults who love cute coloring pages. Print at home — high quality JPG ready to color! Great for relaxation, mindfulness, and creative fun.","https://tinyanimalworlds.com/coloring/ivy-covered-stone-cottage","Cottagecore Coloring","cottagecore coloring, cottage coloring, countryside coloring, rustic coloring, farmhouse coloring, rural scenes","Pinterest pin image: free printable cute ivy-covered stone cottage printable coloring page — cute cozy coloring page from Tiny Animal Worlds."
"public/pinterest/rose-garden-bungalow.jpg","Cute Rose Garden Bungalow Printable Coloring Page","Free printable cute rose garden bungalow coloring page — high-quality JPG design perfect for cozy coloring sessions. Great for kids, teens, and adults who love cute coloring pages. Save this pin for your next coloring session! Instant download — start coloring in minutes!","https://tinyanimalworlds.com/coloring/rose-garden-bungalow","Garden Coloring Pages","garden coloring, flower coloring, botanical coloring, nature coloring, greenhouse coloring, floral printable","Pinterest pin image: free printable cute rose garden bungalow printable coloring page — cute cozy coloring page from Tiny Animal Worlds."
"public/pinterest/lavender-field-cottage.jpg","Cute Lavender Field Cottage Printable Coloring Page","Free printable cute lavender field cottage coloring page — high-quality JPG design perfect for cozy coloring sessions. Great for kids, teens, and adults who love cute coloring pages. Perfect for kids and adults who love cute designs. Print at home — high quality JPG ready to color!","https://tinyanimalworlds.com/coloring/lavender-field-cottage","Cottagecore Coloring","cottagecore coloring, cottage coloring, countryside coloring, rustic coloring, farmhouse coloring, rural scenes","Pinterest pin image: free printable cute lavender field cottage printable coloring page — cute cozy coloring page from Tiny Animal Worlds."
"public/pinterest/rainy-window-with-books.jpg","Cute Rainy Window with Books Printable Coloring Page","Free printable cute rainy window with books coloring page — high-quality JPG design perfect for cozy coloring sessions. Great for kids, teens, and adults who love cute coloring pages. Perfect for kids and adults who love cute designs. Click to download and print this cozy coloring page.","https://tinyanimalworlds.com/coloring/rainy-window-with-books","Bookstore Coloring Pages","bookstore coloring, library coloring, reading coloring, cozy bookshop, book lover coloring, printable book scenes","Pinterest pin image: free printable cute rainy window with books printable coloring page — cute cozy coloring page from Tiny Animal Worlds."
"public/pinterest/umbrella-street-scene.jpg","Cute Umbrella Street Scene Printable Coloring Page","Free printable cute umbrella street scene coloring page — high-quality JPG design perfect for cozy coloring sessions. Great for kids, teens, and adults who love cute coloring pages. Download this free printable coloring page now! Great for relaxation, mindfulness, and creative fun.","https://tinyanimalworlds.com/coloring/umbrella-street-scene","Cute Animal Coloring Pages","cute animals coloring, animal coloring pages, adorable coloring, pet coloring, cute printable pages, kids coloring","Pinterest pin image: free printable cute umbrella street scene printable coloring page — cute cozy coloring page from Tiny Animal Worlds."
"public/pinterest/cozy-indoor-rainy-afternoon.jpg","Cute Cozy Indoor Rainy Afternoon Printable Coloring Page","Free printable cute cozy indoor rainy afternoon coloring page — high-quality JPG design perfect for cozy coloring sessions. Great for kids, teens, and adults who love cute coloring pages. Free JPG download — no sign-up required! Click to download and print this cozy coloring page.","https://tinyanimalworlds.com/coloring/cozy-indoor-rainy-afternoon","Rainy Day Coloring Pages","rainy day coloring, rain coloring, cozy indoor coloring, rainy window, umbrella coloring, weather coloring","Pinterest pin image: free printable cute cozy indoor rainy afternoon printable coloring page — cute cozy coloring page from Tiny Animal Worlds."
"public/pinterest/puddle-jumping-fun.jpg","Cute Puddle Jumping Fun Printable Coloring Page","Free printable cute puddle jumping fun coloring page — high-quality JPG design perfect for cozy coloring sessions. Great for kids, teens, and adults who love cute coloring pages. Print at home — high quality JPG ready to color! Print instantly and start coloring today!","https://tinyanimalworlds.com/coloring/puddle-jumping-fun","Cute Animal Coloring Pages","cute animals coloring, animal coloring pages, adorable coloring, pet coloring, cute printable pages, kids coloring","Pinterest pin image: free printable cute puddle jumping fun printable coloring page — cute cozy coloring page from Tiny Animal Worlds."
"public/pinterest/raindrops-on-flowers.jpg","Cute Raindrops on Flowers Printable Coloring Page","Free printable cute raindrops on flowers coloring page — high-quality JPG design perfect for cozy coloring sessions. Great for kids, teens, and adults who love cute coloring pages. Save this pin for your next coloring session! Perfect for kids and adults who love cute designs.","https://tinyanimalworlds.com/coloring/raindrops-on-flowers","Rainy Day Coloring Pages","rainy day coloring, rain coloring, cozy indoor coloring, rainy window, umbrella coloring, weather coloring","Pinterest pin image: free printable cute raindrops on flowers printable coloring page — cute cozy coloring page from Tiny Animal Worlds."
"public/pinterest/morning-coffee-ritual.jpg","Cute Morning Coffee Ritual Printable Coloring Page","Free printable cute morning coffee ritual coloring page — high-quality JPG design perfect for cozy coloring sessions. Great for kids, teens, and adults who love cute coloring pages. Save this pin for your next coloring session! Click to download and print this cozy coloring page.","https://tinyanimalworlds.com/coloring/morning-coffee-ritual","Coffee Shop Coloring Pages","coffee shop coloring, cafe coloring, coffee lover coloring, barista coloring, cozy cafe, coffee art","Pinterest pin image: free printable cute morning coffee ritual printable coloring page — cute cozy coloring page from Tiny Animal Worlds."
"public/pinterest/corner-cafe-interior.jpg","Cute Corner Cafe Interior Printable Coloring Page","Free printable cute corner cafe interior coloring page — high-quality JPG design perfect for cozy coloring sessions. Great for kids, teens, and adults who love cute coloring pages. Perfect for kids and adults who love cute designs. Save this pin for your next coloring session!","https://tinyanimalworlds.com/coloring/corner-cafe-interior","Coffee Shop Coloring Pages","coffee shop coloring, cafe coloring, coffee lover coloring, barista coloring, cozy cafe, coffee art","Pinterest pin image: free printable cute corner cafe interior printable coloring page — cute cozy coloring page from Tiny Animal Worlds."
"public/pinterest/latte-art-design.jpg","Cute Latte Art Design Printable Coloring Page","Free printable cute latte art design coloring page — high-quality JPG design perfect for cozy coloring sessions. Great for kids, teens, and adults who love cute coloring pages. Great for relaxation, mindfulness, and creative fun. Free JPG download — no sign-up required!","https://tinyanimalworlds.com/coloring/latte-art-design","Cute Animal Coloring Pages","cute animals coloring, animal coloring pages, adorable coloring, pet coloring, cute printable pages, kids coloring","Pinterest pin image: free printable cute latte art design printable coloring page — cute cozy coloring page from Tiny Animal Worlds."
"public/pinterest/coffee-and-pastry-pair.jpg","Cute Coffee and Pastry Pair Printable Coloring Page","Free printable cute coffee and pastry pair coloring page — high-quality JPG design perfect for cozy coloring sessions. Great for kids, teens, and adults who love cute coloring pages. Free JPG download — no sign-up required! Instant download — start coloring in minutes!","https://tinyanimalworlds.com/coloring/coffee-and-pastry-pair","Coffee Shop Coloring Pages","coffee shop coloring, cafe coloring, coffee lover coloring, barista coloring, cozy cafe, coffee art","Pinterest pin image: free printable cute coffee and pastry pair printable coloring page — cute cozy coloring page from Tiny Animal Worlds."
"public/pinterest/espresso-bar-scene.jpg","Cute Espresso Bar Scene Printable Coloring Page","Free printable cute espresso bar scene coloring page — high-quality JPG design perfect for cozy coloring sessions. Great for kids, teens, and adults who love cute coloring pages. Click to download and print this cozy coloring page. Instant download — start coloring in minutes!","https://tinyanimalworlds.com/coloring/espresso-bar-scene","Cute Animal Coloring Pages","cute animals coloring, animal coloring pages, adorable coloring, pet coloring, cute printable pages, kids coloring","Pinterest pin image: free printable cute espresso bar scene printable coloring page — cute cozy coloring page from Tiny Animal Worlds."
"public/pinterest/fresh-bread-morning.jpg","Cute Fresh Bread Morning Printable Coloring Page","Free printable cute fresh bread morning coloring page — high-quality JPG design perfect for cozy coloring sessions. Great for kids, teens, and adults who love cute coloring pages. Download free coloring page from Tiny Animal Worlds. Print instantly and start coloring today!","https://tinyanimalworlds.com/coloring/fresh-bread-morning","Bakery Coloring Pages","bakery coloring, baking coloring, kitchen coloring, sweet shop coloring, pastry coloring, food coloring pages","Pinterest pin image: free printable cute fresh bread morning printable coloring page — cute cozy coloring page from Tiny Animal Worlds."
"public/pinterest/croissant-baking-day.jpg","Cute Croissant Baking Day Printable Coloring Page","Free printable cute croissant baking day coloring page — high-quality JPG design perfect for cozy coloring sessions. Great for kids, teens, and adults who love cute coloring pages. Great for relaxation, mindfulness, and creative fun. Download this free printable coloring page now!","https://tinyanimalworlds.com/coloring/croissant-baking-day","Bakery Coloring Pages","bakery coloring, baking coloring, kitchen coloring, sweet shop coloring, pastry coloring, food coloring pages","Pinterest pin image: free printable cute croissant baking day printable coloring page — cute cozy coloring page from Tiny Animal Worlds."
"public/pinterest/cupcake-decorating-fun.jpg","Cute Cupcake Decorating Fun Printable Coloring Page","Free printable cute cupcake decorating fun coloring page — high-quality JPG design perfect for cozy coloring sessions. Great for kids, teens, and adults who love cute coloring pages. Print instantly and start coloring today! Print at home — high quality JPG ready to color!","https://tinyanimalworlds.com/coloring/cupcake-decorating-fun","Bakery Coloring Pages","bakery coloring, baking coloring, kitchen coloring, sweet shop coloring, pastry coloring, food coloring pages","Pinterest pin image: free printable cute cupcake decorating fun printable coloring page — cute cozy coloring page from Tiny Animal Worlds."
"public/pinterest/pie-cooling-on-windowsill.jpg","Cute Pie Cooling on Windowsill Printable Coloring Page","Free printable cute pie cooling on windowsill coloring page — high-quality JPG design perfect for cozy coloring sessions. Great for kids, teens, and adults who love cute coloring pages. Click to download and print this cozy coloring page. Perfect for kids and adults who love cute designs.","https://tinyanimalworlds.com/coloring/pie-cooling-on-windowsill","Cute Animal Coloring Pages","cute animals coloring, animal coloring pages, adorable coloring, pet coloring, cute printable pages, kids coloring","Pinterest pin image: free printable cute pie cooling on windowsill printable coloring page — cute cozy coloring page from Tiny Animal Worlds."
"public/pinterest/cookie-jar-collection.jpg","Cute Cookie Jar Collection Printable Coloring Page","Free printable cute cookie jar collection coloring page — high-quality JPG design perfect for cozy coloring sessions. Great for kids, teens, and adults who love cute coloring pages. Print at home — high quality JPG ready to color! Save this pin for your next coloring session!","https://tinyanimalworlds.com/coloring/cookie-jar-collection","Bakery Coloring Pages","bakery coloring, baking coloring, kitchen coloring, sweet shop coloring, pastry coloring, food coloring pages","Pinterest pin image: free printable cute cookie jar collection printable coloring page — cute cozy coloring page from Tiny Animal Worlds."
"public/pinterest/secondhand-bookshop.jpg","Cute Secondhand Bookshop Printable Coloring Page","Free printable cute secondhand bookshop coloring page — high-quality JPG design perfect for cozy coloring sessions. Great for kids, teens, and adults who love cute coloring pages. Save this pin for your next coloring session! Perfect for kids and adults who love cute designs.","https://tinyanimalworlds.com/coloring/secondhand-bookshop","Bookstore Coloring Pages","bookstore coloring, library coloring, reading coloring, cozy bookshop, book lover coloring, printable book scenes","Pinterest pin image: free printable cute secondhand bookshop printable coloring page — cute cozy coloring page from Tiny Animal Worlds."
"public/pinterest/library-ladder-scene.jpg","Cute Library Ladder Scene Printable Coloring Page","Free printable cute library ladder scene coloring page — high-quality JPG design perfect for cozy coloring sessions. Great for kids, teens, and adults who love cute coloring pages. Download free coloring page from Tiny Animal Worlds. Click to download and print this cozy coloring page.","https://tinyanimalworlds.com/coloring/library-ladder-scene","Bookstore Coloring Pages","bookstore coloring, library coloring, reading coloring, cozy bookshop, book lover coloring, printable book scenes","Pinterest pin image: free printable cute library ladder scene printable coloring page — cute cozy coloring page from Tiny Animal Worlds."
"public/pinterest/reading-by-candlelight.jpg","Cute Reading by Candlelight Printable Coloring Page","Free printable cute reading by candlelight coloring page — high-quality JPG design perfect for cozy coloring sessions. Great for kids, teens, and adults who love cute coloring pages. Print instantly and start coloring today! Instant download — start coloring in minutes!","https://tinyanimalworlds.com/coloring/reading-by-candlelight","Bookstore Coloring Pages","bookstore coloring, library coloring, reading coloring, cozy bookshop, book lover coloring, printable book scenes","Pinterest pin image: free printable cute reading by candlelight printable coloring page — cute cozy coloring page from Tiny Animal Worlds."
"public/pinterest/bookshelf-organization.jpg","Cute Bookshelf Organization Printable Coloring Page","Free printable cute bookshelf organization coloring page — high-quality JPG design perfect for cozy coloring sessions. Great for kids, teens, and adults who love cute coloring pages. Download free coloring page from Tiny Animal Worlds. Download this free printable coloring page now!","https://tinyanimalworlds.com/coloring/bookshelf-organization","Bookstore Coloring Pages","bookstore coloring, library coloring, reading coloring, cozy bookshop, book lover coloring, printable book scenes","Pinterest pin image: free printable cute bookshelf organization printable coloring page — cute cozy coloring page from Tiny Animal Worlds."
"public/pinterest/story-time-corner.jpg","Cute Story Time Corner Printable Coloring Page","Free printable cute story time corner coloring page — high-quality JPG design perfect for cozy coloring sessions. Great for kids, teens, and adults who love cute coloring pages. Instant download — start coloring in minutes! Click to download and print this cozy coloring page.","https://tinyanimalworlds.com/coloring/story-time-corner","Cute Animal Coloring Pages","cute animals coloring, animal coloring pages, adorable coloring, pet coloring, cute printable pages, kids coloring","Pinterest pin image: free printable cute story time corner printable coloring page — cute cozy coloring page from Tiny Animal Worlds."
"public/pinterest/garden-tea-party.jpg","Cute Garden Tea Party Printable Coloring Page","Free printable cute garden tea party coloring page — high-quality JPG design perfect for cozy coloring sessions. Great for kids, teens, and adults who love cute coloring pages. Print at home — high quality JPG ready to color! Click to download and print this cozy coloring page.","https://tinyanimalworlds.com/coloring/garden-tea-party","Tea Party Coloring Pages","tea party coloring, tea time coloring, afternoon tea, elegant coloring, tea set coloring, garden party","Pinterest pin image: free printable cute garden tea party printable coloring page — cute cozy coloring page from Tiny Animal Worlds."
"public/pinterest/vintage-tea-set-display.jpg","Cute Vintage Tea Set Display Printable Coloring Page","Free printable cute vintage tea set display coloring page — high-quality JPG design perfect for cozy coloring sessions. Great for kids, teens, and adults who love cute coloring pages. Print at home — high quality JPG ready to color! Print instantly and start coloring today!","https://tinyanimalworlds.com/coloring/vintage-tea-set-display","Tea Party Coloring Pages","tea party coloring, tea time coloring, afternoon tea, elegant coloring, tea set coloring, garden party","Pinterest pin image: free printable cute vintage tea set display printable coloring page — cute cozy coloring page from Tiny Animal Worlds."
"public/pinterest/afternoon-tea-tray.jpg","Cute Afternoon Tea Tray Printable Coloring Page","Free printable cute afternoon tea tray coloring page — high-quality JPG design perfect for cozy coloring sessions. Great for kids, teens, and adults who love cute coloring pages. Print instantly and start coloring today! Print at home — high quality JPG ready to color!","https://tinyanimalworlds.com/coloring/afternoon-tea-tray","Tea Party Coloring Pages","tea party coloring, tea time coloring, afternoon tea, elegant coloring, tea set coloring, garden party","Pinterest pin image: free printable cute afternoon tea tray printable coloring page — cute cozy coloring page from Tiny Animal Worlds."
"public/pinterest/tea-and-scones-spread.jpg","Cute Tea and Scones Spread Printable Coloring Page","Free printable cute tea and scones spread coloring page — high-quality JPG design perfect for cozy coloring sessions. Great for kids, teens, and adults who love cute coloring pages. Free JPG download — no sign-up required! Save this pin for your next coloring session!","https://tinyanimalworlds.com/coloring/tea-and-scones-spread","Tea Party Coloring Pages","tea party coloring, tea time coloring, afternoon tea, elegant coloring, tea set coloring, garden party","Pinterest pin image: free printable cute tea and scones spread printable coloring page — cute cozy coloring page from Tiny Animal Worlds."
"public/pinterest/tea-cup-collection.jpg","Cute Tea Cup Collection Printable Coloring Page","Free printable cute tea cup collection coloring page — high-quality JPG design perfect for cozy coloring sessions. Great for kids, teens, and adults who love cute coloring pages. Instant download — start coloring in minutes! Click to download and print this cozy coloring page.","https://tinyanimalworlds.com/coloring/tea-cup-collection","Tea Party Coloring Pages","tea party coloring, tea time coloring, afternoon tea, elegant coloring, tea set coloring, garden party","Pinterest pin image: free printable cute tea cup collection printable coloring page — cute cozy coloring page from Tiny Animal Worlds."
"public/pinterest/enchanted-forest-path.jpg","Cute Enchanted Forest Path Printable Coloring Page","Free printable cute enchanted forest path coloring page — high-quality JPG design perfect for cozy coloring sessions. Great for kids, teens, and adults who love cute coloring pages. Click to download and print this cozy coloring page. Free JPG download — no sign-up required!","https://tinyanimalworlds.com/coloring/enchanted-forest-path","Cute Animal Coloring Pages","cute animals coloring, animal coloring pages, adorable coloring, pet coloring, cute printable pages, kids coloring","Pinterest pin image: free printable cute enchanted forest path printable coloring page — cute cozy coloring page from Tiny Animal Worlds."
"public/pinterest/fairy-door-discovery.jpg","Cute Fairy Door Discovery Printable Coloring Page","Free printable cute fairy door discovery coloring page — high-quality JPG design perfect for cozy coloring sessions. Great for kids, teens, and adults who love cute coloring pages. Click to download and print this cozy coloring page. Download this free printable coloring page now!","https://tinyanimalworlds.com/coloring/fairy-door-discovery","Cute Animal Coloring Pages","cute animals coloring, animal coloring pages, adorable coloring, pet coloring, cute printable pages, kids coloring","Pinterest pin image: free printable cute fairy door discovery printable coloring page — cute cozy coloring page from Tiny Animal Worlds."
"public/pinterest/magic-potion-shelf.jpg","Cute Magic Potion Shelf Printable Coloring Page","Free printable cute magic potion shelf coloring page — high-quality JPG design perfect for cozy coloring sessions. Great for kids, teens, and adults who love cute coloring pages. Print instantly and start coloring today! Download this free printable coloring page now!","https://tinyanimalworlds.com/coloring/magic-potion-shelf","Fantasy Coloring Pages","fantasy coloring, magical coloring, dragon coloring, unicorn coloring, fairy tale coloring, enchanted forest","Pinterest pin image: free printable cute magic potion shelf printable coloring page — cute cozy coloring page from Tiny Animal Worlds."
"public/pinterest/dragon-perch-view.jpg","Cute Dragon Perch View Printable Coloring Page","Free printable cute dragon perch view coloring page — high-quality JPG design perfect for cozy coloring sessions. Great for kids, teens, and adults who love cute coloring pages. Great for relaxation, mindfulness, and creative fun. Save this pin for your next coloring session!","https://tinyanimalworlds.com/coloring/dragon-perch-view","Fantasy Coloring Pages","fantasy coloring, magical coloring, dragon coloring, unicorn coloring, fairy tale coloring, enchanted forest","Pinterest pin image: free printable cute dragon perch view printable coloring page — cute cozy coloring page from Tiny Animal Worlds."
"public/pinterest/wizard-tower-study.jpg","Cute Wizard Tower Study Printable Coloring Page","Free printable cute wizard tower study coloring page — high-quality JPG design perfect for cozy coloring sessions. Great for kids, teens, and adults who love cute coloring pages. Click to download and print this cozy coloring page. Save this pin for your next coloring session!","https://tinyanimalworlds.com/coloring/wizard-tower-study","Fantasy Coloring Pages","fantasy coloring, magical coloring, dragon coloring, unicorn coloring, fairy tale coloring, enchanted forest","Pinterest pin image: free printable cute wizard tower study printable coloring page — cute cozy coloring page from Tiny Animal Worlds."
"public/pinterest/window-seat-reading.jpg","Cute Window Seat Reading Printable Coloring Page","Free printable cute window seat reading coloring page — high-quality JPG design perfect for cozy coloring sessions. Great for kids, teens, and adults who love cute coloring pages. Great for relaxation, mindfulness, and creative fun. Click to download and print this cozy coloring page.","https://tinyanimalworlds.com/coloring/window-seat-reading","Bookstore Coloring Pages","bookstore coloring, library coloring, reading coloring, cozy bookshop, book lover coloring, printable book scenes","Pinterest pin image: free printable cute window seat reading printable coloring page — cute cozy coloring page from Tiny Animal Worlds."
"public/pinterest/fireplace-reading-spot.jpg","Cute Fireplace Reading Spot Printable Coloring Page","Free printable cute fireplace reading spot coloring page — high-quality JPG design perfect for cozy coloring sessions. Great for kids, teens, and adults who love cute coloring pages. Click to download and print this cozy coloring page. Instant download — start coloring in minutes!","https://tinyanimalworlds.com/coloring/fireplace-reading-spot","Bookstore Coloring Pages","bookstore coloring, library coloring, reading coloring, cozy bookshop, book lover coloring, printable book scenes","Pinterest pin image: free printable cute fireplace reading spot printable coloring page — cute cozy coloring page from Tiny Animal Worlds."
"public/pinterest/blanket-fort-reading.jpg","Cute Blanket Fort Reading Printable Coloring Page","Free printable cute blanket fort reading coloring page — high-quality JPG design perfect for cozy coloring sessions. Great for kids, teens, and adults who love cute coloring pages. Save this pin for your next coloring session! Download this free printable coloring page now!","https://tinyanimalworlds.com/coloring/blanket-fort-reading","Bookstore Coloring Pages","bookstore coloring, library coloring, reading coloring, cozy bookshop, book lover coloring, printable book scenes","Pinterest pin image: free printable cute blanket fort reading printable coloring page — cute cozy coloring page from Tiny Animal Worlds."
"public/pinterest/hammock-reading-nook.jpg","Cute Hammock Reading Nook Printable Coloring Page","Free printable cute hammock reading nook coloring page — high-quality JPG design perfect for cozy coloring sessions. Great for kids, teens, and adults who love cute coloring pages. Print instantly and start coloring today! Perfect for kids and adults who love cute designs.","https://tinyanimalworlds.com/coloring/hammock-reading-nook","Bookstore Coloring Pages","bookstore coloring, library coloring, reading coloring, cozy bookshop, book lover coloring, printable book scenes","Pinterest pin image: free printable cute hammock reading nook printable coloring page — cute cozy coloring page from Tiny Animal Worlds."
"public/pinterest/bedtime-story-scene.jpg","Cute Bedtime Story Scene Printable Coloring Page","Free printable cute bedtime story scene coloring page — high-quality JPG design perfect for cozy coloring sessions. Great for kids, teens, and adults who love cute coloring pages. Save this pin for your next coloring session! Print instantly and start coloring today!","https://tinyanimalworlds.com/coloring/bedtime-story-scene","Cute Animal Coloring Pages","cute animals coloring, animal coloring pages, adorable coloring, pet coloring, cute printable pages, kids coloring","Pinterest pin image: free printable cute bedtime story scene printable coloring page — cute cozy coloring page from Tiny Animal Worlds."
"public/pinterest/butterfly-garden-path.jpg","Cute Butterfly Garden Path Printable Coloring Page","Free printable cute butterfly garden path coloring page — high-quality JPG design perfect for cozy coloring sessions. Great for kids, teens, and adults who love cute coloring pages. Save this pin for your next coloring session! Print at home — high quality JPG ready to color!","https://tinyanimalworlds.com/coloring/butterfly-garden-path","Garden Coloring Pages","garden coloring, flower coloring, botanical coloring, nature coloring, greenhouse coloring, floral printable","Pinterest pin image: free printable cute butterfly garden path printable coloring page — cute cozy coloring page from Tiny Animal Worlds."
"public/pinterest/sunflower-field-walk.jpg","Cute Sunflower Field Walk Printable Coloring Page","Free printable cute sunflower field walk coloring page — high-quality JPG design perfect for cozy coloring sessions. Great for kids, teens, and adults who love cute coloring pages. Free JPG download — no sign-up required! Perfect for kids and adults who love cute designs.","https://tinyanimalworlds.com/coloring/sunflower-field-walk","Garden Coloring Pages","garden coloring, flower coloring, botanical coloring, nature coloring, greenhouse coloring, floral printable","Pinterest pin image: free printable cute sunflower field walk printable coloring page — cute cozy coloring page from Tiny Animal Worlds."
"public/pinterest/herb-garden-kitchen.jpg","Cute Herb Garden Kitchen Printable Coloring Page","Free printable cute herb garden kitchen coloring page — high-quality JPG design perfect for cozy coloring sessions. Great for kids, teens, and adults who love cute coloring pages. Save this pin for your next coloring session! Free JPG download — no sign-up required!","https://tinyanimalworlds.com/coloring/herb-garden-kitchen","Garden Coloring Pages","garden coloring, flower coloring, botanical coloring, nature coloring, greenhouse coloring, floral printable","Pinterest pin image: free printable cute herb garden kitchen printable coloring page — cute cozy coloring page from Tiny Animal Worlds."
"public/pinterest/rose-trellis-arch.jpg","Cute Rose Trellis Arch Printable Coloring Page","Free printable cute rose trellis arch coloring page — high-quality JPG design perfect for cozy coloring sessions. Great for kids, teens, and adults who love cute coloring pages. Download free coloring page from Tiny Animal Worlds. Save this pin for your next coloring session!","https://tinyanimalworlds.com/coloring/rose-trellis-arch","Cute Animal Coloring Pages","cute animals coloring, animal coloring pages, adorable coloring, pet coloring, cute printable pages, kids coloring","Pinterest pin image: free printable cute rose trellis arch printable coloring page — cute cozy coloring page from Tiny Animal Worlds."
"public/pinterest/cozy-autumn-fox-cottage.jpg","Cute Cozy Autumn Fox Cottage Printable Coloring Page","Free printable cute cozy autumn fox cottage coloring page — high-quality JPG design perfect for cozy coloring sessions. Great for kids, teens, and adults who love cute coloring pages. Download this free printable coloring page now! Print instantly and start coloring today!","https://tinyanimalworlds.com/coloring/cozy-autumn-fox-cottage","Cottagecore Coloring","cottagecore coloring, cottage coloring, countryside coloring, rustic coloring, farmhouse coloring, rural scenes","Pinterest pin image: free printable cute cozy autumn fox cottage printable coloring page — cute cozy coloring page from Tiny Animal Worlds."
"public/pinterest/dragon-bakery-village.jpg","Cute Dragon Bakery Village Printable Coloring Page","Free printable cute dragon bakery village coloring page — high-quality JPG design perfect for cozy coloring sessions. Great for kids, teens, and adults who love cute coloring pages. Save this pin for your next coloring session! Free JPG download — no sign-up required!","https://tinyanimalworlds.com/coloring/dragon-bakery-village","Bakery Coloring Pages","bakery coloring, baking coloring, kitchen coloring, sweet shop coloring, pastry coloring, food coloring pages","Pinterest pin image: free printable cute dragon bakery village printable coloring page — cute cozy coloring page from Tiny Animal Worlds."
"public/pinterest/hedgehog-enchanted-forest.jpg","Cute Hedgehog Enchanted Forest Printable Coloring Page","Free printable cute hedgehog enchanted forest coloring page — high-quality JPG design perfect for cozy coloring sessions. Great for kids, teens, and adults who love cute coloring pages. Save this pin for your next coloring session! Download this free printable coloring page now!","https://tinyanimalworlds.com/coloring/hedgehog-enchanted-forest","Cute Animal Coloring Pages","cute animals coloring, animal coloring pages, adorable coloring, pet coloring, cute printable pages, kids coloring","Pinterest pin image: free printable cute hedgehog enchanted forest printable coloring page — cute cozy coloring page from Tiny Animal Worlds."
"public/pinterest/herb-garden-rabbi.jpg","Cute Herb Garden Rabbi Printable Coloring Page","Free printable cute herb garden rabbi coloring page — high-quality JPG design perfect for cozy coloring sessions. Great for kids, teens, and adults who love cute coloring pages. Great for relaxation, mindfulness, and creative fun. Download free coloring page from Tiny Animal Worlds.","https://tinyanimalworlds.com/coloring/herb-garden-rabbi","Garden Coloring Pages","garden coloring, flower coloring, botanical coloring, nature coloring, greenhouse coloring, floral printable","Pinterest pin image: free printable cute herb garden rabbi printable coloring page — cute cozy coloring page from Tiny Animal Worlds."
"public/pinterest/panda-floating-island-home.jpg","Cute Panda Floating Island Home Printable Coloring Page","Free printable cute panda floating island home coloring page — high-quality JPG design perfect for cozy coloring sessions. Great for kids, teens, and adults who love cute coloring pages. Download this free printable coloring page now! Print instantly and start coloring today!","https://tinyanimalworlds.com/coloring/panda-floating-island-home","Cute Animal Coloring Pages","cute animals coloring, animal coloring pages, adorable coloring, pet coloring, cute printable pages, kids coloring","Pinterest pin image: free printable cute panda floating island home printable coloring page — cute cozy coloring page from Tiny Animal Worlds."
"public/pinterest/sewing-room-fabri.jpg","Cute Sewing Room Fabri Printable Coloring Page","Free printable cute sewing room fabri coloring page — high-quality JPG design perfect for cozy coloring sessions. Great for kids, teens, and adults who love cute coloring pages. Perfect for kids and adults who love cute designs. Download free coloring page from Tiny Animal Worlds.","https://tinyanimalworlds.com/coloring/sewing-room-fabri","Cute Animal Coloring Pages","cute animals coloring, animal coloring pages, adorable coloring, pet coloring, cute printable pages, kids coloring","Pinterest pin image: free printable cute sewing room fabri printable coloring page — cute cozy coloring page from Tiny Animal Worlds."
"public/pinterest/duck-unicorn-garden.jpg","Cute Duck Unicorn Garden Printable Coloring Page","Free printable cute duck unicorn garden coloring page — high-quality JPG design perfect for cozy coloring sessions. Great for kids, teens, and adults who love cute coloring pages. Print at home — high quality JPG ready to color! Great for relaxation, mindfulness, and creative fun.","https://tinyanimalworlds.com/coloring/duck-unicorn-garden","Fantasy Coloring Pages","fantasy coloring, magical coloring, dragon coloring, unicorn coloring, fairy tale coloring, enchanted forest","Pinterest pin image: free printable cute duck unicorn garden printable coloring page — cute cozy coloring page from Tiny Animal Worlds."
"public/pinterest/picnic-with-woodla.jpg","Cute Picnic With Woodla Printable Coloring Page","Free printable cute picnic with woodla coloring page — high-quality JPG design perfect for cozy coloring sessions. Great for kids, teens, and adults who love cute coloring pages. Save this pin for your next coloring session! Instant download — start coloring in minutes!","https://tinyanimalworlds.com/coloring/picnic-with-woodla","Cute Animal Coloring Pages","cute animals coloring, animal coloring pages, adorable coloring, pet coloring, cute printable pages, kids coloring","Pinterest pin image: free printable cute picnic with woodla printable coloring page — cute cozy coloring page from Tiny Animal Worlds."
"public/pinterest/mouse-crystal-cave.jpg","Cute Mouse Crystal Cave Printable Coloring Page","Free printable cute mouse crystal cave coloring page — high-quality JPG design perfect for cozy coloring sessions. Great for kids, teens, and adults who love cute coloring pages. Download free coloring page from Tiny Animal Worlds. Click to download and print this cozy coloring page.","https://tinyanimalworlds.com/coloring/mouse-crystal-cave","Fantasy Coloring Pages","fantasy coloring, magical coloring, dragon coloring, unicorn coloring, fairy tale coloring, enchanted forest","Pinterest pin image: free printable cute mouse crystal cave printable coloring page — cute cozy coloring page from Tiny Animal Worlds."
"public/pinterest/reading-nook-under.jpg","Cute Reading Nook Under Printable Coloring Page","Free printable cute reading nook under coloring page — high-quality JPG design perfect for cozy coloring sessions. Great for kids, teens, and adults who love cute coloring pages. Perfect for kids and adults who love cute designs. Save this pin for your next coloring session!","https://tinyanimalworlds.com/coloring/reading-nook-under","Bookstore Coloring Pages","bookstore coloring, library coloring, reading coloring, cozy bookshop, book lover coloring, printable book scenes","Pinterest pin image: free printable cute reading nook under printable coloring page — cute cozy coloring page from Tiny Animal Worlds."
"public/pinterest/frog-fairy-house.jpg","Cute Frog Fairy House Printable Coloring Page","Free printable cute frog fairy house coloring page — high-quality JPG design perfect for cozy coloring sessions. Great for kids, teens, and adults who love cute coloring pages. Click to download and print this cozy coloring page. Save this pin for your next coloring session!","https://tinyanimalworlds.com/coloring/frog-fairy-house","Cute Animal Coloring Pages","cute animals coloring, animal coloring pages, adorable coloring, pet coloring, cute printable pages, kids coloring","Pinterest pin image: free printable cute frog fairy house printable coloring page — cute cozy coloring page from Tiny Animal Worlds."
"public/pinterest/greenhouse-filled.jpg","Cute Greenhouse Filled Printable Coloring Page","Free printable cute greenhouse filled coloring page — high-quality JPG design perfect for cozy coloring sessions. Great for kids, teens, and adults who love cute coloring pages. Instant download — start coloring in minutes! Print at home — high quality JPG ready to color!","https://tinyanimalworlds.com/coloring/greenhouse-filled","Garden Coloring Pages","garden coloring, flower coloring, botanical coloring, nature coloring, greenhouse coloring, floral printable","Pinterest pin image: free printable cute greenhouse filled printable coloring page — cute cozy coloring page from Tiny Animal Worlds."
"public/pinterest/cat-potion-store.jpg","Cute Cat Potion Store Printable Coloring Page","Free printable cute cat potion store coloring page — high-quality JPG design perfect for cozy coloring sessions. Great for kids, teens, and adults who love cute coloring pages. Instant download — start coloring in minutes! Print at home — high quality JPG ready to color!","https://tinyanimalworlds.com/coloring/cat-potion-store","Fantasy Coloring Pages","fantasy coloring, magical coloring, dragon coloring, unicorn coloring, fairy tale coloring, enchanted forest","Pinterest pin image: free printable cute cat potion store printable coloring page — cute cozy coloring page from Tiny Animal Worlds."
"public/pinterest/flower-market-vin.jpg","Cute Flower Market Vin Printable Coloring Page","Free printable cute flower market vin coloring page — high-quality JPG design perfect for cozy coloring sessions. Great for kids, teens, and adults who love cute coloring pages. Save this pin for your next coloring session! Download this free printable coloring page now!","https://tinyanimalworlds.com/coloring/flower-market-vin","Garden Coloring Pages","garden coloring, flower coloring, botanical coloring, nature coloring, greenhouse coloring, floral printable","Pinterest pin image: free printable cute flower market vin printable coloring page — cute cozy coloring page from Tiny Animal Worlds."
"public/pinterest/bear-star-bakery.jpg","Cute Bear Star Bakery Printable Coloring Page","Free printable cute bear star bakery coloring page — high-quality JPG design perfect for cozy coloring sessions. Great for kids, teens, and adults who love cute coloring pages. Instant download — start coloring in minutes! Print at home — high quality JPG ready to color!","https://tinyanimalworlds.com/coloring/bear-star-bakery","Bakery Coloring Pages","bakery coloring, baking coloring, kitchen coloring, sweet shop coloring, pastry coloring, food coloring pages","Pinterest pin image: free printable cute bear star bakery printable coloring page — cute cozy coloring page from Tiny Animal Worlds."
"public/pinterest/countryside-bakery.jpg","Cute Countryside Bakery Printable Coloring Page","Free printable cute countryside bakery coloring page — high-quality JPG design perfect for cozy coloring sessions. Great for kids, teens, and adults who love cute coloring pages. Click to download and print this cozy coloring page. Free JPG download — no sign-up required!","https://tinyanimalworlds.com/coloring/countryside-bakery","Bakery Coloring Pages","bakery coloring, baking coloring, kitchen coloring, sweet shop coloring, pastry coloring, food coloring pages","Pinterest pin image: free printable cute countryside bakery printable coloring page — cute cozy coloring page from Tiny Animal Worlds."
"public/pinterest/fox-moonlight-library.jpg","Cute Fox Moonlight Library Printable Coloring Page","Free printable cute fox moonlight library coloring page — high-quality JPG design perfect for cozy coloring sessions. Great for kids, teens, and adults who love cute coloring pages. Perfect for kids and adults who love cute designs. Free JPG download — no sign-up required!","https://tinyanimalworlds.com/coloring/fox-moonlight-library","Bookstore Coloring Pages","bookstore coloring, library coloring, reading coloring, cozy bookshop, book lover coloring, printable book scenes","Pinterest pin image: free printable cute fox moonlight library printable coloring page — cute cozy coloring page from Tiny Animal Worlds."
"public/pinterest/tea-party-in-garde.jpg","Cute Tea Party In Garde Printable Coloring Page","Free printable cute tea party in garde coloring page — high-quality JPG design perfect for cozy coloring sessions. Great for kids, teens, and adults who love cute coloring pages. Save this pin for your next coloring session! Print instantly and start coloring today!","https://tinyanimalworlds.com/coloring/tea-party-in-garde","Tea Party Coloring Pages","tea party coloring, tea time coloring, afternoon tea, elegant coloring, tea set coloring, garden party","Pinterest pin image: free printable cute tea party in garde printable coloring page — cute cozy coloring page from Tiny Animal Worlds."
"public/pinterest/magic-bunny-wizard-cottage.jpg","Cute Magic Bunny Wizard Cottage Printable Coloring Page","Free printable cute magic bunny wizard cottage coloring page — high-quality JPG design perfect for cozy coloring sessions. Great for kids, teens, and adults who love cute coloring pages. Print instantly and start coloring today! Download free coloring page from Tiny Animal Worlds.","https://tinyanimalworlds.com/coloring/magic-bunny-wizard-cottage","Fantasy Coloring Pages","fantasy coloring, magical coloring, dragon coloring, unicorn coloring, fairy tale coloring, enchanted forest","Pinterest pin image: free printable cute magic bunny wizard cottage printable coloring page — cute cozy coloring page from Tiny Animal Worlds."
"public/pinterest/mushroom-house-sur.jpg","Cute Mushroom House Sur Printable Coloring Page","Free printable cute mushroom house sur coloring page — high-quality JPG design perfect for cozy coloring sessions. Great for kids, teens, and adults who love cute coloring pages. Print at home — high quality JPG ready to color! Perfect for kids and adults who love cute designs.","https://tinyanimalworlds.com/coloring/mushroom-house-sur","Cute Animal Coloring Pages","cute animals coloring, animal coloring pages, adorable coloring, pet coloring, cute printable pages, kids coloring","Pinterest pin image: free printable cute mushroom house sur printable coloring page — cute cozy coloring page from Tiny Animal Worlds."
"public/pinterest/harvest-squirrel-farm-market.jpg","Cute Harvest Squirrel Farm Market Printable Coloring Page","Free printable cute harvest squirrel farm market coloring page — high-quality JPG design perfect for cozy coloring sessions. Great for kids, teens, and adults who love cute coloring pages. Free JPG download — no sign-up required! Print at home — high quality JPG ready to color!","https://tinyanimalworlds.com/coloring/harvest-squirrel-farm-market","Cozy Coloring Pages","cozy coloring, hygge coloring, relaxing coloring, warm coloring, comfort coloring, mindfulness coloring","Pinterest pin image: free printable cute harvest squirrel farm market printable coloring page — cute cozy coloring page from Tiny Animal Worlds."
"public/pinterest/animal-market-square.jpg","Cute Animal Market Square Printable Coloring Page","Free printable cute animal market square coloring page — high-quality JPG design perfect for cozy coloring sessions. Great for kids, teens, and adults who love cute coloring pages. Download free coloring page from Tiny Animal Worlds. Print instantly and start coloring today!","https://tinyanimalworlds.com/coloring/animal-market-square","Cozy Coloring Pages","cozy coloring, hygge coloring, relaxing coloring, warm coloring, comfort coloring, mindfulness coloring","Pinterest pin image: free printable cute animal market square printable coloring page — cute cozy coloring page from Tiny Animal Worlds."
"public/pinterest/tiny-dragon-tea-shop.jpg","Cute Tiny Dragon Tea Shop Printable Coloring Page","Free printable cute tiny dragon tea shop coloring page — high-quality JPG design perfect for cozy coloring sessions. Great for kids, teens, and adults who love cute coloring pages. Click to download and print this cozy coloring page. Download this free printable coloring page now!","https://tinyanimalworlds.com/coloring/tiny-dragon-tea-shop","Tea Party Coloring Pages","tea party coloring, tea time coloring, afternoon tea, elegant coloring, tea set coloring, garden party","Pinterest pin image: free printable cute tiny dragon tea shop printable coloring page — cute cozy coloring page from Tiny Animal Worlds."
"public/pinterest/bunny-garden-cotta.jpg","Cute Bunny Garden Cotta Printable Coloring Page","Free printable cute bunny garden cotta coloring page — high-quality JPG design perfect for cozy coloring sessions. Great for kids, teens, and adults who love cute coloring pages. Print at home — high quality JPG ready to color! Save this pin for your next coloring session!","https://tinyanimalworlds.com/coloring/bunny-garden-cotta","Garden Coloring Pages","garden coloring, flower coloring, botanical coloring, nature coloring, greenhouse coloring, floral printable","Pinterest pin image: free printable cute bunny garden cotta printable coloring page — cute cozy coloring page from Tiny Animal Worlds."
"public/pinterest/squirrel-forest-cabin.jpg","Cute Squirrel Forest Cabin Printable Coloring Page","Free printable cute squirrel forest cabin coloring page — high-quality JPG design perfect for cozy coloring sessions. Great for kids, teens, and adults who love cute coloring pages. Print instantly and start coloring today! Great for relaxation, mindfulness, and creative fun.","https://tinyanimalworlds.com/coloring/squirrel-forest-cabin","Cottagecore Coloring","cottagecore coloring, cottage coloring, countryside coloring, rustic coloring, farmhouse coloring, rural scenes","Pinterest pin image: free printable cute squirrel forest cabin printable coloring page — cute cozy coloring page from Tiny Animal Worlds."
"public/pinterest/raccoon-bookstore-owner.jpg","Cute Raccoon Bookstore Owner Printable Coloring Page","Free printable cute raccoon bookstore owner coloring page — high-quality JPG design perfect for cozy coloring sessions. Great for kids, teens, and adults who love cute coloring pages. Save this pin for your next coloring session! Download this free printable coloring page now!","https://tinyanimalworlds.com/coloring/raccoon-bookstore-owner","Bookstore Coloring Pages","bookstore coloring, library coloring, reading coloring, cozy bookshop, book lover coloring, printable book scenes","Pinterest pin image: free printable cute raccoon bookstore owner printable coloring page — cute cozy coloring page from Tiny Animal Worlds."
"public/pinterest/hedgehog-strawberry-farm.jpg","Cute Hedgehog Strawberry Farm Printable Coloring Page","Free printable cute hedgehog strawberry farm coloring page — high-quality JPG design perfect for cozy coloring sessions. Great for kids, teens, and adults who love cute coloring pages. Click to download and print this cozy coloring page. Instant download — start coloring in minutes!","https://tinyanimalworlds.com/coloring/hedgehog-strawberry-farm","Cute Animal Coloring Pages","cute animals coloring, animal coloring pages, adorable coloring, pet coloring, cute printable pages, kids coloring","Pinterest pin image: free printable cute hedgehog strawberry farm printable coloring page — cute cozy coloring page from Tiny Animal Worlds."
"public/pinterest/squirrel-baking-cupcakes.jpg","Cute Squirrel Baking Cupcakes Printable Coloring Page","Free printable cute squirrel baking cupcakes coloring page — high-quality JPG design perfect for cozy coloring sessions. Great for kids, teens, and adults who love cute coloring pages. Download this free printable coloring page now! Perfect for kids and adults who love cute designs.","https://tinyanimalworlds.com/coloring/squirrel-baking-cupcakes","Bakery Coloring Pages","bakery coloring, baking coloring, kitchen coloring, sweet shop coloring, pastry coloring, food coloring pages","Pinterest pin image: free printable cute squirrel baking cupcakes printable coloring page — cute cozy coloring page from Tiny Animal Worlds."
"public/pinterest/panda-cottage-picnic.jpg","Cute Panda Cottage Picnic Printable Coloring Page","Free printable cute panda cottage picnic coloring page — high-quality JPG design perfect for cozy coloring sessions. Great for kids, teens, and adults who love cute coloring pages. Save this pin for your next coloring session! Free JPG download — no sign-up required!","https://tinyanimalworlds.com/coloring/panda-cottage-picnic","Cottagecore Coloring","cottagecore coloring, cottage coloring, countryside coloring, rustic coloring, farmhouse coloring, rural scenes","Pinterest pin image: free printable cute panda cottage picnic printable coloring page — cute cozy coloring page from Tiny Animal Worlds."
"public/pinterest/hedgehog-collecting-mushr.jpg","Cute Hedgehog Collecting Mushr Printable Coloring Page","Free printable cute hedgehog collecting mushr coloring page — high-quality JPG design perfect for cozy coloring sessions. Great for kids, teens, and adults who love cute coloring pages. Download free coloring page from Tiny Animal Worlds. Save this pin for your next coloring session!","https://tinyanimalworlds.com/coloring/hedgehog-collecting-mushr","Cute Animal Coloring Pages","cute animals coloring, animal coloring pages, adorable coloring, pet coloring, cute printable pages, kids coloring","Pinterest pin image: free printable cute hedgehog collecting mushr printable coloring page — cute cozy coloring page from Tiny Animal Worlds."
"public/pinterest/duck-country-kitchen.jpg","Cute Duck Country Kitchen Printable Coloring Page","Free printable cute duck country kitchen coloring page — high-quality JPG design perfect for cozy coloring sessions. Great for kids, teens, and adults who love cute coloring pages. Print instantly and start coloring today! Perfect for kids and adults who love cute designs.","https://tinyanimalworlds.com/coloring/duck-country-kitchen","Cute Animal Coloring Pages","cute animals coloring, animal coloring pages, adorable coloring, pet coloring, cute printable pages, kids coloring","Pinterest pin image: free printable cute duck country kitchen printable coloring page — cute cozy coloring page from Tiny Animal Worlds."
"public/pinterest/hamster-tea-party-kawaii.jpg","Cute Hamster Tea Party Kawaii Printable Coloring Page","Free printable cute hamster tea party kawaii coloring page — high-quality JPG design perfect for cozy coloring sessions. Great for kids, teens, and adults who love cute coloring pages. Save this pin for your next coloring session! Download free coloring page from Tiny Animal Worlds.","https://tinyanimalworlds.com/coloring/hamster-tea-party-kawaii","Tea Party Coloring Pages","tea party coloring, tea time coloring, afternoon tea, elegant coloring, tea set coloring, garden party","Pinterest pin image: free printable cute hamster tea party kawaii printable coloring page — cute cozy coloring page from Tiny Animal Worlds."
"public/pinterest/mouse-sewing-workshop.jpg","Cute Mouse Sewing Workshop Printable Coloring Page","Free printable cute mouse sewing workshop coloring page — high-quality JPG design perfect for cozy coloring sessions. Great for kids, teens, and adults who love cute coloring pages. Download this free printable coloring page now! Click to download and print this cozy coloring page.","https://tinyanimalworlds.com/coloring/mouse-sewing-workshop","Cozy Coloring Pages","cozy coloring, hygge coloring, relaxing coloring, warm coloring, comfort coloring, mindfulness coloring","Pinterest pin image: free printable cute mouse sewing workshop printable coloring page — cute cozy coloring page from Tiny Animal Worlds."
"public/pinterest/fox-gardening-flowers-an.jpg","Cute Fox Gardening Flowers An Printable Coloring Page","Free printable cute fox gardening flowers an coloring page — high-quality JPG design perfect for cozy coloring sessions. Great for kids, teens, and adults who love cute coloring pages. Free JPG download — no sign-up required! Save this pin for your next coloring session!","https://tinyanimalworlds.com/coloring/fox-gardening-flowers-an","Garden Coloring Pages","garden coloring, flower coloring, botanical coloring, nature coloring, greenhouse coloring, floral printable","Pinterest pin image: free printable cute fox gardening flowers an printable coloring page — cute cozy coloring page from Tiny Animal Worlds."
"public/pinterest/frog-herb-garden.jpg","Cute Frog Herb Garden Printable Coloring Page","Free printable cute frog herb garden coloring page — high-quality JPG design perfect for cozy coloring sessions. Great for kids, teens, and adults who love cute coloring pages. Instant download — start coloring in minutes! Save this pin for your next coloring session!","https://tinyanimalworlds.com/coloring/frog-herb-garden","Garden Coloring Pages","garden coloring, flower coloring, botanical coloring, nature coloring, greenhouse coloring, floral printable","Pinterest pin image: free printable cute frog herb garden printable coloring page — cute cozy coloring page from Tiny Animal Worlds."
"public/pinterest/duck-wearing-rain-boots.jpg","Cute Duck Wearing Rain Boots Printable Coloring Page","Free printable cute duck wearing rain boots coloring page — high-quality JPG design perfect for cozy coloring sessions. Great for kids, teens, and adults who love cute coloring pages. Download this free printable coloring page now! Great for relaxation, mindfulness, and creative fun.","https://tinyanimalworlds.com/coloring/duck-wearing-rain-boots","Rainy Day Coloring Pages","rainy day coloring, rain coloring, cozy indoor coloring, rainy window, umbrella coloring, weather coloring","Pinterest pin image: free printable cute duck wearing rain boots printable coloring page — cute cozy coloring page from Tiny Animal Worlds."
"public/pinterest/cat-lavender-cottage.jpg","Cute Cat Lavender Cottage Printable Coloring Page","Free printable cute cat lavender cottage coloring page — high-quality JPG design perfect for cozy coloring sessions. Great for kids, teens, and adults who love cute coloring pages. Instant download — start coloring in minutes! Free JPG download — no sign-up required!","https://tinyanimalworlds.com/coloring/cat-lavender-cottage","Cottagecore Coloring","cottagecore coloring, cottage coloring, countryside coloring, rustic coloring, farmhouse coloring, rural scenes","Pinterest pin image: free printable cute cat lavender cottage printable coloring page — cute cozy coloring page from Tiny Animal Worlds."
"public/pinterest/cat-reading-books-kawaii.jpg","Cute Cat Reading Books Kawaii Printable Coloring Page","Free printable cute cat reading books kawaii coloring page — high-quality JPG design perfect for cozy coloring sessions. Great for kids, teens, and adults who love cute coloring pages. Download this free printable coloring page now! Download free coloring page from Tiny Animal Worlds.","https://tinyanimalworlds.com/coloring/cat-reading-books-kawaii","Bookstore Coloring Pages","bookstore coloring, library coloring, reading coloring, cozy bookshop, book lover coloring, printable book scenes","Pinterest pin image: free printable cute cat reading books kawaii printable coloring page — cute cozy coloring page from Tiny Animal Worlds."
"public/pinterest/bear-honey-farm.jpg","Cute Bear Honey Farm Printable Coloring Page","Free printable cute bear honey farm coloring page — high-quality JPG design perfect for cozy coloring sessions. Great for kids, teens, and adults who love cute coloring pages. Great for relaxation, mindfulness, and creative fun. Download free coloring page from Tiny Animal Worlds.","https://tinyanimalworlds.com/coloring/bear-honey-farm","Cute Animal Coloring Pages","cute animals coloring, animal coloring pages, adorable coloring, pet coloring, cute printable pages, kids coloring","Pinterest pin image: free printable cute bear honey farm printable coloring page — cute cozy coloring page from Tiny Animal Worlds."
"public/pinterest/bear-baking-cookies-prin.jpg","Cute Bear Baking Cookies Prin Printable Coloring Page","Free printable cute bear baking cookies prin coloring page — high-quality JPG design perfect for cozy coloring sessions. Great for kids, teens, and adults who love cute coloring pages. Print at home — high quality JPG ready to color! Free JPG download — no sign-up required!","https://tinyanimalworlds.com/coloring/bear-baking-cookies-prin","Bakery Coloring Pages","bakery coloring, baking coloring, kitchen coloring, sweet shop coloring, pastry coloring, food coloring pages","Pinterest pin image: free printable cute bear baking cookies prin printable coloring page — cute cozy coloring page from Tiny Animal Worlds."
"public/pinterest/fox-wildflower-garden.jpg","Cute Fox Wildflower Garden Printable Coloring Page","Free printable cute fox wildflower garden coloring page — high-quality JPG design perfect for cozy coloring sessions. Great for kids, teens, and adults who love cute coloring pages. Instant download — start coloring in minutes! Download free coloring page from Tiny Animal Worlds.","https://tinyanimalworlds.com/coloring/fox-wildflower-garden","Garden Coloring Pages","garden coloring, flower coloring, botanical coloring, nature coloring, greenhouse coloring, floral printable","Pinterest pin image: free printable cute fox wildflower garden printable coloring page — cute cozy coloring page from Tiny Animal Worlds."
"public/pinterest/frog-drinking-bubble-tea.jpg","Cute Frog Drinking Bubble Tea Printable Coloring Page","Free printable cute frog drinking bubble tea coloring page — high-quality JPG design perfect for cozy coloring sessions. Great for kids, teens, and adults who love cute coloring pages. Instant download — start coloring in minutes! Save this pin for your next coloring session!","https://tinyanimalworlds.com/coloring/frog-drinking-bubble-tea","Tea Party Coloring Pages","tea party coloring, tea time coloring, afternoon tea, elegant coloring, tea set coloring, garden party","Pinterest pin image: free printable cute frog drinking bubble tea printable coloring page — cute cozy coloring page from Tiny Animal Worlds."
"public/pinterest/easter-duck-garden.jpg","Cute Easter Duck Garden Printable Coloring Page","Free printable cute easter duck garden coloring page — high-quality JPG design perfect for cozy coloring sessions. Great for kids, teens, and adults who love cute coloring pages. Click to download and print this cozy coloring page. Save this pin for your next coloring session!","https://tinyanimalworlds.com/coloring/easter-duck-garden","Garden Coloring Pages","garden coloring, flower coloring, botanical coloring, nature coloring, greenhouse coloring, floral printable","Pinterest pin image: free printable cute easter duck garden printable coloring page — cute cozy coloring page from Tiny Animal Worlds."
"public/pinterest/woodland-train-station.jpg","Cute Woodland Train Station Printable Coloring Page","Free printable cute woodland train station coloring page — high-quality JPG design perfect for cozy coloring sessions. Great for kids, teens, and adults who love cute coloring pages. Great for relaxation, mindfulness, and creative fun. Print instantly and start coloring today!","https://tinyanimalworlds.com/coloring/woodland-train-station","Rainy Day Coloring Pages","rainy day coloring, rain coloring, cozy indoor coloring, rainy window, umbrella coloring, weather coloring","Pinterest pin image: free printable cute woodland train station printable coloring page — cute cozy coloring page from Tiny Animal Worlds."
"public/pinterest/bunny-mushroom-cottage.jpg","Cute Bunny Mushroom Cottage Printable Coloring Page","Free printable cute bunny mushroom cottage coloring page — high-quality JPG design perfect for cozy coloring sessions. Great for kids, teens, and adults who love cute coloring pages. Instant download — start coloring in minutes! Free JPG download — no sign-up required!","https://tinyanimalworlds.com/coloring/bunny-mushroom-cottage","Cottagecore Coloring","cottagecore coloring, cottage coloring, countryside coloring, rustic coloring, farmhouse coloring, rural scenes","Pinterest pin image: free printable cute bunny mushroom cottage printable coloring page — cute cozy coloring page from Tiny Animal Worlds."
"public/pinterest/bunny-holding-giant-straw.jpg","Cute Bunny Holding Giant Straw Printable Coloring Page","Free printable cute bunny holding giant straw coloring page — high-quality JPG design perfect for cozy coloring sessions. Great for kids, teens, and adults who love cute coloring pages. Save this pin for your next coloring session! Perfect for kids and adults who love cute designs.","https://tinyanimalworlds.com/coloring/bunny-holding-giant-straw","Cute Animal Coloring Pages","cute animals coloring, animal coloring pages, adorable coloring, pet coloring, cute printable pages, kids coloring","Pinterest pin image: free printable cute bunny holding giant straw printable coloring page — cute cozy coloring page from Tiny Animal Worlds."
"public/pinterest/squirrel-window-reading-corner.jpg","Squirrel Window Reading Corner Free Coloring Page","Free printable squirrel window reading corner coloring page — high-quality JPG design perfect for cozy coloring sessions. Great for kids, teens, and adults who love cute coloring pages. Download this free printable coloring page now! Print instantly and start coloring today!","https://tinyanimalworlds.com/coloring/squirrel-window-reading-corner","Bookstore Coloring Pages","bookstore coloring, library coloring, reading coloring, cozy bookshop, book lover coloring, printable book scenes","Pinterest pin image: free printable squirrel window reading corner free coloring page — cute cozy coloring page from Tiny Animal Worlds."
"public/pinterest/evening-study-desk-candl.jpg","Cute Evening Study Desk Candl Printable Coloring Page","Free printable cute evening study desk candl coloring page — high-quality JPG design perfect for cozy coloring sessions. Great for kids, teens, and adults who love cute coloring pages. Print at home — high quality JPG ready to color! Free JPG download — no sign-up required!","https://tinyanimalworlds.com/coloring/evening-study-desk-candl","Cute Animal Coloring Pages","cute animals coloring, animal coloring pages, adorable coloring, pet coloring, cute printable pages, kids coloring","Pinterest pin image: free printable cute evening study desk candl printable coloring page — cute cozy coloring page from Tiny Animal Worlds."
"public/pinterest/hedgehog-rainy-garden.jpg","Cute Hedgehog Rainy Garden Printable Coloring Page","Free printable cute hedgehog rainy garden coloring page — high-quality JPG design perfect for cozy coloring sessions. Great for kids, teens, and adults who love cute coloring pages. Click to download and print this cozy coloring page. Instant download — start coloring in minutes!","https://tinyanimalworlds.com/coloring/hedgehog-rainy-garden","Rainy Day Coloring Pages","rainy day coloring, rain coloring, cozy indoor coloring, rainy window, umbrella coloring, weather coloring","Pinterest pin image: free printable cute hedgehog rainy garden printable coloring page — cute cozy coloring page from Tiny Animal Worlds."
"public/pinterest/garden-reading-corner-fl.jpg","Cute Garden Reading Corner Fl Printable Coloring Page","Free printable cute garden reading corner fl coloring page — high-quality JPG design perfect for cozy coloring sessions. Great for kids, teens, and adults who love cute coloring pages. Download this free printable coloring page now! Print at home — high quality JPG ready to color!","https://tinyanimalworlds.com/coloring/garden-reading-corner-fl","Bookstore Coloring Pages","bookstore coloring, library coloring, reading coloring, cozy bookshop, book lover coloring, printable book scenes","Pinterest pin image: free printable cute garden reading corner fl printable coloring page — cute cozy coloring page from Tiny Animal Worlds."
"public/pinterest/panda-tea-time-in-rain.jpg","Cute Panda Tea Time In Rain Printable Coloring Page","Free printable cute panda tea time in rain coloring page — high-quality JPG design perfect for cozy coloring sessions. Great for kids, teens, and adults who love cute coloring pages. Print at home — high quality JPG ready to color! Print instantly and start coloring today!","https://tinyanimalworlds.com/coloring/panda-tea-time-in-rain","Tea Party Coloring Pages","tea party coloring, tea time coloring, afternoon tea, elegant coloring, tea set coloring, garden party","Pinterest pin image: free printable cute panda tea time in rain printable coloring page — cute cozy coloring page from Tiny Animal Worlds."
"public/pinterest/bakery-kitchen-cakes-co.jpg","Cute Bakery Kitchen Cakes Co Printable Coloring Page","Free printable cute bakery kitchen cakes co coloring page — high-quality JPG design perfect for cozy coloring sessions. Great for kids, teens, and adults who love cute coloring pages. Download free coloring page from Tiny Animal Worlds. Save this pin for your next coloring session!","https://tinyanimalworlds.com/coloring/bakery-kitchen-cakes-co","Bakery Coloring Pages","bakery coloring, baking coloring, kitchen coloring, sweet shop coloring, pastry coloring, food coloring pages","Pinterest pin image: free printable cute bakery kitchen cakes co printable coloring page — cute cozy coloring page from Tiny Animal Worlds."
"public/pinterest/duck-rain-boots-adventure.jpg","Cute Duck Rain Boots Adventure Printable Coloring Page","Free printable cute duck rain boots adventure coloring page — high-quality JPG design perfect for cozy coloring sessions. Great for kids, teens, and adults who love cute coloring pages. Print instantly and start coloring today! Instant download — start coloring in minutes!","https://tinyanimalworlds.com/coloring/duck-rain-boots-adventure","Rainy Day Coloring Pages","rainy day coloring, rain coloring, cozy indoor coloring, rainy window, umbrella coloring, weather coloring","Pinterest pin image: free printable cute duck rain boots adventure printable coloring page — cute cozy coloring page from Tiny Animal Worlds."
"public/pinterest/tea-room-filled-with-flow.jpg","Cute Tea Room Filled With Flow Printable Coloring Page","Free printable cute tea room filled with flow coloring page — high-quality JPG design perfect for cozy coloring sessions. Great for kids, teens, and adults who love cute coloring pages. Instant download — start coloring in minutes! Download free coloring page from Tiny Animal Worlds.","https://tinyanimalworlds.com/coloring/tea-room-filled-with-flow","Tea Party Coloring Pages","tea party coloring, tea time coloring, afternoon tea, elegant coloring, tea set coloring, garden party","Pinterest pin image: free printable cute tea room filled with flow printable coloring page — cute cozy coloring page from Tiny Animal Worlds."
"public/pinterest/mouse-cozy-cabin-in-rain.jpg","Cute Mouse Cozy Cabin In Rain Printable Coloring Page","Free printable cute mouse cozy cabin in rain coloring page — high-quality JPG design perfect for cozy coloring sessions. Great for kids, teens, and adults who love cute coloring pages. Download this free printable coloring page now! Print instantly and start coloring today!","https://tinyanimalworlds.com/coloring/mouse-cozy-cabin-in-rain","Rainy Day Coloring Pages","rainy day coloring, rain coloring, cozy indoor coloring, rainy window, umbrella coloring, weather coloring","Pinterest pin image: free printable cute mouse cozy cabin in rain printable coloring page — cute cozy coloring page from Tiny Animal Worlds."
"public/pinterest/cabin-in-snowy-forest-la.jpg","Cute Cabin In Snowy Forest La Printable Coloring Page","Free printable cute cabin in snowy forest la coloring page — high-quality JPG design perfect for cozy coloring sessions. Great for kids, teens, and adults who love cute coloring pages. Click to download and print this cozy coloring page. Perfect for kids and adults who love cute designs.","https://tinyanimalworlds.com/coloring/cabin-in-snowy-forest-la","Christmas Coloring Pages","christmas coloring, holiday coloring, winter coloring, festive coloring, santa coloring, christmas printable","Pinterest pin image: free printable cute cabin in snowy forest la printable coloring page — cute cozy coloring page from Tiny Animal Worlds."
"public/pinterest/cat-sleeping-during-rainstorm.jpg","Cute Cat Sleeping During Rainstorm Printable Coloring Page","Free printable cute cat sleeping during rainstorm coloring page — high-quality JPG design perfect for cozy coloring sessions. Great for kids, teens, and adults who love cute coloring pages. Download this free printable coloring page now! Download free coloring page from Tiny Animal Worlds.","https://tinyanimalworlds.com/coloring/cat-sleeping-during-rainstorm","Rainy Day Coloring Pages","rainy day coloring, rain coloring, cozy indoor coloring, rainy window, umbrella coloring, weather coloring","Pinterest pin image: free printable cute cat sleeping during rainstorm printable coloring page — cute cozy coloring page from Tiny Animal Worlds."
"public/pinterest/window-seat-during-rain.jpg","Cute Window Seat During Rain Printable Coloring Page","Free printable cute window seat during rain coloring page — high-quality JPG design perfect for cozy coloring sessions. Great for kids, teens, and adults who love cute coloring pages. Perfect for kids and adults who love cute designs. Print at home — high quality JPG ready to color!","https://tinyanimalworlds.com/coloring/window-seat-during-rain","Rainy Day Coloring Pages","rainy day coloring, rain coloring, cozy indoor coloring, rainy window, umbrella coloring, weather coloring","Pinterest pin image: free printable cute window seat during rain printable coloring page — cute cozy coloring page from Tiny Animal Worlds."
"public/pinterest/bear-drinking-hot-chocolate.jpg","Cute Bear Drinking Hot Chocolate Printable Coloring Page","Free printable cute bear drinking hot chocolate coloring page — high-quality JPG design perfect for cozy coloring sessions. Great for kids, teens, and adults who love cute coloring pages. Print at home — high quality JPG ready to color! Click to download and print this cozy coloring page.","https://tinyanimalworlds.com/coloring/bear-drinking-hot-chocolate","Cute Animal Coloring Pages","cute animals coloring, animal coloring pages, adorable coloring, pet coloring, cute printable pages, kids coloring","Pinterest pin image: free printable cute bear drinking hot chocolate printable coloring page — cute cozy coloring page from Tiny Animal Worlds."
"public/pinterest/coffee-shop-corner-coffe.jpg","Cute Coffee Shop Corner Coffe Printable Coloring Page","Free printable cute coffee shop corner coffe coloring page — high-quality JPG design perfect for cozy coloring sessions. Great for kids, teens, and adults who love cute coloring pages. Click to download and print this cozy coloring page. Perfect for kids and adults who love cute designs.","https://tinyanimalworlds.com/coloring/coffee-shop-corner-coffe","Coffee Shop Coloring Pages","coffee shop coloring, cafe coloring, coffee lover coloring, barista coloring, cozy cafe, coffee art","Pinterest pin image: free printable cute coffee shop corner coffe printable coloring page — cute cozy coloring page from Tiny Animal Worlds."
"public/pinterest/fox-walking-with-umbrella.jpg","Cute Fox Walking With Umbrella Printable Coloring Page","Free printable cute fox walking with umbrella coloring page — high-quality JPG design perfect for cozy coloring sessions. Great for kids, teens, and adults who love cute coloring pages. Free JPG download — no sign-up required! Great for relaxation, mindfulness, and creative fun.","https://tinyanimalworlds.com/coloring/fox-walking-with-umbrella","Cute Animal Coloring Pages","cute animals coloring, animal coloring pages, adorable coloring, pet coloring, cute printable pages, kids coloring","Pinterest pin image: free printable cute fox walking with umbrella printable coloring page — cute cozy coloring page from Tiny Animal Worlds."
"public/pinterest/autumn-cottage-interior.jpg","Cute Autumn Cottage Interior Printable Coloring Page","Free printable cute autumn cottage interior coloring page — high-quality JPG design perfect for cozy coloring sessions. Great for kids, teens, and adults who love cute coloring pages. Instant download — start coloring in minutes! Great for relaxation, mindfulness, and creative fun.","https://tinyanimalworlds.com/coloring/autumn-cottage-interior","Cottagecore Coloring","cottagecore coloring, cottage coloring, countryside coloring, rustic coloring, farmhouse coloring, rural scenes","Pinterest pin image: free printable cute autumn cottage interior printable coloring page — cute cozy coloring page from Tiny Animal Worlds."
"public/pinterest/bunny-watching-rain-from-windo.jpg","Bunny Watching Rain From Windo Free Coloring Page","Free printable bunny watching rain from windo coloring page — high-quality JPG design perfect for cozy coloring sessions. Great for kids, teens, and adults who love cute coloring pages. Save this pin for your next coloring session! Print at home — high quality JPG ready to color!","https://tinyanimalworlds.com/coloring/bunny-watching-rain-from-windo","Rainy Day Coloring Pages","rainy day coloring, rain coloring, cozy indoor coloring, rainy window, umbrella coloring, weather coloring","Pinterest pin image: free printable bunny watching rain from windo free coloring page — cute cozy coloring page from Tiny Animal Worlds."
"public/pinterest/bedroom-with-fairy-lights.jpg","Cute Bedroom With Fairy Lights Printable Coloring Page","Free printable cute bedroom with fairy lights coloring page — high-quality JPG design perfect for cozy coloring sessions. Great for kids, teens, and adults who love cute coloring pages. Print at home — high quality JPG ready to color! Download free coloring page from Tiny Animal Worlds.","https://tinyanimalworlds.com/coloring/bedroom-with-fairy-lights","Cozy Coloring Pages","cozy coloring, hygge coloring, relaxing coloring, warm coloring, comfort coloring, mindfulness coloring","Pinterest pin image: free printable cute bedroom with fairy lights printable coloring page — cute cozy coloring page from Tiny Animal Worlds."
"public/pinterest/valentine-bunny-bakery.jpg","Cute Valentine Bunny Bakery Printable Coloring Page","Free printable cute valentine bunny bakery coloring page — high-quality JPG design perfect for cozy coloring sessions. Great for kids, teens, and adults who love cute coloring pages. Click to download and print this cozy coloring page. Instant download — start coloring in minutes!","https://tinyanimalworlds.com/coloring/valentine-bunny-bakery","Bakery Coloring Pages","bakery coloring, baking coloring, kitchen coloring, sweet shop coloring, pastry coloring, food coloring pages","Pinterest pin image: free printable cute valentine bunny bakery printable coloring page — cute cozy coloring page from Tiny Animal Worlds."
"public/pinterest/bunny-hot-air-balloon.jpg","Cute Bunny Hot Air Balloon Printable Coloring Page","Free printable cute bunny hot air balloon coloring page — high-quality JPG design perfect for cozy coloring sessions. Great for kids, teens, and adults who love cute coloring pages. Click to download and print this cozy coloring page. Print at home — high quality JPG ready to color!","https://tinyanimalworlds.com/coloring/bunny-hot-air-balloon","Cute Animal Coloring Pages","cute animals coloring, animal coloring pages, adorable coloring, pet coloring, cute printable pages, kids coloring","Pinterest pin image: free printable cute bunny hot air balloon printable coloring page — cute cozy coloring page from Tiny Animal Worlds."
"public/pinterest/frog-reading-on-a-rainy-day.jpg","Cute Frog Reading On A Rainy Day Printable Coloring Page","Free printable cute frog reading on a rainy day coloring page — high-quality JPG design perfect for cozy coloring sessions. Great for kids, teens, and adults who love cute coloring pages. Click to download and print this cozy coloring page. Great for relaxation, mindfulness, and creative fun.","https://tinyanimalworlds.com/coloring/frog-reading-on-a-rainy-day","Bookstore Coloring Pages","bookstore coloring, library coloring, reading coloring, cozy bookshop, book lover coloring, printable book scenes","Pinterest pin image: free printable cute frog reading on a rainy day printable coloring page — cute cozy coloring page from Tiny Animal Worlds."
"public/pinterest/rainy-day-reading-nook-l.jpg","Cute Rainy Day Reading Nook L Printable Coloring Page","Free printable cute rainy day reading nook l coloring page — high-quality JPG design perfect for cozy coloring sessions. Great for kids, teens, and adults who love cute coloring pages. Print at home — high quality JPG ready to color! Instant download — start coloring in minutes!","https://tinyanimalworlds.com/coloring/rainy-day-reading-nook-l","Bookstore Coloring Pages","bookstore coloring, library coloring, reading coloring, cozy bookshop, book lover coloring, printable book scenes","Pinterest pin image: free printable cute rainy day reading nook l printable coloring page — cute cozy coloring page from Tiny Animal Worlds."
"public/pinterest/tiny-squirrel-acorn-bakery.jpg","Cute Tiny Squirrel Acorn Bakery Printable Coloring Page","Free printable cute tiny squirrel acorn bakery coloring page — high-quality JPG design perfect for cozy coloring sessions. Great for kids, teens, and adults who love cute coloring pages. Print at home — high quality JPG ready to color! Click to download and print this cozy coloring page.","https://tinyanimalworlds.com/coloring/tiny-squirrel-acorn-bakery","Bakery Coloring Pages","bakery coloring, baking coloring, kitchen coloring, sweet shop coloring, pastry coloring, food coloring pages","Pinterest pin image: free printable cute tiny squirrel acorn bakery printable coloring page — cute cozy coloring page from Tiny Animal Worlds."
"public/pinterest/squirrel-woodland-village.jpg","Cute Squirrel Woodland Village Printable Coloring Page","Free printable cute squirrel woodland village coloring page — high-quality JPG design perfect for cozy coloring sessions. Great for kids, teens, and adults who love cute coloring pages. Perfect for kids and adults who love cute designs. Free JPG download — no sign-up required!","https://tinyanimalworlds.com/coloring/squirrel-woodland-village","Tiny Animal Worlds","tiny animals, miniature coloring, village coloring, tiny worlds, animal communities, whimsical coloring","Pinterest pin image: free printable cute squirrel woodland village printable coloring page — cute cozy coloring page from Tiny Animal Worlds."
"public/pinterest/tiny-panda-noodle-shop.jpg","Cute Tiny Panda Noodle Shop Printable Coloring Page","Free printable cute tiny panda noodle shop coloring page — high-quality JPG design perfect for cozy coloring sessions. Great for kids, teens, and adults who love cute coloring pages. Print instantly and start coloring today! Instant download — start coloring in minutes!","https://tinyanimalworlds.com/coloring/tiny-panda-noodle-shop","Tiny Animal Worlds","tiny animals, miniature coloring, village coloring, tiny worlds, animal communities, whimsical coloring","Pinterest pin image: free printable cute tiny panda noodle shop printable coloring page — cute cozy coloring page from Tiny Animal Worlds."
"public/pinterest/duck-farmers-market-vege.jpg","Cute Duck Farmers Market Vege Printable Coloring Page","Free printable cute duck farmers market vege coloring page — high-quality JPG design perfect for cozy coloring sessions. Great for kids, teens, and adults who love cute coloring pages. Great for relaxation, mindfulness, and creative fun. Print at home — high quality JPG ready to color!","https://tinyanimalworlds.com/coloring/duck-farmers-market-vege","Cozy Coloring Pages","cozy coloring, hygge coloring, relaxing coloring, warm coloring, comfort coloring, mindfulness coloring","Pinterest pin image: free printable cute duck farmers market vege printable coloring page — cute cozy coloring page from Tiny Animal Worlds."
"public/pinterest/tiny-duck-pancake-stand.jpg","Cute Tiny Duck Pancake Stand Printable Coloring Page","Free printable cute tiny duck pancake stand coloring page — high-quality JPG design perfect for cozy coloring sessions. Great for kids, teens, and adults who love cute coloring pages. Save this pin for your next coloring session! Instant download — start coloring in minutes!","https://tinyanimalworlds.com/coloring/tiny-duck-pancake-stand","Tiny Animal Worlds","tiny animals, miniature coloring, village coloring, tiny worlds, animal communities, whimsical coloring","Pinterest pin image: free printable cute tiny duck pancake stand printable coloring page — cute cozy coloring page from Tiny Animal Worlds."
"public/pinterest/bunny-post-office-village.jpg","Cute Bunny Post Office Village Printable Coloring Page","Free printable cute bunny post office village coloring page — high-quality JPG design perfect for cozy coloring sessions. Great for kids, teens, and adults who love cute coloring pages. Click to download and print this cozy coloring page. Download this free printable coloring page now!","https://tinyanimalworlds.com/coloring/bunny-post-office-village","Tiny Animal Worlds","tiny animals, miniature coloring, village coloring, tiny worlds, animal communities, whimsical coloring","Pinterest pin image: free printable cute bunny post office village printable coloring page — cute cozy coloring page from Tiny Animal Worlds."
"public/pinterest/tiny-hedgehog-library.jpg","Cute Tiny Hedgehog Library Printable Coloring Page","Free printable cute tiny hedgehog library coloring page — high-quality JPG design perfect for cozy coloring sessions. Great for kids, teens, and adults who love cute coloring pages. Print at home — high quality JPG ready to color! Click to download and print this cozy coloring page.","https://tinyanimalworlds.com/coloring/tiny-hedgehog-library","Bookstore Coloring Pages","bookstore coloring, library coloring, reading coloring, cozy bookshop, book lover coloring, printable book scenes","Pinterest pin image: free printable cute tiny hedgehog library printable coloring page — cute cozy coloring page from Tiny Animal Worlds."
"public/pinterest/cat-village-library-book.jpg","Cute Cat Village Library Book Printable Coloring Page","Free printable cute cat village library book coloring page — high-quality JPG design perfect for cozy coloring sessions. Great for kids, teens, and adults who love cute coloring pages. Click to download and print this cozy coloring page. Perfect for kids and adults who love cute designs.","https://tinyanimalworlds.com/coloring/cat-village-library-book","Bookstore Coloring Pages","bookstore coloring, library coloring, reading coloring, cozy bookshop, book lover coloring, printable book scenes","Pinterest pin image: free printable cute cat village library book printable coloring page — cute cozy coloring page from Tiny Animal Worlds."
"public/pinterest/tiny-mouse-cheese-cafe.jpg","Cute Tiny Mouse Cheese Cafe Printable Coloring Page","Free printable cute tiny mouse cheese cafe coloring page — high-quality JPG design perfect for cozy coloring sessions. Great for kids, teens, and adults who love cute coloring pages. Download free coloring page from Tiny Animal Worlds. Save this pin for your next coloring session!","https://tinyanimalworlds.com/coloring/tiny-mouse-cheese-cafe","Coffee Shop Coloring Pages","coffee shop coloring, cafe coloring, coffee lover coloring, barista coloring, cozy cafe, coffee art","Pinterest pin image: free printable cute tiny mouse cheese cafe printable coloring page — cute cozy coloring page from Tiny Animal Worlds."
"public/pinterest/mouse-flower-market-mini.jpg","Cute Mouse Flower Market Mini Printable Coloring Page","Free printable cute mouse flower market mini coloring page — high-quality JPG design perfect for cozy coloring sessions. Great for kids, teens, and adults who love cute coloring pages. Instant download — start coloring in minutes! Free JPG download — no sign-up required!","https://tinyanimalworlds.com/coloring/mouse-flower-market-mini","Tiny Animal Worlds","tiny animals, miniature coloring, village coloring, tiny worlds, animal communities, whimsical coloring","Pinterest pin image: free printable cute mouse flower market mini printable coloring page — cute cozy coloring page from Tiny Animal Worlds."
"public/pinterest/tiny-cat-flower-market.jpg","Cute Tiny Cat Flower Market Printable Coloring Page","Free printable cute tiny cat flower market coloring page — high-quality JPG design perfect for cozy coloring sessions. Great for kids, teens, and adults who love cute coloring pages. Save this pin for your next coloring session! Download this free printable coloring page now!","https://tinyanimalworlds.com/coloring/tiny-cat-flower-market","Tiny Animal Worlds","tiny animals, miniature coloring, village coloring, tiny worlds, animal communities, whimsical coloring","Pinterest pin image: free printable cute tiny cat flower market printable coloring page — cute cozy coloring page from Tiny Animal Worlds."
"public/pinterest/bear-coffee-shop-cute-be.jpg","Cute Bear Coffee Shop Cute Be Printable Coloring Page","Free printable cute bear coffee shop cute be coloring page — high-quality JPG design perfect for cozy coloring sessions. Great for kids, teens, and adults who love cute coloring pages. Download this free printable coloring page now! Print instantly and start coloring today!","https://tinyanimalworlds.com/coloring/bear-coffee-shop-cute-be","Coffee Shop Coloring Pages","coffee shop coloring, cafe coloring, coffee lover coloring, barista coloring, cozy cafe, coffee art","Pinterest pin image: free printable cute bear coffee shop cute be printable coloring page — cute cozy coloring page from Tiny Animal Worlds."
"public/pinterest/tiny-bear-coffee-shop.jpg","Cute Tiny Bear Coffee Shop Printable Coloring Page","Free printable cute tiny bear coffee shop coloring page — high-quality JPG design perfect for cozy coloring sessions. Great for kids, teens, and adults who love cute coloring pages. Print at home — high quality JPG ready to color! Print instantly and start coloring today!","https://tinyanimalworlds.com/coloring/tiny-bear-coffee-shop","Coffee Shop Coloring Pages","coffee shop coloring, cafe coloring, coffee lover coloring, barista coloring, cozy cafe, coffee art","Pinterest pin image: free printable cute tiny bear coffee shop printable coloring page — cute cozy coloring page from Tiny Animal Worlds."
"public/pinterest/fox-cottage-village-mush.jpg","Cute Fox Cottage Village Mush Printable Coloring Page","Free printable cute fox cottage village mush coloring page — high-quality JPG design perfect for cozy coloring sessions. Great for kids, teens, and adults who love cute coloring pages. Click to download and print this cozy coloring page. Save this pin for your next coloring session!","https://tinyanimalworlds.com/coloring/fox-cottage-village-mush","Tiny Animal Worlds","tiny animals, miniature coloring, village coloring, tiny worlds, animal communities, whimsical coloring","Pinterest pin image: free printable cute fox cottage village mush printable coloring page — cute cozy coloring page from Tiny Animal Worlds."
"public/pinterest/tiny-fox-tea-house.jpg","Cute Tiny Fox Tea House Printable Coloring Page","Free printable cute tiny fox tea house coloring page — high-quality JPG design perfect for cozy coloring sessions. Great for kids, teens, and adults who love cute coloring pages. Instant download — start coloring in minutes! Print at home — high quality JPG ready to color!","https://tinyanimalworlds.com/coloring/tiny-fox-tea-house","Tea Party Coloring Pages","tea party coloring, tea time coloring, afternoon tea, elegant coloring, tea set coloring, garden party","Pinterest pin image: free printable cute tiny fox tea house printable coloring page — cute cozy coloring page from Tiny Animal Worlds."
"public/pinterest/hedgehog-tea-house-villag.jpg","Cute Hedgehog Tea House Villag Printable Coloring Page","Free printable cute hedgehog tea house villag coloring page — high-quality JPG design perfect for cozy coloring sessions. Great for kids, teens, and adults who love cute coloring pages. Great for relaxation, mindfulness, and creative fun. Click to download and print this cozy coloring page.","https://tinyanimalworlds.com/coloring/hedgehog-tea-house-villag","Tea Party Coloring Pages","tea party coloring, tea time coloring, afternoon tea, elegant coloring, tea set coloring, garden party","Pinterest pin image: free printable cute hedgehog tea house villag printable coloring page — cute cozy coloring page from Tiny Animal Worlds."
"public/pinterest/tiny-bunny-bookstore.jpg","Cute Tiny Bunny Bookstore Printable Coloring Page","Free printable cute tiny bunny bookstore coloring page — high-quality JPG design perfect for cozy coloring sessions. Great for kids, teens, and adults who love cute coloring pages. Print instantly and start coloring today! Print at home — high quality JPG ready to color!","https://tinyanimalworlds.com/coloring/tiny-bunny-bookstore","Bookstore Coloring Pages","bookstore coloring, library coloring, reading coloring, cozy bookshop, book lover coloring, printable book scenes","Pinterest pin image: free printable cute tiny bunny bookstore printable coloring page — cute cozy coloring page from Tiny Animal Worlds."
"public/pinterest/frog-bakery-town-cute-fr.jpg","Cute Frog Bakery Town Cute Fr Printable Coloring Page","Free printable cute frog bakery town cute fr coloring page — high-quality JPG design perfect for cozy coloring sessions. Great for kids, teens, and adults who love cute coloring pages. Print at home — high quality JPG ready to color! Click to download and print this cozy coloring page.","https://tinyanimalworlds.com/coloring/frog-bakery-town-cute-fr","Bakery Coloring Pages","bakery coloring, baking coloring, kitchen coloring, sweet shop coloring, pastry coloring, food coloring pages","Pinterest pin image: free printable cute frog bakery town cute fr printable coloring page — cute cozy coloring page from Tiny Animal Worlds."
"public/pinterest/christmas-panda-workshop.jpg","Cute Christmas Panda Workshop Printable Coloring Page","Free printable cute christmas panda workshop coloring page — high-quality JPG design perfect for cozy coloring sessions. Great for kids, teens, and adults who love cute coloring pages. Save this pin for your next coloring session! Click to download and print this cozy coloring page.","https://tinyanimalworlds.com/coloring/christmas-panda-workshop","Christmas Coloring Pages","christmas coloring, holiday coloring, winter coloring, festive coloring, santa coloring, christmas printable","Pinterest pin image: free printable cute christmas panda workshop printable coloring page — cute cozy coloring page from Tiny Animal Worlds."
"public/pinterest/cat-cafe-under-moonlig.jpg","Cute Cat Cafe Under Moonlig Printable Coloring Page","Free printable cute cat cafe under moonlig coloring page — high-quality JPG design perfect for cozy coloring sessions. Great for kids, teens, and adults who love cute coloring pages. Download this free printable coloring page now! Perfect for kids and adults who love cute designs.","https://tinyanimalworlds.com/coloring/cat-cafe-under-moonlig","Coffee Shop Coloring Pages","coffee shop coloring, cafe coloring, coffee lover coloring, barista coloring, cozy cafe, coffee art","Pinterest pin image: free printable cute cat cafe under moonlig printable coloring page — cute cozy coloring page from Tiny Animal Worlds."
"public/pinterest/tiny-frog-bakery.jpg","Cute Tiny Frog Bakery Printable Coloring Page","Free printable cute tiny frog bakery coloring page — high-quality JPG design perfect for cozy coloring sessions. Great for kids, teens, and adults who love cute coloring pages. Print instantly and start coloring today! Download free coloring page from Tiny Animal Worlds.","https://tinyanimalworlds.com/coloring/tiny-frog-bakery","Bakery Coloring Pages","bakery coloring, baking coloring, kitchen coloring, sweet shop coloring, pastry coloring, food coloring pages","Pinterest pin image: free printable cute tiny frog bakery printable coloring page — cute cozy coloring page from Tiny Animal Worlds."
"public/pinterest/bunny-bookstore-village.jpg","Cute Bunny Bookstore Village Printable Coloring Page","Free printable cute bunny bookstore village coloring page — high-quality JPG design perfect for cozy coloring sessions. Great for kids, teens, and adults who love cute coloring pages. Perfect for kids and adults who love cute designs. Print at home — high quality JPG ready to color!","https://tinyanimalworlds.com/coloring/bunny-bookstore-village","Bookstore Coloring Pages","bookstore coloring, library coloring, reading coloring, cozy bookshop, book lover coloring, printable book scenes","Pinterest pin image: free printable cute bunny bookstore village printable coloring page — cute cozy coloring page from Tiny Animal Worlds."
"public/pinterest/halloween-mouse-candy-shop.jpg","Cute Halloween Mouse Candy Shop Printable Coloring Page","Free printable cute halloween mouse candy shop coloring page — high-quality JPG design perfect for cozy coloring sessions. Great for kids, teens, and adults who love cute coloring pages. Print instantly and start coloring today! Perfect for kids and adults who love cute designs.","https://tinyanimalworlds.com/coloring/halloween-mouse-candy-shop","Halloween Coloring Pages","halloween coloring, spooky coloring, pumpkin coloring, witch coloring, ghost coloring, halloween printable","Pinterest pin image: free printable cute halloween mouse candy shop printable coloring page — cute cozy coloring page from Tiny Animal Worlds."
"public/pinterest/floating-island-villag.jpg","Cute Floating Island Villag Printable Coloring Page","Free printable cute floating island villag coloring page — high-quality JPG design perfect for cozy coloring sessions. Great for kids, teens, and adults who love cute coloring pages. Instant download — start coloring in minutes! Download free coloring page from Tiny Animal Worlds.","https://tinyanimalworlds.com/coloring/floating-island-villag","Cute Animal Coloring Pages","cute animals coloring, animal coloring pages, adorable coloring, pet coloring, cute printable pages, kids coloring","Pinterest pin image: free printable cute floating island villag printable coloring page — cute cozy coloring page from Tiny Animal Worlds."
"public/pinterest/snowy-cat-bookstore.jpg","Cute Snowy Cat Bookstore Printable Coloring Page","Free printable cute snowy cat bookstore coloring page — high-quality JPG design perfect for cozy coloring sessions. Great for kids, teens, and adults who love cute coloring pages. Print at home — high quality JPG ready to color! Download free coloring page from Tiny Animal Worlds.","https://tinyanimalworlds.com/coloring/snowy-cat-bookstore","Bookstore Coloring Pages","bookstore coloring, library coloring, reading coloring, cozy bookshop, book lover coloring, printable book scenes","Pinterest pin image: free printable cute snowy cat bookstore printable coloring page — cute cozy coloring page from Tiny Animal Worlds."
"public/pinterest/fox-wizard-cottage-ma.jpg","Cute Fox Wizard Cottage Ma Printable Coloring Page","Free printable cute fox wizard cottage ma coloring page — high-quality JPG design perfect for cozy coloring sessions. Great for kids, teens, and adults who love cute coloring pages. Print instantly and start coloring today! Download this free printable coloring page now!","https://tinyanimalworlds.com/coloring/fox-wizard-cottage-ma","Fantasy Coloring Pages","fantasy coloring, magical coloring, dragon coloring, unicorn coloring, fairy tale coloring, enchanted forest","Pinterest pin image: free printable cute fox wizard cottage ma printable coloring page — cute cozy coloring page from Tiny Animal Worlds."
"public/pinterest/summer-bear-lemonade-stand.jpg","Cute Summer Bear Lemonade Stand Printable Coloring Page","Free printable cute summer bear lemonade stand coloring page — high-quality JPG design perfect for cozy coloring sessions. Great for kids, teens, and adults who love cute coloring pages. Save this pin for your next coloring session! Instant download — start coloring in minutes!","https://tinyanimalworlds.com/coloring/summer-bear-lemonade-stand","Seasonal Coloring Pages","seasonal coloring, spring coloring, summer coloring, autumn coloring, winter coloring, holiday coloring","Pinterest pin image: free printable cute summer bear lemonade stand printable coloring page — cute cozy coloring page from Tiny Animal Worlds."
"public/pinterest/mushroom-kingdom-tiny.jpg","Cute Mushroom Kingdom Tiny Printable Coloring Page","Free printable cute mushroom kingdom tiny coloring page — high-quality JPG design perfect for cozy coloring sessions. Great for kids, teens, and adults who love cute coloring pages. Great for relaxation, mindfulness, and creative fun. Save this pin for your next coloring session!","https://tinyanimalworlds.com/coloring/mushroom-kingdom-tiny","Tiny Animal Worlds","tiny animals, miniature coloring, village coloring, tiny worlds, animal communities, whimsical coloring","Pinterest pin image: free printable cute mushroom kingdom tiny printable coloring page — cute cozy coloring page from Tiny Animal Worlds."
"public/pinterest/spring-frog-flower-festival.jpg","Cute Spring Frog Flower Festival Printable Coloring Page","Free printable cute spring frog flower festival coloring page — high-quality JPG design perfect for cozy coloring sessions. Great for kids, teens, and adults who love cute coloring pages. Instant download — start coloring in minutes! Great for relaxation, mindfulness, and creative fun.","https://tinyanimalworlds.com/coloring/spring-frog-flower-festival","Garden Coloring Pages","garden coloring, flower coloring, botanical coloring, nature coloring, greenhouse coloring, floral printable","Pinterest pin image: free printable cute spring frog flower festival printable coloring page — cute cozy coloring page from Tiny Animal Worlds."
"public/pinterest/owl-library-giant-boo.jpg","Cute Owl Library Giant Boo Printable Coloring Page","Free printable cute owl library giant boo coloring page — high-quality JPG design perfect for cozy coloring sessions. Great for kids, teens, and adults who love cute coloring pages. Print at home — high quality JPG ready to color! Save this pin for your next coloring session!","https://tinyanimalworlds.com/coloring/owl-library-giant-boo","Bookstore Coloring Pages","bookstore coloring, library coloring, reading coloring, cozy bookshop, book lover coloring, printable book scenes","Pinterest pin image: free printable cute owl library giant boo printable coloring page — cute cozy coloring page from Tiny Animal Worlds."
"public/pinterest/winter-bunny-hot-cocoa-house.jpg","Cute Winter Bunny Hot Cocoa House Printable Coloring Page","Free printable cute winter bunny hot cocoa house coloring page — high-quality JPG design perfect for cozy coloring sessions. Great for kids, teens, and adults who love cute coloring pages. Print instantly and start coloring today! Print at home — high quality JPG ready to color!","https://tinyanimalworlds.com/coloring/winter-bunny-hot-cocoa-house","Seasonal Coloring Pages","seasonal coloring, spring coloring, summer coloring, autumn coloring, winter coloring, holiday coloring","Pinterest pin image: free printable cute winter bunny hot cocoa house printable coloring page — cute cozy coloring page from Tiny Animal Worlds."
"public/pinterest/bunny-castle-town-mag.jpg","Cute Bunny Castle Town Mag Printable Coloring Page","Free printable cute bunny castle town mag coloring page — high-quality JPG design perfect for cozy coloring sessions. Great for kids, teens, and adults who love cute coloring pages. Print instantly and start coloring today! Download free coloring page from Tiny Animal Worlds.","https://tinyanimalworlds.com/coloring/bunny-castle-town-mag","Cute Animal Coloring Pages","cute animals coloring, animal coloring pages, adorable coloring, pet coloring, cute printable pages, kids coloring","Pinterest pin image: free printable cute bunny castle town mag printable coloring page — cute cozy coloring page from Tiny Animal Worlds."
"public/pinterest/tiny-animal-worlds.jpg","Cute Tiny Animal Worlds Printable Coloring Page","Free printable cute tiny animal worlds coloring page — high-quality JPG design perfect for cozy coloring sessions. Great for kids, teens, and adults who love cute coloring pages. Free JPG download — no sign-up required! Click to download and print this cozy coloring page.","https://tinyanimalworlds.com/category/tiny-animal-worlds","Tiny Animal Worlds","tiny animals, miniature coloring, village coloring, tiny worlds, animal communities, whimsical coloring","Pinterest pin image: free printable cute tiny animal worlds printable coloring page — cute cozy coloring page from Tiny Animal Worlds."
"public/pinterest/cottagecore-coloring.jpg","Cute Cottagecore Coloring Printable Coloring Page","Free printable cute cottagecore coloring coloring page — high-quality JPG design perfect for cozy coloring sessions. Great for kids, teens, and adults who love cute coloring pages. Instant download — start coloring in minutes! Print at home — high quality JPG ready to color!","https://tinyanimalworlds.com/category/cottagecore-coloring","Cottagecore Coloring","cottagecore coloring, cottage coloring, countryside coloring, rustic coloring, farmhouse coloring, rural scenes","Pinterest pin image: free printable cute cottagecore coloring printable coloring page — cute cozy coloring page from Tiny Animal Worlds."
"public/pinterest/rainy-day-coloring.jpg","Cute Rainy Day Coloring Printable Coloring Page","Free printable cute rainy day coloring coloring page — high-quality JPG design perfect for cozy coloring sessions. Great for kids, teens, and adults who love cute coloring pages. Save this pin for your next coloring session! Download free coloring page from Tiny Animal Worlds.","https://tinyanimalworlds.com/category/rainy-day-coloring","Rainy Day Coloring Pages","rainy day coloring, rain coloring, cozy indoor coloring, rainy window, umbrella coloring, weather coloring","Pinterest pin image: free printable cute rainy day coloring printable coloring page — cute cozy coloring page from Tiny Animal Worlds."
"public/pinterest/fantasy-coloring.jpg","Cute Fantasy Coloring Printable Coloring Page","Free printable cute fantasy coloring coloring page — high-quality JPG design perfect for cozy coloring sessions. Great for kids, teens, and adults who love cute coloring pages. Print instantly and start coloring today! Download this free printable coloring page now!","https://tinyanimalworlds.com/category/fantasy-coloring","Fantasy Coloring Pages","fantasy coloring, magical coloring, dragon coloring, unicorn coloring, fairy tale coloring, enchanted forest","Pinterest pin image: free printable cute fantasy coloring printable coloring page — cute cozy coloring page from Tiny Animal Worlds."
"public/pinterest/seasonal-coloring.jpg","Cute Seasonal Coloring Printable Coloring Page","Free printable cute seasonal coloring coloring page — high-quality JPG design perfect for cozy coloring sessions. Great for kids, teens, and adults who love cute coloring pages. Download this free printable coloring page now! Print at home — high quality JPG ready to color!","https://tinyanimalworlds.com/category/seasonal-coloring","Seasonal Coloring Pages","seasonal coloring, spring coloring, summer coloring, autumn coloring, winter coloring, holiday coloring","Pinterest pin image: free printable cute seasonal coloring printable coloring page — cute cozy coloring page from Tiny Animal Worlds."
"public/pinterest/food-bakery.jpg","Cute Food Bakery Printable Coloring Page","Free printable cute food bakery coloring page — high-quality JPG design perfect for cozy coloring sessions. Great for kids, teens, and adults who love cute coloring pages. Save this pin for your next coloring session! Instant download — start coloring in minutes!","https://tinyanimalworlds.com/category/food-bakery","Bakery Coloring Pages","bakery coloring, baking coloring, kitchen coloring, sweet shop coloring, pastry coloring, food coloring pages","Pinterest pin image: free printable cute food bakery printable coloring page — cute cozy coloring page from Tiny Animal Worlds."
"public/pinterest/coffee-shop-scenes.jpg","Cute Coffee Shop Scenes Printable Coloring Page","Free printable cute coffee shop scenes coloring page — high-quality JPG design perfect for cozy coloring sessions. Great for kids, teens, and adults who love cute coloring pages. Download this free printable coloring page now! Print instantly and start coloring today!","https://tinyanimalworlds.com/category/coffee-shop-scenes","Coffee Shop Coloring Pages","coffee shop coloring, cafe coloring, coffee lover coloring, barista coloring, cozy cafe, coffee art","Pinterest pin image: free printable cute coffee shop scenes printable coloring page — cute cozy coloring page from Tiny Animal Worlds."
"public/pinterest/bookstore-coloring.jpg","Cute Bookstore Coloring Printable Coloring Page","Free printable cute bookstore coloring coloring page — high-quality JPG design perfect for cozy coloring sessions. Great for kids, teens, and adults who love cute coloring pages. Print instantly and start coloring today! Download this free printable coloring page now!","https://tinyanimalworlds.com/category/bookstore-coloring","Bookstore Coloring Pages","bookstore coloring, library coloring, reading coloring, cozy bookshop, book lover coloring, printable book scenes","Pinterest pin image: free printable cute bookstore coloring printable coloring page — cute cozy coloring page from Tiny Animal Worlds."
"public/pinterest/garden-coloring.jpg","Cute Garden Coloring Printable Coloring Page","Free printable cute garden coloring coloring page — high-quality JPG design perfect for cozy coloring sessions. Great for kids, teens, and adults who love cute coloring pages. Instant download — start coloring in minutes! Download free coloring page from Tiny Animal Worlds.","https://tinyanimalworlds.com/category/garden-coloring","Garden Coloring Pages","garden coloring, flower coloring, botanical coloring, nature coloring, greenhouse coloring, floral printable","Pinterest pin image: free printable cute garden coloring printable coloring page — cute cozy coloring page from Tiny Animal Worlds."
"public/pinterest/christmas-coloring.jpg","Cute Christmas Coloring Printable Coloring Page","Free printable cute christmas coloring coloring page — high-quality JPG design perfect for cozy coloring sessions. Great for kids, teens, and adults who love cute coloring pages. Perfect for kids and adults who love cute designs. Click to download and print this cozy coloring page.","https://tinyanimalworlds.com/category/christmas-coloring","Christmas Coloring Pages","christmas coloring, holiday coloring, winter coloring, festive coloring, santa coloring, christmas printable","Pinterest pin image: free printable cute christmas coloring printable coloring page — cute cozy coloring page from Tiny Animal Worlds."
"public/pinterest/halloween-coloring.jpg","Cute Halloween Coloring Printable Coloring Page","Free printable cute halloween coloring coloring page — high-quality JPG design perfect for cozy coloring sessions. Great for kids, teens, and adults who love cute coloring pages. Instant download — start coloring in minutes! Free JPG download — no sign-up required!","https://tinyanimalworlds.com/category/halloween-coloring","Halloween Coloring Pages","halloween coloring, spooky coloring, pumpkin coloring, witch coloring, ghost coloring, halloween printable","Pinterest pin image: free printable cute halloween coloring printable coloring page — cute cozy coloring page from Tiny Animal Worlds."
"public/pinterest/village-life.jpg","Cute Village Life Printable Coloring Page","Free printable cute village life coloring page — high-quality JPG design perfect for cozy coloring sessions. Great for kids, teens, and adults who love cute coloring pages. Download free coloring page from Tiny Animal Worlds. Save this pin for your next coloring session!","https://tinyanimalworlds.com/category/village-life","Tiny Animal Worlds","tiny animals, miniature coloring, village coloring, tiny worlds, animal communities, whimsical coloring","Pinterest pin image: free printable cute village life printable coloring page — cute cozy coloring page from Tiny Animal Worlds."
"public/pinterest/reading-coloring.jpg","Cute Reading Coloring Printable Coloring Page","Free printable cute reading coloring coloring page — high-quality JPG design perfect for cozy coloring sessions. Great for kids, teens, and adults who love cute coloring pages. Instant download — start coloring in minutes! Print instantly and start coloring today!","https://tinyanimalworlds.com/category/reading-coloring","Bookstore Coloring Pages","bookstore coloring, library coloring, reading coloring, cozy bookshop, book lover coloring, printable book scenes","Pinterest pin image: free printable cute reading coloring printable coloring page — cute cozy coloring page from Tiny Animal Worlds."
"public/pinterest/tea-party-scenes.jpg","Cute Tea Party Scenes Printable Coloring Page","Free printable cute tea party scenes coloring page — high-quality JPG design perfect for cozy coloring sessions. Great for kids, teens, and adults who love cute coloring pages. Download this free printable coloring page now! Instant download — start coloring in minutes!","https://tinyanimalworlds.com/category/tea-party-scenes","Tea Party Coloring Pages","tea party coloring, tea time coloring, afternoon tea, elegant coloring, tea set coloring, garden party","Pinterest pin image: free printable cute tea party scenes printable coloring page — cute cozy coloring page from Tiny Animal Worlds."
"","Cozy Coloring Pages: 180+ Free Printable Warm and Comforting Scenes","Free printable cozy coloring pages: 180+ free printable warm and comforting scenes coloring page — high-quality JPG design perfect for cozy coloring sessions. Great for kids, teens, and adults who love cute coloring pages. Print instantly and start coloring today! Download free coloring page from Tiny Animal Worlds.","https://tinyanimalworlds.com/blog/cozy-coloring-pages","Cozy Coloring Pages","cozy coloring, hygge coloring, relaxing coloring, warm coloring, comfort coloring, mindfulness coloring","Pinterest pin image: free printable cozy coloring pages: 180+ free printable warm and comforting scenes — cute cozy coloring page from Tiny Animal Worlds."
"","Cute Frog Coloring Pages: Free Printable Adorable Frog Scenes","Free printable cute frog coloring pages: free printable adorable frog scenes coloring page — high-quality JPG design perfect for cozy coloring sessions. Great for kids, teens, and adults who love cute coloring pages. Perfect for kids and adults who love cute designs. Save this pin for your next coloring session!","https://tinyanimalworlds.com/blog/cute-frog-coloring-pages","Kawaii Coloring Pages","kawaii coloring pages, cute coloring, kawaii animals, Japanese coloring, pastel coloring, adorable printable","Pinterest pin image: free printable cute frog coloring pages: free printable adorable frog scenes — cute cozy coloring page from Tiny Animal Worlds."
"","Cute Bunny Coloring Pages: Free Printable Rabbit and Bunny Scenes","Free printable cute bunny coloring pages: free printable rabbit and bunny scenes coloring page — high-quality JPG design perfect for cozy coloring sessions. Great for kids, teens, and adults who love cute coloring pages. Print at home — high quality JPG ready to color! Save this pin for your next coloring session!","https://tinyanimalworlds.com/blog/cute-bunny-coloring-pages","Kawaii Coloring Pages","kawaii coloring pages, cute coloring, kawaii animals, Japanese coloring, pastel coloring, adorable printable","Pinterest pin image: free printable cute bunny coloring pages: free printable rabbit and bunny scenes — cute cozy coloring page from Tiny Animal Worlds."
"","Coffee Shop Coloring Pages: Free Printable Cozy Cafe Scenes","Free printable coffee shop coloring pages: free printable cozy cafe scenes coloring page — high-quality JPG design perfect for cozy coloring sessions. Great for kids, teens, and adults who love cute coloring pages. Download free coloring page from Tiny Animal Worlds. Instant download — start coloring in minutes!","https://tinyanimalworlds.com/blog/coffee-shop-coloring-pages","Coffee Shop Coloring Pages","coffee shop coloring, cafe coloring, coffee lover coloring, barista coloring, cozy cafe, coffee art","Pinterest pin image: free printable coffee shop coloring pages: free printable cozy cafe scenes — cute cozy coloring page from Tiny Animal Worlds."
"","Bakery Coloring Pages: Free Printable Sweet Shop and Pastry Scenes","Free printable bakery coloring pages: free printable sweet shop and pastry scenes coloring page — high-quality JPG design perfect for cozy coloring sessions. Great for kids, teens, and adults who love cute coloring pages. Download this free printable coloring page now! Perfect for kids and adults who love cute designs.","https://tinyanimalworlds.com/blog/bakery-coloring-pages","Bakery Coloring Pages","bakery coloring, baking coloring, kitchen coloring, sweet shop coloring, pastry coloring, food coloring pages","Pinterest pin image: free printable bakery coloring pages: free printable sweet shop and pastry scenes — cute cozy coloring page from Tiny Animal Worlds."
"","Rainy Day Coloring Pages: Free Printable Cozy Rain Scenes","Free printable rainy day coloring pages: free printable cozy rain scenes coloring page — high-quality JPG design perfect for cozy coloring sessions. Great for kids, teens, and adults who love cute coloring pages. Save this pin for your next coloring session! Click to download and print this cozy coloring page.","https://tinyanimalworlds.com/blog/rainy-day-coloring-pages","Rainy Day Coloring Pages","rainy day coloring, rain coloring, cozy indoor coloring, rainy window, umbrella coloring, weather coloring","Pinterest pin image: free printable rainy day coloring pages: free printable cozy rain scenes — cute cozy coloring page from Tiny Animal Worlds."
"","Fantasy Coloring Pages: Free Printable Magical and Enchanted Worlds","Free printable fantasy coloring pages: free printable magical and enchanted worlds coloring page — high-quality JPG design perfect for cozy coloring sessions. Great for kids, teens, and adults who love cute coloring pages. Print at home — high quality JPG ready to color! Click to download and print this cozy coloring page.","https://tinyanimalworlds.com/blog/fantasy-coloring-pages","Fantasy Coloring Pages","fantasy coloring, magical coloring, dragon coloring, unicorn coloring, fairy tale coloring, enchanted forest","Pinterest pin image: free printable fantasy coloring pages: free printable magical and enchanted worlds — cute cozy coloring page from Tiny Animal Worlds."
"","Free Printable Coloring Pages: 180+ Cute and Cozy Designs","Free printable free printable coloring pages: 180+ cute and cozy designs coloring page — high-quality JPG design perfect for cozy coloring sessions. Great for kids, teens, and adults who love cute coloring pages. Print instantly and start coloring today! Click to download and print this cozy coloring page.","https://tinyanimalworlds.com/blog/free-printable-coloring-pages","Cute Animal Coloring Pages","cute animals coloring, animal coloring pages, adorable coloring, pet coloring, cute printable pages, kids coloring","Pinterest pin image: free printable free printable coloring pages: 180+ cute and cozy designs — cute cozy coloring page from Tiny Animal Worlds."
"","Cute Bear Coloring Pages: Free Printable Cozy Bear Scenes for All Ages","Free printable cute bear coloring pages: free printable cozy bear scenes for all ages coloring page — high-quality JPG design perfect for cozy coloring sessions. Great for kids, teens, and adults who love cute coloring pages. Instant download — start coloring in minutes! Click to download and print this cozy coloring page.","https://tinyanimalworlds.com/blog/cute-bear-coloring-pages","Kawaii Coloring Pages","kawaii coloring pages, cute coloring, kawaii animals, Japanese coloring, pastel coloring, adorable printable","Pinterest pin image: free printable cute bear coloring pages: free printable cozy bear scenes for all ages — cute cozy coloring page from Tiny Animal Worlds."
"","Cute Cat Coloring Pages: Free Printable Cozy Kitty Scenes for Coloring Lovers","Free printable cute cat coloring pages: free printable cozy kitty scenes for coloring lovers coloring page — high-quality JPG design perfect for cozy coloring sessions. Great for kids, teens, and adults who love cute coloring pages. Perfect for kids and adults who love cute designs. Save this pin for your next coloring session!","https://tinyanimalworlds.com/blog/cute-cat-coloring-pages","Kawaii Coloring Pages","kawaii coloring pages, cute coloring, kawaii animals, Japanese coloring, pastel coloring, adorable printable","Pinterest pin image: free printable cute cat coloring pages: free printable cozy kitty scenes for coloring lovers — cute cozy coloring page from Tiny Animal Worlds."
