image_path,title,description,link,board
"public/pinterest/cute-frog-fishing-village-colo.jpg","Cute Frog Fishing Village Coloring Page","Free printable coloring page featuring cute frog fishing village. Download and print instantly at Tiny Animal Worlds.","https://tinyanimalworlds.com/coloring/cute-frog-fishing-village-colo","Tiny Animal Worlds"
"public/pinterest/cute-squirrel-tea-party-colori.jpg","Cute Squirrel Tea Party Coloring Page","Cute coloring page of cute squirrel tea party. Perfect for kids and adults — free JPG download!","https://tinyanimalworlds.com/coloring/cute-squirrel-tea-party-colori","Tea Party Coloring Pages"
"public/pinterest/cute-cat-flower-greenhouse-col.jpg","Cute Cat Flower Greenhouse Coloring Page","Adorable printable coloring page: cute cat flower greenhouse. Relax and enjoy this cozy scene today.","https://tinyanimalworlds.com/coloring/cute-cat-flower-greenhouse-col","Garden Coloring Pages"
"public/pinterest/cute-hamster-sewing-cottage-co.jpg","Cute Hamster Sewing Cottage Coloring Page","Download this free coloring page of cute hamster sewing cottage. High-quality JPG for all ages.","https://tinyanimalworlds.com/coloring/cute-hamster-sewing-cottage-co","Cottagecore Coloring"
"public/pinterest/cute-fox-village-florist-color.jpg","Cute Fox Village Florist Coloring Page","Cozy coloring page with cute fox village florist. Print at home and start coloring for free!","https://tinyanimalworlds.com/coloring/cute-fox-village-florist-color","Tiny Animal Worlds"
"public/pinterest/cute-rabbit-book-club.jpg","Cute Rabbit Book Club Coloring Page","cute rabbit book club — a free printable coloring page from Tiny Animal Worlds. Download now!","https://tinyanimalworlds.com/coloring/cute-rabbit-book-club","Bookstore Coloring Pages"
"public/pinterest/cute-otter-riverside-cottage-c.jpg","Cute Otter Riverside Cottage Coloring Page","Free JPG coloring page: cute otter riverside cottage. Great for creative fun and relaxation.","https://tinyanimalworlds.com/coloring/cute-otter-riverside-cottage-c","Cottagecore Coloring"
"public/pinterest/cute-rabbit-winter-cabin-color.jpg","Cute Rabbit Winter Cabin Coloring Page","Printable coloring page featuring cute rabbit winter cabin. Download, print, and color today!","https://tinyanimalworlds.com/coloring/cute-rabbit-winter-cabin-color","Cottagecore Coloring"
"public/pinterest/cute-mouse-lantern-festival-co.jpg","Cute Mouse Lantern Festival Coloring Page","Free download: cute mouse lantern festival coloring page. Cute, cozy, and ready to print.","https://tinyanimalworlds.com/coloring/cute-mouse-lantern-festival-co","Kawaii Coloring Pages"
"public/pinterest/cute-mouse-sewing-room-colorin.jpg","Cute Mouse Sewing Room Coloring Page","Coloring page of cute mouse sewing room. Free printable JPG — perfect for kids, teens, and adults.","https://tinyanimalworlds.com/coloring/cute-mouse-sewing-room-colorin","Kawaii Coloring Pages"
"public/pinterest/cute-duck-bakery-cottage-color.jpg","Cute Duck Bakery Cottage Coloring Page","Relaxing coloring page: cute duck bakery cottage. Download this free printable at Tiny Animal Worlds.","https://tinyanimalworlds.com/coloring/cute-duck-bakery-cottage-color","Bakery Coloring Pages"
"public/pinterest/cute-squirrel-treehouse-colori.jpg","Cute Squirrel Treehouse Coloring Page","Free printable cute squirrel treehouse. A cozy coloring page for all ages. Download JPG now!","https://tinyanimalworlds.com/coloring/cute-squirrel-treehouse-colori","Kawaii Coloring Pages"
"public/pinterest/cute-bear-apple-orchard-colori.jpg","Cute Bear Apple Orchard Coloring Page","Free printable coloring page featuring cute bear apple orchard. Download and print instantly at Tiny Animal Worlds.","https://tinyanimalworlds.com/coloring/cute-bear-apple-orchard-colori","Kawaii Coloring Pages"
"public/pinterest/cute-fox-lantern-festival-colo.jpg","Cute Fox Lantern Festival Coloring Page","Cute coloring page of cute fox lantern festival. Perfect for kids and adults — free JPG download!","https://tinyanimalworlds.com/coloring/cute-fox-lantern-festival-colo","Kawaii Coloring Pages"
"public/pinterest/cute-frog-countryside-market-c.jpg","Cute Frog Countryside Market Coloring Page","Adorable printable coloring page: cute frog countryside market. Relax and enjoy this cozy scene today.","https://tinyanimalworlds.com/coloring/cute-frog-countryside-market-c","Kawaii Coloring Pages"
"public/pinterest/cute-penguin-ice-cream-shop-co.jpg","Cute Penguin Ice Cream Shop Coloring Page","Download this free coloring page of cute penguin ice cream shop. High-quality JPG for all ages.","https://tinyanimalworlds.com/coloring/cute-penguin-ice-cream-shop-co","Kawaii Coloring Pages"
"public/pinterest/cute-bunny-fairy-garden-colori.jpg","Cute Bunny Fairy Garden Coloring Page","Cozy coloring page with cute bunny fairy garden. Print at home and start coloring for free!","https://tinyanimalworlds.com/coloring/cute-bunny-fairy-garden-colori","Garden Coloring Pages"
"public/pinterest/cute-duck-bakery-wagon-colorin.jpg","Cute Duck Bakery Wagon Coloring Page","cute duck bakery wagon — a free printable coloring page from Tiny Animal Worlds. Download now!","https://tinyanimalworlds.com/coloring/cute-duck-bakery-wagon-colorin","Bakery Coloring Pages"
"public/pinterest/cute-bear-honey-shop.jpg","Cute Bear Honey Shop Coloring Page","Free JPG coloring page: cute bear honey shop. Great for creative fun and relaxation.","https://tinyanimalworlds.com/coloring/cute-bear-honey-shop","Kawaii Coloring Pages"
"public/pinterest/cute-squirrel-riverside-caf-c.jpg","Cute Squirrel Riverside Cafe Coloring Page","Printable coloring page featuring cute squirrel riverside cafe. Download, print, and color today!","https://tinyanimalworlds.com/coloring/cute-squirrel-riverside-caf-c","Kawaii Coloring Pages"
"public/pinterest/cute-animal-fantasy-village-co.jpg","Cute Animal Fantasy Village Coloring Page","Free download: cute animal fantasy village coloring page. Cute, cozy, and ready to print.","https://tinyanimalworlds.com/coloring/cute-animal-fantasy-village-co","Fantasy Coloring Pages"
"public/pinterest/cute-animal-village.jpg","Cute Animal Village Coloring Page","Coloring page of cute animal village. Free printable JPG — perfect for kids, teens, and adults.","https://tinyanimalworlds.com/coloring/cute-animal-village","Tiny Animal Worlds"
"public/pinterest/cute-cat-bookshop.jpg","Cute Cat Bookshop Coloring Page","Relaxing coloring page: cute cat bookshop. Download this free printable at Tiny Animal Worlds.","https://tinyanimalworlds.com/coloring/cute-cat-bookshop","Bookstore Coloring Pages"
"public/pinterest/cute-hamster-candy-cart-colori.jpg","Cute Hamster Candy Cart Coloring Page","Free printable cute hamster candy cart. A cozy coloring page for all ages. Download JPG now!","https://tinyanimalworlds.com/coloring/cute-hamster-candy-cart-colori","Kawaii Coloring Pages"
"public/pinterest/cute-bunny-strawberry-farm-col.jpg","Cute Bunny Strawberry Farm Coloring Page","Free printable coloring page featuring cute bunny strawberry farm. Download and print instantly at Tiny Animal Worlds.","https://tinyanimalworlds.com/coloring/cute-bunny-strawberry-farm-col","Kawaii Coloring Pages"
"public/pinterest/cute-hamster-candy-house-color.jpg","Cute Hamster Candy House Coloring Page","Cute coloring page of cute hamster candy house. Perfect for kids and adults — free JPG download!","https://tinyanimalworlds.com/coloring/cute-hamster-candy-house-color","Kawaii Coloring Pages"
"public/pinterest/cute-cat-knitting-room-colorin.jpg","Cute Cat Knitting Room Coloring Page","Adorable printable coloring page: cute cat knitting room. Relax and enjoy this cozy scene today.","https://tinyanimalworlds.com/coloring/cute-cat-knitting-room-colorin","Kawaii Coloring Pages"
"public/pinterest/cute-fox-tea-cottage.jpg","Cute Fox Tea Cottage Coloring Page","Download this free coloring page of cute fox tea cottage. High-quality JPG for all ages.","https://tinyanimalworlds.com/coloring/cute-fox-tea-cottage","Tea Party Coloring Pages"
"public/pinterest/cute-frog-flower-market-colori.jpg","Cute Frog Flower Market Coloring Page","Cozy coloring page with cute frog flower market. Print at home and start coloring for free!","https://tinyanimalworlds.com/coloring/cute-frog-flower-market-colori","Garden Coloring Pages"
"public/pinterest/cute-mouse-moonlight-garden-co.jpg","Cute Mouse Moonlight Garden Coloring Page","cute mouse moonlight garden — a free printable coloring page from Tiny Animal Worlds. Download now!","https://tinyanimalworlds.com/coloring/cute-mouse-moonlight-garden-co","Garden Coloring Pages"
"public/pinterest/cute-fox-bookstore.jpg","Cute Fox Bookstore Coloring Page","Free JPG coloring page: cute fox bookstore. Great for creative fun and relaxation.","https://tinyanimalworlds.com/coloring/cute-fox-bookstore","Bookstore Coloring Pages"
"public/pinterest/cute-rabbit-village-bakery-col.jpg","Cute Rabbit Village Bakery Coloring Page","Printable coloring page featuring cute rabbit village bakery. Download, print, and color today!","https://tinyanimalworlds.com/coloring/cute-rabbit-village-bakery-col","Bakery Coloring Pages"
"public/pinterest/cute-deer-forest-library-color.jpg","Cute Deer Forest Library Coloring Page","Free download: cute deer forest library coloring page. Cute, cozy, and ready to print.","https://tinyanimalworlds.com/coloring/cute-deer-forest-library-color","Bookstore Coloring Pages"
"public/pinterest/cute-duck-flower-greenhouse-co.jpg","Cute Duck Flower Greenhouse Coloring Page","Coloring page of cute duck flower greenhouse. Free printable JPG — perfect for kids, teens, and adults.","https://tinyanimalworlds.com/coloring/cute-duck-flower-greenhouse-co","Garden Coloring Pages"
"public/pinterest/cute-penguin-snow-caf-colorin.jpg","Cute Penguin Snow Cafe Coloring Page","Relaxing coloring page: cute penguin snow cafe. Download this free printable at Tiny Animal Worlds.","https://tinyanimalworlds.com/coloring/cute-penguin-snow-caf-colorin","Christmas Coloring Pages"
"public/pinterest/cute-raccoon-candy-shop-colori.jpg","Cute Raccoon Candy Shop Coloring Page","Free printable cute raccoon candy shop. A cozy coloring page for all ages. Download JPG now!","https://tinyanimalworlds.com/coloring/cute-raccoon-candy-shop-colori","Kawaii Coloring Pages"
"public/pinterest/cute-squirrel-acorn-caf-color.jpg","Cute Squirrel Acorn Cafe Coloring Page","Free printable coloring page featuring cute squirrel acorn cafe. Download and print instantly at Tiny Animal Worlds.","https://tinyanimalworlds.com/coloring/cute-squirrel-acorn-caf-color","Kawaii Coloring Pages"
"public/pinterest/cute-squirrel-village-square-c.jpg","Cute Squirrel Village Square Coloring Page","Cute coloring page of cute squirrel village square. Perfect for kids and adults — free JPG download!","https://tinyanimalworlds.com/coloring/cute-squirrel-village-square-c","Tiny Animal Worlds"
"public/pinterest/cute-bear-reading-nook-colorin.jpg","Cute Bear Reading Nook Coloring Page","Adorable printable coloring page: cute bear reading nook. Relax and enjoy this cozy scene today.","https://tinyanimalworlds.com/coloring/cute-bear-reading-nook-colorin","Bookstore Coloring Pages"
"public/pinterest/cute-bunny-cottage.jpg","Cute Bunny Cottage Coloring Page","Download this free coloring page of cute bunny cottage. High-quality JPG for all ages.","https://tinyanimalworlds.com/coloring/cute-bunny-cottage","Cottagecore Coloring"
"public/pinterest/cute-hedgehog-pumpkin-farm-col.jpg","Cute Hedgehog Pumpkin Farm Coloring Page","Cozy coloring page with cute hedgehog pumpkin farm. Print at home and start coloring for free!","https://tinyanimalworlds.com/coloring/cute-hedgehog-pumpkin-farm-col","Kawaii Coloring Pages"
"public/pinterest/cute-otter-tea-house.jpg","Cute Otter Tea House Coloring Page","cute otter tea house — a free printable coloring page from Tiny Animal Worlds. Download now!","https://tinyanimalworlds.com/coloring/cute-otter-tea-house","Tea Party Coloring Pages"
"public/pinterest/cute-hamster-toy-shop.jpg","Cute Hamster Toy Shop Coloring Page","Free JPG coloring page: cute hamster toy shop. Great for creative fun and relaxation.","https://tinyanimalworlds.com/coloring/cute-hamster-toy-shop","Kawaii Coloring Pages"
"public/pinterest/cute-squirrel-woodland-library.jpg","Cute Squirrel Woodland Library Coloring Page","Printable coloring page featuring cute squirrel woodland library. Download, print, and color today!","https://tinyanimalworlds.com/coloring/cute-squirrel-woodland-library","Bookstore Coloring Pages"
"public/pinterest/cute-frog-flower-bakery-colori.jpg","Cute Frog Flower Bakery Coloring Page","Free download: cute frog flower bakery coloring page. Cute, cozy, and ready to print.","https://tinyanimalworlds.com/coloring/cute-frog-flower-bakery-colori","Bakery Coloring Pages"
"public/pinterest/cute-hedgehog-garden.jpg","Cute Hedgehog Garden Coloring Page","Coloring page of cute hedgehog garden. Free printable JPG — perfect for kids, teens, and adults.","https://tinyanimalworlds.com/coloring/cute-hedgehog-garden","Garden Coloring Pages"
"public/pinterest/cute-duck-flower-shop.jpg","Cute Duck Flower Shop Coloring Page","Relaxing coloring page: cute duck flower shop. Download this free printable at Tiny Animal Worlds.","https://tinyanimalworlds.com/coloring/cute-duck-flower-shop","Garden Coloring Pages"
"public/pinterest/cute-fox-forest-bookstore-colo.jpg","Cute Fox Forest Bookstore Coloring Page","Free printable cute fox forest bookstore. A cozy coloring page for all ages. Download JPG now!","https://tinyanimalworlds.com/coloring/cute-fox-forest-bookstore-colo","Bookstore Coloring Pages"
"public/pinterest/cute-bunny-strawberry-caf-col.jpg","Cute Bunny Strawberry Cafe Coloring Page","Free printable coloring page featuring cute bunny strawberry cafe. Download and print instantly at Tiny Animal Worlds.","https://tinyanimalworlds.com/coloring/cute-bunny-strawberry-caf-col","Kawaii Coloring Pages"
"public/pinterest/cute-mouse-bakery.jpg","Cute Mouse Bakery Coloring Page","Cute coloring page of cute mouse bakery. Perfect for kids and adults — free JPG download!","https://tinyanimalworlds.com/coloring/cute-mouse-bakery","Bakery Coloring Pages"
"public/pinterest/cute-mouse-fairy-cottage-color.jpg","Cute Mouse Fairy Cottage Coloring Page","Adorable printable coloring page: cute mouse fairy cottage. Relax and enjoy this cozy scene today.","https://tinyanimalworlds.com/coloring/cute-mouse-fairy-cottage-color","Cottagecore Coloring"
"public/pinterest/cute-unicorn-fairy-forest-colo.jpg","Cute Unicorn Fairy Forest Coloring Page","Download this free coloring page of cute unicorn fairy forest. High-quality JPG for all ages.","https://tinyanimalworlds.com/coloring/cute-unicorn-fairy-forest-colo","Fantasy Coloring Pages"
"public/pinterest/cute-duck-ice-cream-stand-colo.jpg","Cute Duck Ice Cream Stand Coloring Page","Cozy coloring page with cute duck ice cream stand. Print at home and start coloring for free!","https://tinyanimalworlds.com/coloring/cute-duck-ice-cream-stand-colo","Kawaii Coloring Pages"
"public/pinterest/cute-penguin-winter-wonderland.jpg","Cute Penguin Winter Wonderland Coloring Page","cute penguin winter wonderland — a free printable coloring page from Tiny Animal Worlds. Download now!","https://tinyanimalworlds.com/coloring/cute-penguin-winter-wonderland","Kawaii Coloring Pages"
"public/pinterest/cute-bear-winter-cabin-colorin.jpg","Cute Bear Winter Cabin Coloring Page","Free JPG coloring page: cute bear winter cabin. Great for creative fun and relaxation.","https://tinyanimalworlds.com/coloring/cute-bear-winter-cabin-colorin","Cottagecore Coloring"
"public/pinterest/cute-cat-greenhouse.jpg","Cute Cat Greenhouse Coloring Page","Printable coloring page featuring cute cat greenhouse. Download, print, and color today!","https://tinyanimalworlds.com/coloring/cute-cat-greenhouse","Garden Coloring Pages"
"public/pinterest/cute-hamster-bookstore-colorin.jpg","Cute Hamster Bookstore Coloring Page","Free download: cute hamster bookstore coloring page. Cute, cozy, and ready to print.","https://tinyanimalworlds.com/coloring/cute-hamster-bookstore-colorin","Bookstore Coloring Pages"
"public/pinterest/cute-squirrel-lantern-shop-col.jpg","Cute Squirrel Lantern Shop Coloring Page","Coloring page of cute squirrel lantern shop. Free printable JPG — perfect for kids, teens, and adults.","https://tinyanimalworlds.com/coloring/cute-squirrel-lantern-shop-col","Kawaii Coloring Pages"
"public/pinterest/cute-bear-honey-farm.jpg","Cute Bear Honey Farm Coloring Page","Relaxing coloring page: cute bear honey farm. Download this free printable at Tiny Animal Worlds.","https://tinyanimalworlds.com/coloring/cute-bear-honey-farm","Kawaii Coloring Pages"
"public/pinterest/cute-cat-caf.jpg","Cute Cat Caf Coloring Page","Free printable cute cat caf. A cozy coloring page for all ages. Download JPG now!","https://tinyanimalworlds.com/coloring/cute-cat-caf","Kawaii Coloring Pages"
"public/pinterest/cute-fox-mushroom-house-colori.jpg","Cute Fox Mushroom House Coloring Page","Free printable coloring page featuring cute fox mushroom house. Download and print instantly at Tiny Animal Worlds.","https://tinyanimalworlds.com/coloring/cute-fox-mushroom-house-colori","Kawaii Coloring Pages"
"public/pinterest/cute-hamster-bakery-truck-colo.jpg","Cute Hamster Bakery Truck Coloring Page","Cute coloring page of cute hamster bakery truck. Perfect for kids and adults — free JPG download!","https://tinyanimalworlds.com/coloring/cute-hamster-bakery-truck-colo","Bakery Coloring Pages"
"public/pinterest/cute-rabbit-flower-cottage-col.jpg","Cute Rabbit Flower Cottage Coloring Page","Adorable printable coloring page: cute rabbit flower cottage. Relax and enjoy this cozy scene today.","https://tinyanimalworlds.com/coloring/cute-rabbit-flower-cottage-col","Garden Coloring Pages"
"public/pinterest/cute-rabbit-tea-party.jpg","Cute Rabbit Tea Party Coloring Page","Download this free coloring page of cute rabbit tea party. High-quality JPG for all ages.","https://tinyanimalworlds.com/coloring/cute-rabbit-tea-party","Tea Party Coloring Pages"
"public/pinterest/cute-duck-rainy-day-caf-color.jpg","Cute Duck Rainy Day Cafe Coloring Page","Cozy coloring page with cute duck rainy day cafe. Print at home and start coloring for free!","https://tinyanimalworlds.com/coloring/cute-duck-rainy-day-caf-color","Rainy Day Coloring Pages"
"public/pinterest/cute-fox-stargazing-camp-color.jpg","Cute Fox Stargazing Camp Coloring Page","cute fox stargazing camp — a free printable coloring page from Tiny Animal Worlds. Download now!","https://tinyanimalworlds.com/coloring/cute-fox-stargazing-camp-color","Kawaii Coloring Pages"
"public/pinterest/cute-fox-book-caf.jpg","Cute Fox Book Caf Coloring Page","Free JPG coloring page: cute fox book caf. Great for creative fun and relaxation.","https://tinyanimalworlds.com/coloring/cute-fox-book-caf","Bookstore Coloring Pages"
"public/pinterest/cute-frog-bakery.jpg","Cute Frog Bakery Coloring Page","Printable coloring page featuring cute frog bakery. Download, print, and color today!","https://tinyanimalworlds.com/coloring/cute-frog-bakery","Bakery Coloring Pages"
"public/pinterest/cute-duck-lakeside-picnic-colo.jpg","Cute Duck Lakeside Picnic Coloring Page","Free download: cute duck lakeside picnic coloring page. Cute, cozy, and ready to print.","https://tinyanimalworlds.com/coloring/cute-duck-lakeside-picnic-colo","Kawaii Coloring Pages"
"public/pinterest/cute-mouse-toy-workshop-colori.jpg","Cute Mouse Toy Workshop Coloring Page","Coloring page of cute mouse toy workshop. Free printable JPG — perfect for kids, teens, and adults.","https://tinyanimalworlds.com/coloring/cute-mouse-toy-workshop-colori","Kawaii Coloring Pages"
"public/pinterest/cute-cat-rain-window.jpg","Cute Cat Rain Window Coloring Page","Relaxing coloring page: cute cat rain window. Download this free printable at Tiny Animal Worlds.","https://tinyanimalworlds.com/coloring/cute-cat-rain-window","Rainy Day Coloring Pages"
"public/pinterest/cute-squirrel-cookie-shop-colo.jpg","Cute Squirrel Cookie Shop Coloring Page","Free printable cute squirrel cookie shop. A cozy coloring page for all ages. Download JPG now!","https://tinyanimalworlds.com/coloring/cute-squirrel-cookie-shop-colo","Bakery Coloring Pages"
"public/pinterest/cute-bear-berry-farm.jpg","Cute Bear Berry Farm Coloring Page","Free printable coloring page featuring cute bear berry farm. Download and print instantly at Tiny Animal Worlds.","https://tinyanimalworlds.com/coloring/cute-bear-berry-farm","Kawaii Coloring Pages"
"public/pinterest/cute-bunny-knitting-club-color.jpg","Cute Bunny Knitting Club Coloring Page","Cute coloring page of cute bunny knitting club. Perfect for kids and adults — free JPG download!","https://tinyanimalworlds.com/coloring/cute-bunny-knitting-club-color","Kawaii Coloring Pages"
"public/pinterest/cute-penguin-bakery.jpg","Cute Penguin Bakery Coloring Page","Adorable printable coloring page: cute penguin bakery. Relax and enjoy this cozy scene today.","https://tinyanimalworlds.com/coloring/cute-penguin-bakery","Bakery Coloring Pages"
"public/pinterest/cute-frog-mushroom-village-col.jpg","Cute Frog Mushroom Village Coloring Page","Download this free coloring page of cute frog mushroom village. High-quality JPG for all ages.","https://tinyanimalworlds.com/coloring/cute-frog-mushroom-village-col","Tiny Animal Worlds"
"public/pinterest/cute-fox-autumn-cottage-colori.jpg","Cute Fox Autumn Cottage Coloring Page","Cozy coloring page with cute fox autumn cottage. Print at home and start coloring for free!","https://tinyanimalworlds.com/coloring/cute-fox-autumn-cottage-colori","Cottagecore Coloring"
"public/pinterest/cute-bunny-picnic-party-colori.jpg","Cute Bunny Picnic Party Coloring Page","cute bunny picnic party — a free printable coloring page from Tiny Animal Worlds. Download now!","https://tinyanimalworlds.com/coloring/cute-bunny-picnic-party-colori","Kawaii Coloring Pages"
"public/pinterest/cute-mouse-mushroom-bakery-col.jpg","Cute Mouse Mushroom Bakery Coloring Page","Free JPG coloring page: cute mouse mushroom bakery. Great for creative fun and relaxation.","https://tinyanimalworlds.com/coloring/cute-mouse-mushroom-bakery-col","Bakery Coloring Pages"
"public/pinterest/cute-hedgehog-library.jpg","Cute Hedgehog Library Coloring Page","Printable coloring page featuring cute hedgehog library. Download, print, and color today!","https://tinyanimalworlds.com/coloring/cute-hedgehog-library","Bookstore Coloring Pages"
"public/pinterest/cute-mouse-tea-garden.jpg","Cute Mouse Tea Garden Coloring Page","Free download: cute mouse tea garden coloring page. Cute, cozy, and ready to print.","https://tinyanimalworlds.com/coloring/cute-mouse-tea-garden","Tea Party Coloring Pages"
"public/pinterest/cute-rabbit-candle-shop-colori.jpg","Cute Rabbit Candle Shop Coloring Page","Coloring page of cute rabbit candle shop. Free printable JPG — perfect for kids, teens, and adults.","https://tinyanimalworlds.com/coloring/cute-rabbit-candle-shop-colori","Kawaii Coloring Pages"
"public/pinterest/cute-duck-farmer-market-colori.jpg","Cute Duck Farmer Market Coloring Page","Relaxing coloring page: cute duck farmer market. Download this free printable at Tiny Animal Worlds.","https://tinyanimalworlds.com/coloring/cute-duck-farmer-market-colori","Kawaii Coloring Pages"
"public/pinterest/cute-cat-music-room.jpg","Cute Cat Music Room Coloring Page","Free printable cute cat music room. A cozy coloring page for all ages. Download JPG now!","https://tinyanimalworlds.com/coloring/cute-cat-music-room","Kawaii Coloring Pages"
"public/pinterest/cute-squirrel-jam-shop-colorin.jpg","Cute Squirrel Jam Shop Coloring Page","Free printable coloring page featuring cute squirrel jam shop. Download and print instantly at Tiny Animal Worlds.","https://tinyanimalworlds.com/coloring/cute-squirrel-jam-shop-colorin","Kawaii Coloring Pages"
"public/pinterest/cute-bear-fishing-cabin-colori.jpg","Cute Bear Fishing Cabin Coloring Page","Cute coloring page of cute bear fishing cabin. Perfect for kids and adults — free JPG download!","https://tinyanimalworlds.com/coloring/cute-bear-fishing-cabin-colori","Cottagecore Coloring"
"public/pinterest/cute-hamster-train-station-col.jpg","Cute Hamster Train Station Coloring Page","Adorable printable coloring page: cute hamster train station. Relax and enjoy this cozy scene today.","https://tinyanimalworlds.com/coloring/cute-hamster-train-station-col","Rainy Day Coloring Pages"
"public/pinterest/cute-fox-pancake-caf.jpg","Cute Fox Pancake Caf Coloring Page","Download this free coloring page of cute fox pancake caf. High-quality JPG for all ages.","https://tinyanimalworlds.com/coloring/cute-fox-pancake-caf","Kawaii Coloring Pages"
"public/pinterest/cute-bunny-flower-cart-colorin.jpg","Cute Bunny Flower Cart Coloring Page","Cozy coloring page with cute bunny flower cart. Print at home and start coloring for free!","https://tinyanimalworlds.com/coloring/cute-bunny-flower-cart-colorin","Garden Coloring Pages"
"public/pinterest/cute-bunny-picnic-meadow-color.jpg","Cute Bunny Picnic Meadow Coloring Page","cute bunny picnic meadow — a free printable coloring page from Tiny Animal Worlds. Download now!","https://tinyanimalworlds.com/coloring/cute-bunny-picnic-meadow-color","Kawaii Coloring Pages"
"public/pinterest/cute-fox-cozy-reading-room-col.jpg","Cute Fox Cozy Reading Room Coloring Page","Free JPG coloring page: cute fox cozy reading room. Great for creative fun and relaxation.","https://tinyanimalworlds.com/coloring/cute-fox-cozy-reading-room-col","Bookstore Coloring Pages"
"public/pinterest/cute-frog-post-office.jpg","Cute Frog Post Office Coloring Page","Printable coloring page featuring cute frog post office. Download, print, and color today!","https://tinyanimalworlds.com/coloring/cute-frog-post-office","Kawaii Coloring Pages"
"public/pinterest/cute-bear-flower-wagon-colorin.jpg","Cute Bear Flower Wagon Coloring Page","Free download: cute bear flower wagon coloring page. Cute, cozy, and ready to print.","https://tinyanimalworlds.com/coloring/cute-bear-flower-wagon-colorin","Garden Coloring Pages"
"public/pinterest/cute-mouse-cheese-shop-colorin.jpg","Cute Mouse Cheese Shop Coloring Page","Coloring page of cute mouse cheese shop. Free printable JPG — perfect for kids, teens, and adults.","https://tinyanimalworlds.com/coloring/cute-mouse-cheese-shop-colorin","Kawaii Coloring Pages"
"public/pinterest/cute-deer-flower-meadow-colori.jpg","Cute Deer Flower Meadow Coloring Page","Relaxing coloring page: cute deer flower meadow. Download this free printable at Tiny Animal Worlds.","https://tinyanimalworlds.com/coloring/cute-deer-flower-meadow-colori","Garden Coloring Pages"
"public/pinterest/cute-duck-countryside-cottage.jpg","Cute Duck Countryside Cottage Coloring Page","Free printable cute duck countryside cottage. A cozy coloring page for all ages. Download JPG now!","https://tinyanimalworlds.com/coloring/cute-duck-countryside-cottage","Cottagecore Coloring"
"public/pinterest/cute-cat-cupcake-bakery-colori.jpg","Cute Cat Cupcake Bakery Coloring Page","Free printable coloring page featuring cute cat cupcake bakery. Download and print instantly at Tiny Animal Worlds.","https://tinyanimalworlds.com/coloring/cute-cat-cupcake-bakery-colori","Bakery Coloring Pages"
"public/pinterest/cute-hedgehog-autumn-bakery-co.jpg","Cute Hedgehog Autumn Bakery Coloring Page","Cute coloring page of cute hedgehog autumn bakery. Perfect for kids and adults — free JPG download!","https://tinyanimalworlds.com/coloring/cute-hedgehog-autumn-bakery-co","Bakery Coloring Pages"
"public/pinterest/cute-bear-camping-scene-colori.jpg","Cute Bear Camping Scene Coloring Page","Adorable printable coloring page: cute bear camping scene. Relax and enjoy this cozy scene today.","https://tinyanimalworlds.com/coloring/cute-bear-camping-scene-colori","Kawaii Coloring Pages"
"public/pinterest/cute-penguin-reading-room-colo.jpg","Cute Penguin Reading Room Coloring Page","Download this free coloring page of cute penguin reading room. High-quality JPG for all ages.","https://tinyanimalworlds.com/coloring/cute-penguin-reading-room-colo","Bookstore Coloring Pages"
"public/pinterest/cat-treehouse-village.jpg","Cat Treehouse Village Coloring Page","Cozy coloring page with cat treehouse village. Print at home and start coloring for free!","https://tinyanimalworlds.com/coloring/cat-treehouse-village","Tiny Animal Worlds"
"public/pinterest/cat-walking-through-cozy-villa.jpg","Cat Walking Through Cozy Villa Coloring Page","cat walking through cozy villa — a free printable coloring page from Tiny Animal Worlds. Download now!","https://tinyanimalworlds.com/coloring/cat-walking-through-cozy-villa","Cozy Coloring Pages"
"public/pinterest/cat-sewing-room.jpg","Cat Sewing Room Coloring Page","Free JPG coloring page: cat sewing room. Great for creative fun and relaxation.","https://tinyanimalworlds.com/coloring/cat-sewing-room","Cute Animal Coloring Pages"
"public/pinterest/cat-coffee-shop-with-outdoor-s.jpg","Cat Coffee Shop With Outdoor S Coloring Page","Printable coloring page featuring cat coffee shop with outdoor s. Download, print, and color today!","https://tinyanimalworlds.com/coloring/cat-coffee-shop-with-outdoor-s","Coffee Shop Coloring Pages"
"public/pinterest/cat-gardening-in-backyard.jpg","Cat Gardening In Backyard Coloring Page","Free download: cat gardening in backyard coloring page. Cute, cozy, and ready to print.","https://tinyanimalworlds.com/coloring/cat-gardening-in-backyard","Garden Coloring Pages"
"public/pinterest/cat-bedroom-with-blankets-and.jpg","Cat Bedroom With Blankets And Coloring Page","Coloring page of cat bedroom with blankets and. Free printable JPG — perfect for kids, teens, and adults.","https://tinyanimalworlds.com/coloring/cat-bedroom-with-blankets-and","Cozy Coloring Pages"
"public/pinterest/cat-kitchen-baking-cookies.jpg","Cat Kitchen Baking Cookies Coloring Page","Relaxing coloring page: cat kitchen baking cookies. Download this free printable at Tiny Animal Worlds.","https://tinyanimalworlds.com/coloring/cat-kitchen-baking-cookies","Bakery Coloring Pages"
"public/pinterest/cat-farmers-market.jpg","Cat Farmers Market Coloring Page","Free printable cat farmers market. A cozy coloring page for all ages. Download JPG now!","https://tinyanimalworlds.com/coloring/cat-farmers-market","Cozy Coloring Pages"
"public/pinterest/cat-picnic-in-flower-meadow.jpg","Cat Picnic In Flower Meadow Coloring Page","Free printable coloring page featuring cat picnic in flower meadow. Download and print instantly at Tiny Animal Worlds.","https://tinyanimalworlds.com/coloring/cat-picnic-in-flower-meadow","Garden Coloring Pages"
"public/pinterest/cat-candle-shop.jpg","Cat Candle Shop Coloring Page","Cute coloring page of cat candle shop. Perfect for kids and adults — free JPG download!","https://tinyanimalworlds.com/coloring/cat-candle-shop","Cozy Coloring Pages"
"public/pinterest/all-village-cats-celebrating-t.jpg","All Village Cats Celebrating T Coloring Page","Adorable printable coloring page: all village cats celebrating t. Relax and enjoy this cozy scene today.","https://tinyanimalworlds.com/coloring/all-village-cats-celebrating-t","Tiny Animal Worlds"
"public/pinterest/cat-artist-studio.jpg","Cat Artist Studio Coloring Page","Download this free coloring page of cat artist studio. High-quality JPG for all ages.","https://tinyanimalworlds.com/coloring/cat-artist-studio","Cute Animal Coloring Pages"
"public/pinterest/cat-library-inside-treehouse.jpg","Cat Library Inside Treehouse Coloring Page","Cozy coloring page with cat library inside treehouse. Print at home and start coloring for free!","https://tinyanimalworlds.com/coloring/cat-library-inside-treehouse","Bookstore Coloring Pages"
"public/pinterest/cat-reading-under-rainy-window.jpg","Cat Reading Under Rainy Window Coloring Page","cat reading under rainy window — a free printable coloring page from Tiny Animal Worlds. Download now!","https://tinyanimalworlds.com/coloring/cat-reading-under-rainy-window","Bookstore Coloring Pages"
"public/pinterest/cat-flower-shop-village-street.jpg","Cat Flower Shop Village Street Coloring Page","Free JPG coloring page: cat flower shop village street. Great for creative fun and relaxation.","https://tinyanimalworlds.com/coloring/cat-flower-shop-village-street","Tiny Animal Worlds"
"public/pinterest/cat-knitting-by-fireplace.jpg","Cat Knitting By Fireplace Coloring Page","Printable coloring page featuring cat knitting by fireplace. Download, print, and color today!","https://tinyanimalworlds.com/coloring/cat-knitting-by-fireplace","Cute Animal Coloring Pages"
"public/pinterest/cat-greenhouse-full-of-plants.jpg","Cat Greenhouse Full Of Plants Coloring Page","Free download: cat greenhouse full of plants coloring page. Cute, cozy, and ready to print.","https://tinyanimalworlds.com/coloring/cat-greenhouse-full-of-plants","Garden Coloring Pages"
"public/pinterest/cat-tea-room-with-pastries.jpg","Cat Tea Room With Pastries Coloring Page","Coloring page of cat tea room with pastries. Free printable JPG — perfect for kids, teens, and adults.","https://tinyanimalworlds.com/coloring/cat-tea-room-with-pastries","Tea Party Coloring Pages"
"public/pinterest/cat-cottage-beside-flower-gard.jpg","Cat Cottage Beside Flower Gard Coloring Page","Relaxing coloring page: cat cottage beside flower gard. Download this free printable at Tiny Animal Worlds.","https://tinyanimalworlds.com/coloring/cat-cottage-beside-flower-gard","Garden Coloring Pages"
"public/pinterest/cat-bookstore-with-cozy-readin.jpg","Cat Bookstore With Cozy Readin Coloring Page","Free printable cat bookstore with cozy readin. A cozy coloring page for all ages. Download JPG now!","https://tinyanimalworlds.com/coloring/cat-bookstore-with-cozy-readin","Bookstore Coloring Pages"
"public/pinterest/cat-bakery-making-bread-and-cu.jpg","Cat Bakery Making Bread And Cu Coloring Page","Free printable coloring page featuring cat bakery making bread and cu. Download and print instantly at Tiny Animal Worlds.","https://tinyanimalworlds.com/coloring/cat-bakery-making-bread-and-cu","Bakery Coloring Pages"
"public/pinterest/panoramic-cat-village-scene.jpg","Panoramic Cat Village Scene Coloring Page","Cute coloring page of panoramic cat village scene. Perfect for kids and adults — free JPG download!","https://tinyanimalworlds.com/coloring/panoramic-cat-village-scene","Tiny Animal Worlds"
"public/pinterest/cat-cafe-with-books-and-flower.jpg","Cat Cafe With Books And Flower Coloring Page","Adorable printable coloring page: cat cafe with books and flower. Relax and enjoy this cozy scene today.","https://tinyanimalworlds.com/coloring/cat-cafe-with-books-and-flower","Bookstore Coloring Pages"
"public/pinterest/cat-bookstore-cafe-combination.jpg","Cat Bookstore Cafe Combination Coloring Page","Download this free coloring page of cat bookstore cafe combination. High-quality JPG for all ages.","https://tinyanimalworlds.com/coloring/cat-bookstore-cafe-combination","Bookstore Coloring Pages"
"public/pinterest/cat-cottage-by-pond.jpg","Cat Cottage By Pond Coloring Page","Cozy coloring page with cat cottage by pond. Print at home and start coloring for free!","https://tinyanimalworlds.com/coloring/cat-cottage-by-pond","Cottagecore Coloring"
"public/pinterest/cat-village-festival.jpg","Cat Village Festival Coloring Page","cat village festival — a free printable coloring page from Tiny Animal Worlds. Download now!","https://tinyanimalworlds.com/coloring/cat-village-festival","Tiny Animal Worlds"
"public/pinterest/cat-sweet-shop.jpg","Cat Sweet Shop Coloring Page","Free JPG coloring page: cat sweet shop. Great for creative fun and relaxation.","https://tinyanimalworlds.com/coloring/cat-sweet-shop","Cozy Coloring Pages"
"public/pinterest/cat-painting-flowers.jpg","Cat Painting Flowers Coloring Page","Printable coloring page featuring cat painting flowers. Download, print, and color today!","https://tinyanimalworlds.com/coloring/cat-painting-flowers","Garden Coloring Pages"
"public/pinterest/cat-music-room.jpg","Cat Music Room Coloring Page","Free download: cat music room coloring page. Cute, cozy, and ready to print.","https://tinyanimalworlds.com/coloring/cat-music-room","Cute Animal Coloring Pages"
"public/pinterest/cat-camping-under-stars.jpg","Cat Camping Under Stars Coloring Page","Coloring page of cat camping under stars. Free printable JPG — perfect for kids, teens, and adults.","https://tinyanimalworlds.com/coloring/cat-camping-under-stars","Cute Animal Coloring Pages"
"public/pinterest/mouse-family-treehouse.jpg","Mouse Family Treehouse Coloring Page","Relaxing coloring page: mouse family treehouse. Download this free printable at Tiny Animal Worlds.","https://tinyanimalworlds.com/coloring/mouse-family-treehouse","Cute Animal Coloring Pages"
"public/pinterest/squirrel-acorn-village.jpg","Squirrel Acorn Village Coloring Page","Free printable squirrel acorn village. A cozy coloring page for all ages. Download JPG now!","https://tinyanimalworlds.com/coloring/squirrel-acorn-village","Tiny Animal Worlds"
"public/pinterest/rabbit-burrow-town.jpg","Rabbit Burrow Town Coloring Page","Free printable coloring page featuring rabbit burrow town. Download and print instantly at Tiny Animal Worlds.","https://tinyanimalworlds.com/coloring/rabbit-burrow-town","Cute Animal Coloring Pages"
"public/pinterest/hedgehog-hollow-home.jpg","Hedgehog Hollow Home Coloring Page","Cute coloring page of hedgehog hollow home. Perfect for kids and adults — free JPG download!","https://tinyanimalworlds.com/coloring/hedgehog-hollow-home","Cute Animal Coloring Pages"
"public/pinterest/frog-pond-community.jpg","Frog Pond Community Coloring Page","Adorable printable coloring page: frog pond community. Relax and enjoy this cozy scene today.","https://tinyanimalworlds.com/coloring/frog-pond-community","Cute Animal Coloring Pages"
"public/pinterest/thatched-roof-cottage.jpg","Thatched Roof Cottage Coloring Page","Download this free coloring page of thatched roof cottage. High-quality JPG for all ages.","https://tinyanimalworlds.com/coloring/thatched-roof-cottage","Cottagecore Coloring"
"public/pinterest/countryside-farmhouse.jpg","Countryside Farmhouse Coloring Page","Cozy coloring page with countryside farmhouse. Print at home and start coloring for free!","https://tinyanimalworlds.com/coloring/countryside-farmhouse","Cute Animal Coloring Pages"
"public/pinterest/ivy-covered-stone-cottage.jpg","Ivy-Covered Stone Cottage Coloring Page","ivy-covered stone cottage — a free printable coloring page from Tiny Animal Worlds. Download now!","https://tinyanimalworlds.com/coloring/ivy-covered-stone-cottage","Cottagecore Coloring"
"public/pinterest/rose-garden-bungalow.jpg","Rose Garden Bungalow Coloring Page","Free JPG coloring page: rose garden bungalow. Great for creative fun and relaxation.","https://tinyanimalworlds.com/coloring/rose-garden-bungalow","Garden Coloring Pages"
"public/pinterest/lavender-field-cottage.jpg","Lavender Field Cottage Coloring Page","Printable coloring page featuring lavender field cottage. Download, print, and color today!","https://tinyanimalworlds.com/coloring/lavender-field-cottage","Cottagecore Coloring"
"public/pinterest/rainy-window-with-books.jpg","Rainy Window with Books Coloring Page","Free download: rainy window with books coloring page. Cute, cozy, and ready to print.","https://tinyanimalworlds.com/coloring/rainy-window-with-books","Bookstore Coloring Pages"
"public/pinterest/umbrella-street-scene.jpg","Umbrella Street Scene Coloring Page","Coloring page of umbrella street scene. Free printable JPG — perfect for kids, teens, and adults.","https://tinyanimalworlds.com/coloring/umbrella-street-scene","Cute Animal Coloring Pages"
"public/pinterest/cozy-indoor-rainy-afternoon.jpg","Cozy Indoor Rainy Afternoon Coloring Page","Relaxing coloring page: cozy indoor rainy afternoon. Download this free printable at Tiny Animal Worlds.","https://tinyanimalworlds.com/coloring/cozy-indoor-rainy-afternoon","Rainy Day Coloring Pages"
"public/pinterest/puddle-jumping-fun.jpg","Puddle Jumping Fun Coloring Page","Free printable puddle jumping fun. A cozy coloring page for all ages. Download JPG now!","https://tinyanimalworlds.com/coloring/puddle-jumping-fun","Cute Animal Coloring Pages"
"public/pinterest/raindrops-on-flowers.jpg","Raindrops on Flowers Coloring Page","Free printable coloring page featuring raindrops on flowers. Download and print instantly at Tiny Animal Worlds.","https://tinyanimalworlds.com/coloring/raindrops-on-flowers","Rainy Day Coloring Pages"
"public/pinterest/morning-coffee-ritual.jpg","Morning Coffee Ritual Coloring Page","Cute coloring page of morning coffee ritual. Perfect for kids and adults — free JPG download!","https://tinyanimalworlds.com/coloring/morning-coffee-ritual","Coffee Shop Coloring Pages"
"public/pinterest/corner-cafe-interior.jpg","Corner Cafe Interior Coloring Page","Adorable printable coloring page: corner cafe interior. Relax and enjoy this cozy scene today.","https://tinyanimalworlds.com/coloring/corner-cafe-interior","Coffee Shop Coloring Pages"
"public/pinterest/latte-art-design.jpg","Latte Art Design Coloring Page","Download this free coloring page of latte art design. High-quality JPG for all ages.","https://tinyanimalworlds.com/coloring/latte-art-design","Cute Animal Coloring Pages"
"public/pinterest/coffee-and-pastry-pair.jpg","Coffee and Pastry Pair Coloring Page","Cozy coloring page with coffee and pastry pair. Print at home and start coloring for free!","https://tinyanimalworlds.com/coloring/coffee-and-pastry-pair","Coffee Shop Coloring Pages"
"public/pinterest/espresso-bar-scene.jpg","Espresso Bar Scene Coloring Page","espresso bar scene — a free printable coloring page from Tiny Animal Worlds. Download now!","https://tinyanimalworlds.com/coloring/espresso-bar-scene","Cute Animal Coloring Pages"
"public/pinterest/fresh-bread-morning.jpg","Fresh Bread Morning Coloring Page","Free JPG coloring page: fresh bread morning. Great for creative fun and relaxation.","https://tinyanimalworlds.com/coloring/fresh-bread-morning","Bakery Coloring Pages"
"public/pinterest/croissant-baking-day.jpg","Croissant Baking Day Coloring Page","Printable coloring page featuring croissant baking day. Download, print, and color today!","https://tinyanimalworlds.com/coloring/croissant-baking-day","Bakery Coloring Pages"
"public/pinterest/cupcake-decorating-fun.jpg","Cupcake Decorating Fun Coloring Page","Free download: cupcake decorating fun coloring page. Cute, cozy, and ready to print.","https://tinyanimalworlds.com/coloring/cupcake-decorating-fun","Bakery Coloring Pages"
"public/pinterest/pie-cooling-on-windowsill.jpg","Pie Cooling on Windowsill Coloring Page","Coloring page of pie cooling on windowsill. Free printable JPG — perfect for kids, teens, and adults.","https://tinyanimalworlds.com/coloring/pie-cooling-on-windowsill","Cute Animal Coloring Pages"
"public/pinterest/cookie-jar-collection.jpg","Cookie Jar Collection Coloring Page","Relaxing coloring page: cookie jar collection. Download this free printable at Tiny Animal Worlds.","https://tinyanimalworlds.com/coloring/cookie-jar-collection","Bakery Coloring Pages"
"public/pinterest/secondhand-bookshop.jpg","Secondhand Bookshop Coloring Page","Free printable secondhand bookshop. A cozy coloring page for all ages. Download JPG now!","https://tinyanimalworlds.com/coloring/secondhand-bookshop","Bookstore Coloring Pages"
"public/pinterest/library-ladder-scene.jpg","Library Ladder Scene Coloring Page","Free printable coloring page featuring library ladder scene. Download and print instantly at Tiny Animal Worlds.","https://tinyanimalworlds.com/coloring/library-ladder-scene","Bookstore Coloring Pages"
"public/pinterest/reading-by-candlelight.jpg","Reading by Candlelight Coloring Page","Cute coloring page of reading by candlelight. Perfect for kids and adults — free JPG download!","https://tinyanimalworlds.com/coloring/reading-by-candlelight","Bookstore Coloring Pages"
"public/pinterest/bookshelf-organization.jpg","Bookshelf Organization Coloring Page","Adorable printable coloring page: bookshelf organization. Relax and enjoy this cozy scene today.","https://tinyanimalworlds.com/coloring/bookshelf-organization","Bookstore Coloring Pages"
"public/pinterest/story-time-corner.jpg","Story Time Corner Coloring Page","Download this free coloring page of story time corner. High-quality JPG for all ages.","https://tinyanimalworlds.com/coloring/story-time-corner","Cute Animal Coloring Pages"
"public/pinterest/garden-tea-party.jpg","Garden Tea Party Coloring Page","Cozy coloring page with garden tea party. Print at home and start coloring for free!","https://tinyanimalworlds.com/coloring/garden-tea-party","Tea Party Coloring Pages"
"public/pinterest/vintage-tea-set-display.jpg","Vintage Tea Set Display Coloring Page","vintage tea set display — a free printable coloring page from Tiny Animal Worlds. Download now!","https://tinyanimalworlds.com/coloring/vintage-tea-set-display","Tea Party Coloring Pages"
"public/pinterest/afternoon-tea-tray.jpg","Afternoon Tea Tray Coloring Page","Free JPG coloring page: afternoon tea tray. Great for creative fun and relaxation.","https://tinyanimalworlds.com/coloring/afternoon-tea-tray","Tea Party Coloring Pages"
"public/pinterest/tea-and-scones-spread.jpg","Tea and Scones Spread Coloring Page","Printable coloring page featuring tea and scones spread. Download, print, and color today!","https://tinyanimalworlds.com/coloring/tea-and-scones-spread","Tea Party Coloring Pages"
"public/pinterest/tea-cup-collection.jpg","Tea Cup Collection Coloring Page","Free download: tea cup collection coloring page. Cute, cozy, and ready to print.","https://tinyanimalworlds.com/coloring/tea-cup-collection","Tea Party Coloring Pages"
"public/pinterest/enchanted-forest-path.jpg","Enchanted Forest Path Coloring Page","Coloring page of enchanted forest path. Free printable JPG — perfect for kids, teens, and adults.","https://tinyanimalworlds.com/coloring/enchanted-forest-path","Cute Animal Coloring Pages"
"public/pinterest/fairy-door-discovery.jpg","Fairy Door Discovery Coloring Page","Relaxing coloring page: fairy door discovery. Download this free printable at Tiny Animal Worlds.","https://tinyanimalworlds.com/coloring/fairy-door-discovery","Cute Animal Coloring Pages"
"public/pinterest/magic-potion-shelf.jpg","Magic Potion Shelf Coloring Page","Free printable magic potion shelf. A cozy coloring page for all ages. Download JPG now!","https://tinyanimalworlds.com/coloring/magic-potion-shelf","Fantasy Coloring Pages"
"public/pinterest/dragon-perch-view.jpg","Dragon Perch View Coloring Page","Free printable coloring page featuring dragon perch view. Download and print instantly at Tiny Animal Worlds.","https://tinyanimalworlds.com/coloring/dragon-perch-view","Fantasy Coloring Pages"
"public/pinterest/wizard-tower-study.jpg","Wizard Tower Study Coloring Page","Cute coloring page of wizard tower study. Perfect for kids and adults — free JPG download!","https://tinyanimalworlds.com/coloring/wizard-tower-study","Fantasy Coloring Pages"
"public/pinterest/window-seat-reading.jpg","Window Seat Reading Coloring Page","Adorable printable coloring page: window seat reading. Relax and enjoy this cozy scene today.","https://tinyanimalworlds.com/coloring/window-seat-reading","Bookstore Coloring Pages"
"public/pinterest/fireplace-reading-spot.jpg","Fireplace Reading Spot Coloring Page","Download this free coloring page of fireplace reading spot. High-quality JPG for all ages.","https://tinyanimalworlds.com/coloring/fireplace-reading-spot","Bookstore Coloring Pages"
"public/pinterest/blanket-fort-reading.jpg","Blanket Fort Reading Coloring Page","Cozy coloring page with blanket fort reading. Print at home and start coloring for free!","https://tinyanimalworlds.com/coloring/blanket-fort-reading","Bookstore Coloring Pages"
"public/pinterest/hammock-reading-nook.jpg","Hammock Reading Nook Coloring Page","hammock reading nook — a free printable coloring page from Tiny Animal Worlds. Download now!","https://tinyanimalworlds.com/coloring/hammock-reading-nook","Bookstore Coloring Pages"
"public/pinterest/bedtime-story-scene.jpg","Bedtime Story Scene Coloring Page","Free JPG coloring page: bedtime story scene. Great for creative fun and relaxation.","https://tinyanimalworlds.com/coloring/bedtime-story-scene","Cute Animal Coloring Pages"
"public/pinterest/butterfly-garden-path.jpg","Butterfly Garden Path Coloring Page","Printable coloring page featuring butterfly garden path. Download, print, and color today!","https://tinyanimalworlds.com/coloring/butterfly-garden-path","Garden Coloring Pages"
"public/pinterest/sunflower-field-walk.jpg","Sunflower Field Walk Coloring Page","Free download: sunflower field walk coloring page. Cute, cozy, and ready to print.","https://tinyanimalworlds.com/coloring/sunflower-field-walk","Garden Coloring Pages"
"public/pinterest/herb-garden-kitchen.jpg","Herb Garden Kitchen Coloring Page","Coloring page of herb garden kitchen. Free printable JPG — perfect for kids, teens, and adults.","https://tinyanimalworlds.com/coloring/herb-garden-kitchen","Garden Coloring Pages"
"public/pinterest/rose-trellis-arch.jpg","Rose Trellis Arch Coloring Page","Relaxing coloring page: rose trellis arch. Download this free printable at Tiny Animal Worlds.","https://tinyanimalworlds.com/coloring/rose-trellis-arch","Cute Animal Coloring Pages"
"public/pinterest/cozy-autumn-fox-cottage.jpg","Cozy Autumn Fox Cottage Coloring Page","Free printable cozy autumn fox cottage. A cozy coloring page for all ages. Download JPG now!","https://tinyanimalworlds.com/coloring/cozy-autumn-fox-cottage","Cottagecore Coloring"
"public/pinterest/dragon-bakery-village.jpg","Dragon Bakery Village Coloring Page","Free printable coloring page featuring dragon bakery village. Download and print instantly at Tiny Animal Worlds.","https://tinyanimalworlds.com/coloring/dragon-bakery-village","Bakery Coloring Pages"
"public/pinterest/hedgehog-enchanted-forest.jpg","Hedgehog Enchanted Forest Coloring Page","Cute coloring page of hedgehog enchanted forest. Perfect for kids and adults — free JPG download!","https://tinyanimalworlds.com/coloring/hedgehog-enchanted-forest","Cute Animal Coloring Pages"
"public/pinterest/herb-garden-rabbi.jpg","Herb Garden Rabbi Coloring Page","Adorable printable coloring page: herb garden rabbi. Relax and enjoy this cozy scene today.","https://tinyanimalworlds.com/coloring/herb-garden-rabbi","Garden Coloring Pages"
"public/pinterest/panda-floating-island-home.jpg","Panda Floating Island Home Coloring Page","Download this free coloring page of panda floating island home. High-quality JPG for all ages.","https://tinyanimalworlds.com/coloring/panda-floating-island-home","Cute Animal Coloring Pages"
"public/pinterest/sewing-room-fabri.jpg","Sewing Room Fabri Coloring Page","Cozy coloring page with sewing room fabri. Print at home and start coloring for free!","https://tinyanimalworlds.com/coloring/sewing-room-fabri","Cute Animal Coloring Pages"
"public/pinterest/duck-unicorn-garden.jpg","Duck Unicorn Garden Coloring Page","duck unicorn garden — a free printable coloring page from Tiny Animal Worlds. Download now!","https://tinyanimalworlds.com/coloring/duck-unicorn-garden","Fantasy Coloring Pages"
"public/pinterest/picnic-with-woodla.jpg","Picnic With Woodla Coloring Page","Free JPG coloring page: picnic with woodla. Great for creative fun and relaxation.","https://tinyanimalworlds.com/coloring/picnic-with-woodla","Cute Animal Coloring Pages"
"public/pinterest/mouse-crystal-cave.jpg","Mouse Crystal Cave Coloring Page","Printable coloring page featuring mouse crystal cave. Download, print, and color today!","https://tinyanimalworlds.com/coloring/mouse-crystal-cave","Fantasy Coloring Pages"
"public/pinterest/reading-nook-under.jpg","Reading Nook Under Coloring Page","Free download: reading nook under coloring page. Cute, cozy, and ready to print.","https://tinyanimalworlds.com/coloring/reading-nook-under","Bookstore Coloring Pages"
"public/pinterest/frog-fairy-house.jpg","Frog Fairy House Coloring Page","Coloring page of frog fairy house. Free printable JPG — perfect for kids, teens, and adults.","https://tinyanimalworlds.com/coloring/frog-fairy-house","Cute Animal Coloring Pages"
"public/pinterest/greenhouse-filled.jpg","Greenhouse Filled Coloring Page","Relaxing coloring page: greenhouse filled. Download this free printable at Tiny Animal Worlds.","https://tinyanimalworlds.com/coloring/greenhouse-filled","Garden Coloring Pages"
"public/pinterest/cat-potion-store.jpg","Cat Potion Store Coloring Page","Free printable cat potion store. A cozy coloring page for all ages. Download JPG now!","https://tinyanimalworlds.com/coloring/cat-potion-store","Fantasy Coloring Pages"
"public/pinterest/flower-market-vin.jpg","Flower Market Vin Coloring Page","Free printable coloring page featuring flower market vin. Download and print instantly at Tiny Animal Worlds.","https://tinyanimalworlds.com/coloring/flower-market-vin","Garden Coloring Pages"
"public/pinterest/bear-star-bakery.jpg","Bear Star Bakery Coloring Page","Cute coloring page of bear star bakery. Perfect for kids and adults — free JPG download!","https://tinyanimalworlds.com/coloring/bear-star-bakery","Bakery Coloring Pages"
"public/pinterest/countryside-bakery.jpg","Countryside Bakery Coloring Page","Adorable printable coloring page: countryside bakery. Relax and enjoy this cozy scene today.","https://tinyanimalworlds.com/coloring/countryside-bakery","Bakery Coloring Pages"
"public/pinterest/fox-moonlight-library.jpg","Fox Moonlight Library Coloring Page","Download this free coloring page of fox moonlight library. High-quality JPG for all ages.","https://tinyanimalworlds.com/coloring/fox-moonlight-library","Bookstore Coloring Pages"
"public/pinterest/tea-party-in-garde.jpg","Tea Party In Garde Coloring Page","Cozy coloring page with tea party in garde. Print at home and start coloring for free!","https://tinyanimalworlds.com/coloring/tea-party-in-garde","Tea Party Coloring Pages"
"public/pinterest/magic-bunny-wizard-cottage.jpg","Magic Bunny Wizard Cottage Coloring Page","magic bunny wizard cottage — a free printable coloring page from Tiny Animal Worlds. Download now!","https://tinyanimalworlds.com/coloring/magic-bunny-wizard-cottage","Fantasy Coloring Pages"
"public/pinterest/mushroom-house-sur.jpg","Mushroom House Sur Coloring Page","Free JPG coloring page: mushroom house sur. Great for creative fun and relaxation.","https://tinyanimalworlds.com/coloring/mushroom-house-sur","Cute Animal Coloring Pages"
"public/pinterest/harvest-squirrel-farm-market.jpg","Harvest Squirrel Farm Market Coloring Page","Printable coloring page featuring harvest squirrel farm market. Download, print, and color today!","https://tinyanimalworlds.com/coloring/harvest-squirrel-farm-market","Cozy Coloring Pages"
"public/pinterest/animal-market-square.jpg","Animal Market Square Coloring Page","Free download: animal market square coloring page. Cute, cozy, and ready to print.","https://tinyanimalworlds.com/coloring/animal-market-square","Cozy Coloring Pages"
"public/pinterest/tiny-dragon-tea-shop.jpg","Tiny Dragon Tea Shop Coloring Page","Coloring page of tiny dragon tea shop. Free printable JPG — perfect for kids, teens, and adults.","https://tinyanimalworlds.com/coloring/tiny-dragon-tea-shop","Tea Party Coloring Pages"
"public/pinterest/bunny-garden-cotta.jpg","Bunny Garden Cotta Coloring Page","Relaxing coloring page: bunny garden cotta. Download this free printable at Tiny Animal Worlds.","https://tinyanimalworlds.com/coloring/bunny-garden-cotta","Garden Coloring Pages"
"public/pinterest/squirrel-forest-cabin.jpg","Squirrel Forest Cabin Coloring Page","Free printable squirrel forest cabin. A cozy coloring page for all ages. Download JPG now!","https://tinyanimalworlds.com/coloring/squirrel-forest-cabin","Cottagecore Coloring"
"public/pinterest/raccoon-bookstore-owner.jpg","Raccoon Bookstore Owner Coloring Page","Free printable coloring page featuring raccoon bookstore owner. Download and print instantly at Tiny Animal Worlds.","https://tinyanimalworlds.com/coloring/raccoon-bookstore-owner","Bookstore Coloring Pages"
"public/pinterest/hedgehog-strawberry-farm.jpg","Hedgehog Strawberry Farm Coloring Page","Cute coloring page of hedgehog strawberry farm. Perfect for kids and adults — free JPG download!","https://tinyanimalworlds.com/coloring/hedgehog-strawberry-farm","Cute Animal Coloring Pages"
"public/pinterest/squirrel-baking-cupcakes.jpg","Squirrel Baking Cupcakes Coloring Page","Adorable printable coloring page: squirrel baking cupcakes. Relax and enjoy this cozy scene today.","https://tinyanimalworlds.com/coloring/squirrel-baking-cupcakes","Bakery Coloring Pages"
"public/pinterest/panda-cottage-picnic.jpg","Panda Cottage Picnic Coloring Page","Download this free coloring page of panda cottage picnic. High-quality JPG for all ages.","https://tinyanimalworlds.com/coloring/panda-cottage-picnic","Cottagecore Coloring"
"public/pinterest/hedgehog-collecting-mushr.jpg","Hedgehog Collecting Mushr Coloring Page","Cozy coloring page with hedgehog collecting mushr. Print at home and start coloring for free!","https://tinyanimalworlds.com/coloring/hedgehog-collecting-mushr","Cute Animal Coloring Pages"
"public/pinterest/duck-country-kitchen.jpg","Duck Country Kitchen Coloring Page","duck country kitchen — a free printable coloring page from Tiny Animal Worlds. Download now!","https://tinyanimalworlds.com/coloring/duck-country-kitchen","Cute Animal Coloring Pages"
"public/pinterest/hamster-tea-party-kawaii.jpg","Hamster Tea Party Kawaii Coloring Page","Free JPG coloring page: hamster tea party kawaii. Great for creative fun and relaxation.","https://tinyanimalworlds.com/coloring/hamster-tea-party-kawaii","Tea Party Coloring Pages"
"public/pinterest/mouse-sewing-workshop.jpg","Mouse Sewing Workshop Coloring Page","Printable coloring page featuring mouse sewing workshop. Download, print, and color today!","https://tinyanimalworlds.com/coloring/mouse-sewing-workshop","Cozy Coloring Pages"
"public/pinterest/fox-gardening-flowers-an.jpg","Fox Gardening Flowers An Coloring Page","Free download: fox gardening flowers an coloring page. Cute, cozy, and ready to print.","https://tinyanimalworlds.com/coloring/fox-gardening-flowers-an","Garden Coloring Pages"
"public/pinterest/frog-herb-garden.jpg","Frog Herb Garden Coloring Page","Coloring page of frog herb garden. Free printable JPG — perfect for kids, teens, and adults.","https://tinyanimalworlds.com/coloring/frog-herb-garden","Garden Coloring Pages"
"public/pinterest/duck-wearing-rain-boots.jpg","Duck Wearing Rain Boots Coloring Page","Relaxing coloring page: duck wearing rain boots. Download this free printable at Tiny Animal Worlds.","https://tinyanimalworlds.com/coloring/duck-wearing-rain-boots","Rainy Day Coloring Pages"
"public/pinterest/cat-lavender-cottage.jpg","Cat Lavender Cottage Coloring Page","Free printable cat lavender cottage. A cozy coloring page for all ages. Download JPG now!","https://tinyanimalworlds.com/coloring/cat-lavender-cottage","Cottagecore Coloring"
"public/pinterest/cat-reading-books-kawaii.jpg","Cat Reading Books Kawaii Coloring Page","Free printable coloring page featuring cat reading books kawaii. Download and print instantly at Tiny Animal Worlds.","https://tinyanimalworlds.com/coloring/cat-reading-books-kawaii","Bookstore Coloring Pages"
"public/pinterest/bear-honey-farm.jpg","Bear Honey Farm Coloring Page","Cute coloring page of bear honey farm. Perfect for kids and adults — free JPG download!","https://tinyanimalworlds.com/coloring/bear-honey-farm","Cute Animal Coloring Pages"
"public/pinterest/bear-baking-cookies-prin.jpg","Bear Baking Cookies Prin Coloring Page","Adorable printable coloring page: bear baking cookies prin. Relax and enjoy this cozy scene today.","https://tinyanimalworlds.com/coloring/bear-baking-cookies-prin","Bakery Coloring Pages"
"public/pinterest/fox-wildflower-garden.jpg","Fox Wildflower Garden Coloring Page","Download this free coloring page of fox wildflower garden. High-quality JPG for all ages.","https://tinyanimalworlds.com/coloring/fox-wildflower-garden","Garden Coloring Pages"
"public/pinterest/frog-drinking-bubble-tea.jpg","Frog Drinking Bubble Tea Coloring Page","Cozy coloring page with frog drinking bubble tea. Print at home and start coloring for free!","https://tinyanimalworlds.com/coloring/frog-drinking-bubble-tea","Tea Party Coloring Pages"
"public/pinterest/easter-duck-garden.jpg","Easter Duck Garden Coloring Page","easter duck garden — a free printable coloring page from Tiny Animal Worlds. Download now!","https://tinyanimalworlds.com/coloring/easter-duck-garden","Garden Coloring Pages"
"public/pinterest/woodland-train-station.jpg","Woodland Train Station Coloring Page","Free JPG coloring page: woodland train station. Great for creative fun and relaxation.","https://tinyanimalworlds.com/coloring/woodland-train-station","Rainy Day Coloring Pages"
"public/pinterest/bunny-mushroom-cottage.jpg","Bunny Mushroom Cottage Coloring Page","Printable coloring page featuring bunny mushroom cottage. Download, print, and color today!","https://tinyanimalworlds.com/coloring/bunny-mushroom-cottage","Cottagecore Coloring"
"public/pinterest/bunny-holding-giant-straw.jpg","Bunny Holding Giant Straw Coloring Page","Free download: bunny holding giant straw coloring page. Cute, cozy, and ready to print.","https://tinyanimalworlds.com/coloring/bunny-holding-giant-straw","Cute Animal Coloring Pages"
"public/pinterest/squirrel-window-reading-corner.jpg","Squirrel Window Reading Corner Coloring Page","Coloring page of squirrel window reading corner. Free printable JPG — perfect for kids, teens, and adults.","https://tinyanimalworlds.com/coloring/squirrel-window-reading-corner","Bookstore Coloring Pages"
"public/pinterest/evening-study-desk-candl.jpg","Evening Study Desk Candl Coloring Page","Relaxing coloring page: evening study desk candl. Download this free printable at Tiny Animal Worlds.","https://tinyanimalworlds.com/coloring/evening-study-desk-candl","Cute Animal Coloring Pages"
"public/pinterest/hedgehog-rainy-garden.jpg","Hedgehog Rainy Garden Coloring Page","Free printable hedgehog rainy garden. A cozy coloring page for all ages. Download JPG now!","https://tinyanimalworlds.com/coloring/hedgehog-rainy-garden","Rainy Day Coloring Pages"
"public/pinterest/garden-reading-corner-fl.jpg","Garden Reading Corner Fl Coloring Page","Free printable coloring page featuring garden reading corner fl. Download and print instantly at Tiny Animal Worlds.","https://tinyanimalworlds.com/coloring/garden-reading-corner-fl","Bookstore Coloring Pages"
"public/pinterest/panda-tea-time-in-rain.jpg","Panda Tea Time In Rain Coloring Page","Cute coloring page of panda tea time in rain. Perfect for kids and adults — free JPG download!","https://tinyanimalworlds.com/coloring/panda-tea-time-in-rain","Tea Party Coloring Pages"
"public/pinterest/bakery-kitchen-cakes-co.jpg","Bakery Kitchen Cakes Co Coloring Page","Adorable printable coloring page: bakery kitchen cakes co. Relax and enjoy this cozy scene today.","https://tinyanimalworlds.com/coloring/bakery-kitchen-cakes-co","Bakery Coloring Pages"
"public/pinterest/duck-rain-boots-adventure.jpg","Duck Rain Boots Adventure Coloring Page","Download this free coloring page of duck rain boots adventure. High-quality JPG for all ages.","https://tinyanimalworlds.com/coloring/duck-rain-boots-adventure","Rainy Day Coloring Pages"
"public/pinterest/tea-room-filled-with-flow.jpg","Tea Room Filled With Flow Coloring Page","Cozy coloring page with tea room filled with flow. Print at home and start coloring for free!","https://tinyanimalworlds.com/coloring/tea-room-filled-with-flow","Tea Party Coloring Pages"
"public/pinterest/mouse-cozy-cabin-in-rain.jpg","Mouse Cozy Cabin In Rain Coloring Page","mouse cozy cabin in rain — a free printable coloring page from Tiny Animal Worlds. Download now!","https://tinyanimalworlds.com/coloring/mouse-cozy-cabin-in-rain","Rainy Day Coloring Pages"
"public/pinterest/cabin-in-snowy-forest-la.jpg","Cabin In Snowy Forest La Coloring Page","Free JPG coloring page: cabin in snowy forest la. Great for creative fun and relaxation.","https://tinyanimalworlds.com/coloring/cabin-in-snowy-forest-la","Christmas Coloring Pages"
"public/pinterest/cat-sleeping-during-rainstorm.jpg","Cat Sleeping During Rainstorm Coloring Page","Printable coloring page featuring cat sleeping during rainstorm. Download, print, and color today!","https://tinyanimalworlds.com/coloring/cat-sleeping-during-rainstorm","Rainy Day Coloring Pages"
"public/pinterest/window-seat-during-rain.jpg","Window Seat During Rain Coloring Page","Free download: window seat during rain coloring page. Cute, cozy, and ready to print.","https://tinyanimalworlds.com/coloring/window-seat-during-rain","Rainy Day Coloring Pages"
"public/pinterest/bear-drinking-hot-chocolate.jpg","Bear Drinking Hot Chocolate Coloring Page","Coloring page of bear drinking hot chocolate. Free printable JPG — perfect for kids, teens, and adults.","https://tinyanimalworlds.com/coloring/bear-drinking-hot-chocolate","Cute Animal Coloring Pages"
"public/pinterest/coffee-shop-corner-coffe.jpg","Coffee Shop Corner Coffe Coloring Page","Relaxing coloring page: coffee shop corner coffe. Download this free printable at Tiny Animal Worlds.","https://tinyanimalworlds.com/coloring/coffee-shop-corner-coffe","Coffee Shop Coloring Pages"
"public/pinterest/fox-walking-with-umbrella.jpg","Fox Walking With Umbrella Coloring Page","Free printable fox walking with umbrella. A cozy coloring page for all ages. Download JPG now!","https://tinyanimalworlds.com/coloring/fox-walking-with-umbrella","Cute Animal Coloring Pages"
"public/pinterest/autumn-cottage-interior.jpg","Autumn Cottage Interior Coloring Page","Free printable coloring page featuring autumn cottage interior. Download and print instantly at Tiny Animal Worlds.","https://tinyanimalworlds.com/coloring/autumn-cottage-interior","Cottagecore Coloring"
"public/pinterest/bunny-watching-rain-from-windo.jpg","Bunny Watching Rain From Windo Coloring Page","Cute coloring page of bunny watching rain from windo. Perfect for kids and adults — free JPG download!","https://tinyanimalworlds.com/coloring/bunny-watching-rain-from-windo","Rainy Day Coloring Pages"
"public/pinterest/bedroom-with-fairy-lights.jpg","Bedroom With Fairy Lights Coloring Page","Adorable printable coloring page: bedroom with fairy lights. Relax and enjoy this cozy scene today.","https://tinyanimalworlds.com/coloring/bedroom-with-fairy-lights","Cozy Coloring Pages"
"public/pinterest/valentine-bunny-bakery.jpg","Valentine Bunny Bakery Coloring Page","Download this free coloring page of valentine bunny bakery. High-quality JPG for all ages.","https://tinyanimalworlds.com/coloring/valentine-bunny-bakery","Bakery Coloring Pages"
"public/pinterest/bunny-hot-air-balloon.jpg","Bunny Hot Air Balloon Coloring Page","Cozy coloring page with bunny hot air balloon. Print at home and start coloring for free!","https://tinyanimalworlds.com/coloring/bunny-hot-air-balloon","Cute Animal Coloring Pages"
"public/pinterest/frog-reading-on-a-rainy-day.jpg","Frog Reading On A Rainy Day Coloring Page","frog reading on a rainy day — a free printable coloring page from Tiny Animal Worlds. Download now!","https://tinyanimalworlds.com/coloring/frog-reading-on-a-rainy-day","Bookstore Coloring Pages"
"public/pinterest/rainy-day-reading-nook-l.jpg","Rainy Day Reading Nook L Coloring Page","Free JPG coloring page: rainy day reading nook l. Great for creative fun and relaxation.","https://tinyanimalworlds.com/coloring/rainy-day-reading-nook-l","Bookstore Coloring Pages"
"public/pinterest/tiny-squirrel-acorn-bakery.jpg","Tiny Squirrel Acorn Bakery Coloring Page","Printable coloring page featuring tiny squirrel acorn bakery. Download, print, and color today!","https://tinyanimalworlds.com/coloring/tiny-squirrel-acorn-bakery","Bakery Coloring Pages"
"public/pinterest/squirrel-woodland-village.jpg","Squirrel Woodland Village Coloring Page","Free download: squirrel woodland village coloring page. Cute, cozy, and ready to print.","https://tinyanimalworlds.com/coloring/squirrel-woodland-village","Tiny Animal Worlds"
"public/pinterest/tiny-panda-noodle-shop.jpg","Tiny Panda Noodle Shop Coloring Page","Coloring page of tiny panda noodle shop. Free printable JPG — perfect for kids, teens, and adults.","https://tinyanimalworlds.com/coloring/tiny-panda-noodle-shop","Tiny Animal Worlds"
"public/pinterest/duck-farmers-market-vege.jpg","Duck Farmers Market Vege Coloring Page","Relaxing coloring page: duck farmers market vege. Download this free printable at Tiny Animal Worlds.","https://tinyanimalworlds.com/coloring/duck-farmers-market-vege","Cozy Coloring Pages"
"public/pinterest/tiny-duck-pancake-stand.jpg","Tiny Duck Pancake Stand Coloring Page","Free printable tiny duck pancake stand. A cozy coloring page for all ages. Download JPG now!","https://tinyanimalworlds.com/coloring/tiny-duck-pancake-stand","Tiny Animal Worlds"
"public/pinterest/bunny-post-office-village.jpg","Bunny Post Office Village Coloring Page","Free printable coloring page featuring bunny post office village. Download and print instantly at Tiny Animal Worlds.","https://tinyanimalworlds.com/coloring/bunny-post-office-village","Tiny Animal Worlds"
"public/pinterest/tiny-hedgehog-library.jpg","Tiny Hedgehog Library Coloring Page","Cute coloring page of tiny hedgehog library. Perfect for kids and adults — free JPG download!","https://tinyanimalworlds.com/coloring/tiny-hedgehog-library","Bookstore Coloring Pages"
"public/pinterest/cat-village-library-book.jpg","Cat Village Library Book Coloring Page","Adorable printable coloring page: cat village library book. Relax and enjoy this cozy scene today.","https://tinyanimalworlds.com/coloring/cat-village-library-book","Bookstore Coloring Pages"
"public/pinterest/tiny-mouse-cheese-cafe.jpg","Tiny Mouse Cheese Cafe Coloring Page","Download this free coloring page of tiny mouse cheese cafe. High-quality JPG for all ages.","https://tinyanimalworlds.com/coloring/tiny-mouse-cheese-cafe","Coffee Shop Coloring Pages"
"public/pinterest/mouse-flower-market-mini.jpg","Mouse Flower Market Mini Coloring Page","Cozy coloring page with mouse flower market mini. Print at home and start coloring for free!","https://tinyanimalworlds.com/coloring/mouse-flower-market-mini","Tiny Animal Worlds"
"public/pinterest/tiny-cat-flower-market.jpg","Tiny Cat Flower Market Coloring Page","tiny cat flower market — a free printable coloring page from Tiny Animal Worlds. Download now!","https://tinyanimalworlds.com/coloring/tiny-cat-flower-market","Tiny Animal Worlds"
"public/pinterest/bear-coffee-shop-cute-be.jpg","Bear Coffee Shop Cute Be Coloring Page","Free JPG coloring page: bear coffee shop cute be. Great for creative fun and relaxation.","https://tinyanimalworlds.com/coloring/bear-coffee-shop-cute-be","Coffee Shop Coloring Pages"
"public/pinterest/tiny-bear-coffee-shop.jpg","Tiny Bear Coffee Shop Coloring Page","Printable coloring page featuring tiny bear coffee shop. Download, print, and color today!","https://tinyanimalworlds.com/coloring/tiny-bear-coffee-shop","Coffee Shop Coloring Pages"
"public/pinterest/fox-cottage-village-mush.jpg","Fox Cottage Village Mush Coloring Page","Free download: fox cottage village mush coloring page. Cute, cozy, and ready to print.","https://tinyanimalworlds.com/coloring/fox-cottage-village-mush","Tiny Animal Worlds"
"public/pinterest/tiny-fox-tea-house.jpg","Tiny Fox Tea House Coloring Page","Coloring page of tiny fox tea house. Free printable JPG — perfect for kids, teens, and adults.","https://tinyanimalworlds.com/coloring/tiny-fox-tea-house","Tea Party Coloring Pages"
"public/pinterest/hedgehog-tea-house-villag.jpg","Hedgehog Tea House Villag Coloring Page","Relaxing coloring page: hedgehog tea house villag. Download this free printable at Tiny Animal Worlds.","https://tinyanimalworlds.com/coloring/hedgehog-tea-house-villag","Tea Party Coloring Pages"
"public/pinterest/tiny-bunny-bookstore.jpg","Tiny Bunny Bookstore Coloring Page","Free printable tiny bunny bookstore. A cozy coloring page for all ages. Download JPG now!","https://tinyanimalworlds.com/coloring/tiny-bunny-bookstore","Bookstore Coloring Pages"
"public/pinterest/frog-bakery-town-cute-fr.jpg","Frog Bakery Town Cute Fr Coloring Page","Free printable coloring page featuring frog bakery town cute fr. Download and print instantly at Tiny Animal Worlds.","https://tinyanimalworlds.com/coloring/frog-bakery-town-cute-fr","Bakery Coloring Pages"
"public/pinterest/christmas-panda-workshop.jpg","Christmas Panda Workshop Coloring Page","Cute coloring page of christmas panda workshop. Perfect for kids and adults — free JPG download!","https://tinyanimalworlds.com/coloring/christmas-panda-workshop","Christmas Coloring Pages"
"public/pinterest/cat-cafe-under-moonlig.jpg","Cat Cafe Under Moonlig Coloring Page","Adorable printable coloring page: cat cafe under moonlig. Relax and enjoy this cozy scene today.","https://tinyanimalworlds.com/coloring/cat-cafe-under-moonlig","Coffee Shop Coloring Pages"
"public/pinterest/tiny-frog-bakery.jpg","Tiny Frog Bakery Coloring Page","Download this free coloring page of tiny frog bakery. High-quality JPG for all ages.","https://tinyanimalworlds.com/coloring/tiny-frog-bakery","Bakery Coloring Pages"
"public/pinterest/bunny-bookstore-village.jpg","Bunny Bookstore Village Coloring Page","Cozy coloring page with bunny bookstore village. Print at home and start coloring for free!","https://tinyanimalworlds.com/coloring/bunny-bookstore-village","Bookstore Coloring Pages"
"public/pinterest/halloween-mouse-candy-shop.jpg","Halloween Mouse Candy Shop Coloring Page","halloween mouse candy shop — a free printable coloring page from Tiny Animal Worlds. Download now!","https://tinyanimalworlds.com/coloring/halloween-mouse-candy-shop","Halloween Coloring Pages"
"public/pinterest/floating-island-villag.jpg","Floating Island Villag Coloring Page","Free JPG coloring page: floating island villag. Great for creative fun and relaxation.","https://tinyanimalworlds.com/coloring/floating-island-villag","Cute Animal Coloring Pages"
"public/pinterest/snowy-cat-bookstore.jpg","Snowy Cat Bookstore Coloring Page","Printable coloring page featuring snowy cat bookstore. Download, print, and color today!","https://tinyanimalworlds.com/coloring/snowy-cat-bookstore","Bookstore Coloring Pages"
"public/pinterest/fox-wizard-cottage-ma.jpg","Fox Wizard Cottage Ma Coloring Page","Free download: fox wizard cottage ma coloring page. Cute, cozy, and ready to print.","https://tinyanimalworlds.com/coloring/fox-wizard-cottage-ma","Fantasy Coloring Pages"
"public/pinterest/summer-bear-lemonade-stand.jpg","Summer Bear Lemonade Stand Coloring Page","Coloring page of summer bear lemonade stand. Free printable JPG — perfect for kids, teens, and adults.","https://tinyanimalworlds.com/coloring/summer-bear-lemonade-stand","Seasonal Coloring Pages"
"public/pinterest/mushroom-kingdom-tiny.jpg","Mushroom Kingdom Tiny Coloring Page","Relaxing coloring page: mushroom kingdom tiny. Download this free printable at Tiny Animal Worlds.","https://tinyanimalworlds.com/coloring/mushroom-kingdom-tiny","Tiny Animal Worlds"
"public/pinterest/spring-frog-flower-festival.jpg","Spring Frog Flower Festival Coloring Page","Free printable spring frog flower festival. A cozy coloring page for all ages. Download JPG now!","https://tinyanimalworlds.com/coloring/spring-frog-flower-festival","Garden Coloring Pages"
"public/pinterest/owl-library-giant-boo.jpg","Owl Library Giant Boo Coloring Page","Free printable coloring page featuring owl library giant boo. Download and print instantly at Tiny Animal Worlds.","https://tinyanimalworlds.com/coloring/owl-library-giant-boo","Bookstore Coloring Pages"
"public/pinterest/winter-bunny-hot-cocoa-house.jpg","Winter Bunny Hot Cocoa House Coloring Page","Cute coloring page of winter bunny hot cocoa house. Perfect for kids and adults — free JPG download!","https://tinyanimalworlds.com/coloring/winter-bunny-hot-cocoa-house","Seasonal Coloring Pages"
"public/pinterest/bunny-castle-town-mag.jpg","Bunny Castle Town Mag Coloring Page","Adorable printable coloring page: bunny castle town mag. Relax and enjoy this cozy scene today.","https://tinyanimalworlds.com/coloring/bunny-castle-town-mag","Cute Animal Coloring Pages"
"public/pinterest/tiny-animal-worlds.jpg","Tiny Animal Worlds Coloring Page","Browse our tiny animal worlds coloring page collection! Free printable JPG downloads for kids and adults.","https://tinyanimalworlds.com/category/tiny-animal-worlds","Tiny Animal Worlds"
"public/pinterest/cottagecore-coloring.jpg","Cottagecore Coloring Coloring Page","Browse our cottagecore coloring coloring page collection! Free printable JPG downloads for kids and adults.","https://tinyanimalworlds.com/category/cottagecore-coloring","Cottagecore Coloring"
"public/pinterest/rainy-day-coloring.jpg","Rainy Day Coloring Coloring Page","Browse our rainy day coloring coloring page collection! Free printable JPG downloads for kids and adults.","https://tinyanimalworlds.com/category/rainy-day-coloring","Rainy Day Coloring Pages"
"public/pinterest/fantasy-coloring.jpg","Fantasy Coloring Coloring Page","Browse our fantasy coloring coloring page collection! Free printable JPG downloads for kids and adults.","https://tinyanimalworlds.com/category/fantasy-coloring","Fantasy Coloring Pages"
"public/pinterest/seasonal-coloring.jpg","Seasonal Coloring Coloring Page","Browse our seasonal coloring coloring page collection! Free printable JPG downloads for kids and adults.","https://tinyanimalworlds.com/category/seasonal-coloring","Seasonal Coloring Pages"
"public/pinterest/food-bakery.jpg","Food Bakery Coloring Page","Browse our food bakery coloring page collection! Free printable JPG downloads for kids and adults.","https://tinyanimalworlds.com/category/food-bakery","Bakery Coloring Pages"
"public/pinterest/coffee-shop-scenes.jpg","Coffee Shop Scenes Coloring Page","Browse our coffee shop scenes coloring page collection! Free printable JPG downloads for kids and adults.","https://tinyanimalworlds.com/category/coffee-shop-scenes","Coffee Shop Coloring Pages"
"public/pinterest/bookstore-coloring.jpg","Bookstore Coloring Coloring Page","Browse our bookstore coloring coloring page collection! Free printable JPG downloads for kids and adults.","https://tinyanimalworlds.com/category/bookstore-coloring","Bookstore Coloring Pages"
"public/pinterest/garden-coloring.jpg","Garden Coloring Coloring Page","Browse our garden coloring coloring page collection! Free printable JPG downloads for kids and adults.","https://tinyanimalworlds.com/category/garden-coloring","Garden Coloring Pages"
"public/pinterest/christmas-coloring.jpg","Christmas Coloring Coloring Page","Browse our christmas coloring coloring page collection! Free printable JPG downloads for kids and adults.","https://tinyanimalworlds.com/category/christmas-coloring","Christmas Coloring Pages"
"public/pinterest/halloween-coloring.jpg","Halloween Coloring Coloring Page","Browse our halloween coloring coloring page collection! Free printable JPG downloads for kids and adults.","https://tinyanimalworlds.com/category/halloween-coloring","Halloween Coloring Pages"
"public/pinterest/village-life.jpg","Village Life Coloring Page","Browse our village life coloring page collection! Free printable JPG downloads for kids and adults.","https://tinyanimalworlds.com/category/village-life","Tiny Animal Worlds"
"public/pinterest/reading-coloring.jpg","Reading Coloring Coloring Page","Browse our reading coloring coloring page collection! Free printable JPG downloads for kids and adults.","https://tinyanimalworlds.com/category/reading-coloring","Bookstore Coloring Pages"
"public/pinterest/tea-party-scenes.jpg","Tea Party Scenes Coloring Page","Browse our tea party scenes coloring page collection! Free printable JPG downloads for kids and adults.","https://tinyanimalworlds.com/category/tea-party-scenes","Tea Party Coloring Pages"
"","Cozy Coloring Pages: 180+ Free Printable Warm and Comforting Scenes","Cozy Coloring Pages: 180+ Free Printable Warm and Comforting Scenes — read our complete guide with tips, ideas, and free downloads!","https://tinyanimalworlds.com/blog/cozy-coloring-pages","Cozy Coloring Pages"
"","Cute Frog Coloring Pages: Free Printable Adorable Frog Scenes","Cute Frog Coloring Pages: Free Printable Adorable Frog Scenes — read our complete guide with tips, ideas, and free downloads!","https://tinyanimalworlds.com/blog/cute-frog-coloring-pages","Kawaii Coloring Pages"
"","Cute Bunny Coloring Pages: Free Printable Rabbit and Bunny Scenes","Cute Bunny Coloring Pages: Free Printable Rabbit and Bunny Scenes — read our complete guide with tips, ideas, and free downloads!","https://tinyanimalworlds.com/blog/cute-bunny-coloring-pages","Kawaii Coloring Pages"
"","Coffee Shop Coloring Pages: Free Printable Cozy Cafe Scenes","Coffee Shop Coloring Pages: Free Printable Cozy Cafe Scenes — read our complete guide with tips, ideas, and free downloads!","https://tinyanimalworlds.com/blog/coffee-shop-coloring-pages","Coffee Shop Coloring Pages"
"","Bakery Coloring Pages: Free Printable Sweet Shop and Pastry Scenes","Bakery Coloring Pages: Free Printable Sweet Shop and Pastry Scenes — read our complete guide with tips, ideas, and free downloads!","https://tinyanimalworlds.com/blog/bakery-coloring-pages","Bakery Coloring Pages"
"","Rainy Day Coloring Pages: Free Printable Cozy Rain Scenes","Rainy Day Coloring Pages: Free Printable Cozy Rain Scenes — read our complete guide with tips, ideas, and free downloads!","https://tinyanimalworlds.com/blog/rainy-day-coloring-pages","Rainy Day Coloring Pages"
"","Fantasy Coloring Pages: Free Printable Magical and Enchanted Worlds","Fantasy Coloring Pages: Free Printable Magical and Enchanted Worlds — read our complete guide with tips, ideas, and free downloads!","https://tinyanimalworlds.com/blog/fantasy-coloring-pages","Fantasy Coloring Pages"
"","Free Printable Coloring Pages: 180+ Cute and Cozy Designs","Free Printable Coloring Pages: 180+ Cute and Cozy Designs — read our complete guide with tips, ideas, and free downloads!","https://tinyanimalworlds.com/blog/free-printable-coloring-pages","Cute Animal Coloring Pages"
"","Cute Bear Coloring Pages: Free Printable Cozy Bear Scenes for All Ages","Cute Bear Coloring Pages: Free Printable Cozy Bear Scenes for All Ages — read our complete guide with tips, ideas, and free downloads!","https://tinyanimalworlds.com/blog/cute-bear-coloring-pages","Kawaii Coloring Pages"
"","Cute Cat Coloring Pages: Free Printable Cozy Kitty Scenes for Coloring Lovers","Cute Cat Coloring Pages: Free Printable Cozy Kitty Scenes for Coloring Lovers — read our complete guide with tips, ideas, and free downloads!","https://tinyanimalworlds.com/blog/cute-cat-coloring-pages","Kawaii Coloring Pages"
"public/pinterest/tiny-mouse-toy-store-teddy-be.jpg","Tiny Mouse Toy Store Teddy Be Coloring Page","Free printable tiny mouse toy store teddy be coloring page — high-quality JPG perfect for cozy coloring. Print instantly and start coloring today! Great for kids and adults!","https://tinyanimalworlds.com/coloring/tiny-mouse-toy-store-teddy-be","Cute Animal Coloring Pages"
"public/pinterest/cute-fox-candle-shop-shelves.jpg","Cute Fox Candle Shop Shelves Coloring Page","Free printable cute fox candle shop shelves coloring page — high-quality JPG perfect for cozy coloring. Perfect for kids and adults who love cute designs. Great for kids and adults!","https://tinyanimalworlds.com/coloring/cute-fox-candle-shop-shelves","Cozy Coloring Pages"
"public/pinterest/tiny-cat-bakery-display-window.jpg","Tiny Cat Bakery Display Window Coloring Page","Free printable tiny cat bakery display window coloring page — high-quality JPG perfect for cozy coloring. Print instantly and start coloring today! Great for kids and adults!","https://tinyanimalworlds.com/coloring/tiny-cat-bakery-display-window","Bakery Coloring Pages"
"public/pinterest/cute-squirrel-picnic-day-cake.jpg","Cute Squirrel Picnic Day Cake Coloring Page","Free printable cute squirrel picnic day cake coloring page — high-quality JPG perfect for cozy coloring. Download this free printable coloring page now! Great for kids and adults!","https://tinyanimalworlds.com/coloring/cute-squirrel-picnic-day-cake","Cute Animal Coloring Pages"
"public/pinterest/tiny-rabbit-garden-cottage-ve.jpg","Tiny Rabbit Garden Cottage Ve Coloring Page","Free printable tiny rabbit garden cottage ve coloring page — high-quality JPG perfect for cozy coloring. Free JPG download — no sign-up required! Great for kids and adults!","https://tinyanimalworlds.com/coloring/tiny-rabbit-garden-cottage-ve","Garden Coloring Pages"
"public/pinterest/cute-hedgehog-autumn-bookstore.jpg","Cute Hedgehog Autumn Bookstore Coloring Page","Free printable cute hedgehog autumn bookstore coloring page — high-quality JPG perfect for cozy coloring. Perfect for kids and adults who love cute designs. Great for kids and adults!","https://tinyanimalworlds.com/coloring/cute-hedgehog-autumn-bookstore","Bookstore Coloring"
"public/pinterest/tiny-animal-treehouse-village.jpg","Tiny Animal Treehouse Village Coloring Page","Free printable tiny animal treehouse village coloring page — high-quality JPG perfect for cozy coloring. Print instantly and start coloring today! Great for kids and adults!","https://tinyanimalworlds.com/coloring/tiny-animal-treehouse-village","Tiny Animal Worlds"
"public/pinterest/cute-duck-reading-nook-books.jpg","Cute Duck Reading Nook Books Coloring Page","Free printable cute duck reading nook books coloring page — high-quality JPG perfect for cozy coloring. Perfect for kids and adults who love cute designs. Great for kids and adults!","https://tinyanimalworlds.com/coloring/cute-duck-reading-nook-books","Bookstore Coloring"
"public/pinterest/tiny-fox-woodland-cafe-mushro.jpg","Tiny Fox Woodland Cafe Mushro Coloring Page","Free printable tiny fox woodland cafe mushro coloring page — high-quality JPG perfect for cozy coloring. Perfect for kids and adults who love cute designs. Great for kids and adults!","https://tinyanimalworlds.com/coloring/tiny-fox-woodland-cafe-mushro","Coffee Shop Coloring Pages"
"public/pinterest/cute-rabbit-flower-shop-interi.jpg","Cute Rabbit Flower Shop Interi Coloring Page","Free printable cute rabbit flower shop interi coloring page — high-quality JPG perfect for cozy coloring. Print instantly and start coloring today! Great for kids and adults!","https://tinyanimalworlds.com/coloring/cute-rabbit-flower-shop-interi","Garden Coloring Pages"
"public/pinterest/cute-animal-fantasy-village-wi.jpg","Cute Animal Fantasy Village Wi Coloring Page","Free printable cute animal fantasy village wi coloring page — high-quality JPG perfect for cozy coloring. Click to download and print this cozy coloring page. Great for kids and adults!","https://tinyanimalworlds.com/coloring/cute-animal-fantasy-village-wi","Tiny Animal Worlds"
"public/pinterest/tiny-mouse-cottage-kitchen-co.jpg","Tiny Mouse Cottage Kitchen Co Coloring Page","Free printable tiny mouse cottage kitchen co coloring page — high-quality JPG perfect for cozy coloring. Perfect for kids and adults who love cute designs. Great for kids and adults!","https://tinyanimalworlds.com/coloring/tiny-mouse-cottage-kitchen-co","Bakery Coloring Pages"
"public/pinterest/cute-cat-rainy-bookstore-umbr.jpg","Cute Cat Rainy Bookstore Umbr Coloring Page","Free printable cute cat rainy bookstore umbr coloring page — high-quality JPG perfect for cozy coloring. Download this free printable coloring page now! Great for kids and adults!","https://tinyanimalworlds.com/coloring/cute-cat-rainy-bookstore-umbr","Bookstore Coloring"
"public/pinterest/tiny-squirrel-knitting-corner.jpg","Tiny Squirrel Knitting Corner Coloring Page","Free printable tiny squirrel knitting corner coloring page — high-quality JPG perfect for cozy coloring. Download this free printable coloring page now! Great for kids and adults!","https://tinyanimalworlds.com/coloring/tiny-squirrel-knitting-corner","Cottagecore Coloring"
"public/pinterest/cute-bunny-artist-studio-pain.jpg","Cute Bunny Artist Studio Pain Coloring Page","Free printable cute bunny artist studio pain coloring page — high-quality JPG perfect for cozy coloring. Print instantly and start coloring today! Great for kids and adults!","https://tinyanimalworlds.com/coloring/cute-bunny-artist-studio-pain","Cozy Coloring Pages"
"public/pinterest/tiny-fox-bakery-delivery-bicyc.jpg","Tiny Fox Bakery Delivery Bicyc Coloring Page","Free printable tiny fox bakery delivery bicyc coloring page — high-quality JPG perfect for cozy coloring. Perfect for kids and adults who love cute designs. Great for kids and adults!","https://tinyanimalworlds.com/coloring/tiny-fox-bakery-delivery-bicyc","Bakery Coloring Pages"
"public/pinterest/cute-hedgehog-tea-house-teacu.jpg","Cute Hedgehog Tea House Teacu Coloring Page","Free printable cute hedgehog tea house teacu coloring page — high-quality JPG perfect for cozy coloring. Download this free printable coloring page now! Great for kids and adults!","https://tinyanimalworlds.com/coloring/cute-hedgehog-tea-house-teacu","Tea Party Coloring Pages"
"public/pinterest/tiny-duck-countryside-cottage.jpg","Tiny Duck Countryside Cottage Coloring Page","Free printable tiny duck countryside cottage coloring page — high-quality JPG perfect for cozy coloring. Free JPG download — no sign-up required! Great for kids and adults!","https://tinyanimalworlds.com/coloring/tiny-duck-countryside-cottage","Cottagecore Coloring"
"public/pinterest/cute-cat-flower-market-bouque.jpg","Cute Cat Flower Market Bouque Coloring Page","Free printable cute cat flower market bouque coloring page — high-quality JPG perfect for cozy coloring. Free JPG download — no sign-up required! Great for kids and adults!","https://tinyanimalworlds.com/coloring/cute-cat-flower-market-bouque","Garden Coloring Pages"
"public/pinterest/tiny-rabbit-strawberry-farm-b.jpg","Tiny Rabbit Strawberry Farm B Coloring Page","Free printable tiny rabbit strawberry farm b coloring page — high-quality JPG perfect for cozy coloring. Print instantly and start coloring today! Great for kids and adults!","https://tinyanimalworlds.com/coloring/tiny-rabbit-strawberry-farm-b","Cute Animal Coloring Pages"
"public/pinterest/cute-bear-honey-shop-jars-sh.jpg","Cute Bear Honey Shop Jars Sh Coloring Page","Free printable cute bear honey shop jars sh coloring page — high-quality JPG perfect for cozy coloring. Print instantly and start coloring today! Great for kids and adults!","https://tinyanimalworlds.com/coloring/cute-bear-honey-shop-jars-sh","Cute Animal Coloring Pages"
"public/pinterest/tiny-mouse-forest-train-statio.jpg","Tiny Mouse Forest Train Statio Coloring Page","Free printable tiny mouse forest train statio coloring page — high-quality JPG perfect for cozy coloring. Free JPG download — no sign-up required! Great for kids and adults!","https://tinyanimalworlds.com/coloring/tiny-mouse-forest-train-statio","Tiny Animal Worlds"
"public/pinterest/tiny-animal-village-cafe-stree.jpg","Tiny Animal Village Cafe Stree Coloring Page","Free printable tiny animal village cafe stree coloring page — high-quality JPG perfect for cozy coloring. Free JPG download — no sign-up required! Great for kids and adults!","https://tinyanimalworlds.com/coloring/tiny-animal-village-cafe-stree","Coffee Shop Coloring Pages"
"public/pinterest/cute-fox-forest-bookstore-boo.jpg","Cute Fox Forest Bookstore Boo Coloring Page","Free printable cute fox forest bookstore boo coloring page — high-quality JPG perfect for cozy coloring. Print instantly and start coloring today! Great for kids and adults!","https://tinyanimalworlds.com/coloring/cute-fox-forest-bookstore-boo","Bookstore Coloring"
"public/pinterest/tiny-squirrel-mushroom-house.jpg","Tiny Squirrel Mushroom House Coloring Page","Free printable tiny squirrel mushroom house coloring page — high-quality JPG perfect for cozy coloring. Click to download and print this cozy coloring page. Great for kids and adults!","https://tinyanimalworlds.com/coloring/tiny-squirrel-mushroom-house","Cute Animal Coloring Pages"
"public/pinterest/cute-mouse-sewing-room-fabric.jpg","Cute Mouse Sewing Room Fabric Coloring Page","Free printable cute mouse sewing room fabric coloring page — high-quality JPG perfect for cozy coloring. Print instantly and start coloring today! Great for kids and adults!","https://tinyanimalworlds.com/coloring/cute-mouse-sewing-room-fabric","Cottagecore Coloring"
"public/pinterest/tiny-bunny-winter-cabin-firep.jpg","Tiny Bunny Winter Cabin Firep Coloring Page","Free printable tiny bunny winter cabin firep coloring page — high-quality JPG perfect for cozy coloring. Click to download and print this cozy coloring page. Great for kids and adults!","https://tinyanimalworlds.com/coloring/tiny-bunny-winter-cabin-firep","Cottagecore Coloring"
"public/pinterest/cute-otter-riverside-cottage.jpg","Cute Otter Riverside Cottage Coloring Page","Free printable cute otter riverside cottage coloring page — high-quality JPG perfect for cozy coloring. Download this free printable coloring page now! Great for kids and adults!","https://tinyanimalworlds.com/coloring/cute-otter-riverside-cottage","Cottagecore Coloring"
"public/pinterest/tiny-cat-book-club-library-sh.jpg","Tiny Cat Book Club Library Sh Coloring Page","Free printable tiny cat book club library sh coloring page — high-quality JPG perfect for cozy coloring. Free JPG download — no sign-up required! Great for kids and adults!","https://tinyanimalworlds.com/coloring/tiny-cat-book-club-library-sh","Bookstore Coloring"
"public/pinterest/cute-rabbit-flower-greenhouse.jpg","Cute Rabbit Flower Greenhouse Coloring Page","Free printable cute rabbit flower greenhouse coloring page — high-quality JPG perfect for cozy coloring. Print instantly and start coloring today! Great for kids and adults!","https://tinyanimalworlds.com/coloring/cute-rabbit-flower-greenhouse","Garden Coloring Pages"
"public/pinterest/cute-fox-autumn-cottage-pumpk.jpg","Cute Fox Autumn Cottage Pumpk Coloring Page","Free printable cute fox autumn cottage pumpk coloring page — high-quality JPG perfect for cozy coloring. Download this free printable coloring page now! Great for kids and adults!","https://tinyanimalworlds.com/coloring/cute-fox-autumn-cottage-pumpk","Cottagecore Coloring"
"public/pinterest/tiny-mouse-lantern-festival-vi.jpg","Tiny Mouse Lantern Festival Vi Coloring Page","Free printable tiny mouse lantern festival vi coloring page — high-quality JPG perfect for cozy coloring. Perfect for kids and adults who love cute designs. Great for kids and adults!","https://tinyanimalworlds.com/coloring/tiny-mouse-lantern-festival-vi","Seasonal Coloring Pages"
"public/pinterest/cute-cat-greenhouse-cottage-f.jpg","Cute Cat Greenhouse Cottage F Coloring Page","Free printable cute cat greenhouse cottage f coloring page — high-quality JPG perfect for cozy coloring. Download this free printable coloring page now! Great for kids and adults!","https://tinyanimalworlds.com/coloring/cute-cat-greenhouse-cottage-f","Garden Coloring Pages"
"public/pinterest/cute-hedgehog-reading-beside-r.jpg","Cute Hedgehog Reading Beside R Coloring Page","Free printable cute hedgehog reading beside r coloring page — high-quality JPG perfect for cozy coloring. Free JPG download — no sign-up required! Great for kids and adults!","https://tinyanimalworlds.com/coloring/cute-hedgehog-reading-beside-r","Bookstore Coloring"
"public/pinterest/cute-duck-bakery-kitchen-brea.jpg","Cute Duck Bakery Kitchen Brea Coloring Page","Free printable cute duck bakery kitchen brea coloring page — high-quality JPG perfect for cozy coloring. Print instantly and start coloring today! Great for kids and adults!","https://tinyanimalworlds.com/coloring/cute-duck-bakery-kitchen-brea","Bakery Coloring Pages"
"public/pinterest/tiny-animal-village-market-day.jpg","Tiny Animal Village Market Day Coloring Page","Free printable tiny animal village market day coloring page — high-quality JPG perfect for cozy coloring. Print instantly and start coloring today! Great for kids and adults!","https://tinyanimalworlds.com/coloring/tiny-animal-village-market-day","Tiny Animal Worlds"
"public/pinterest/cute-bunny-coffee-shop-coffee.jpg","Cute Bunny Coffee Shop Coffee Coloring Page","Free printable cute bunny coffee shop coffee coloring page — high-quality JPG perfect for cozy coloring. Free JPG download — no sign-up required! Great for kids and adults!","https://tinyanimalworlds.com/coloring/cute-bunny-coffee-shop-coffee","Coffee Shop Coloring Pages"
"public/pinterest/cute-bear-bookstore-interior.jpg","Cute Bear Bookstore Interior Coloring Page","Free printable cute bear bookstore interior coloring page — high-quality JPG perfect for cozy coloring. Perfect for kids and adults who love cute designs. Great for kids and adults!","https://tinyanimalworlds.com/coloring/cute-bear-bookstore-interior","Bookstore Coloring"
"public/pinterest/tiny-hamster-sewing-cottage-f.jpg","Tiny Hamster Sewing Cottage F Coloring Page","Free printable tiny hamster sewing cottage f coloring page — high-quality JPG perfect for cozy coloring. Free JPG download — no sign-up required! Great for kids and adults!","https://tinyanimalworlds.com/coloring/tiny-hamster-sewing-cottage-f","Cottagecore Coloring"
"public/pinterest/cute-squirrel-tea-party-in-for.jpg","Cute Squirrel Tea Party In For Coloring Page","Free printable cute squirrel tea party in for coloring page — high-quality JPG perfect for cozy coloring. Free JPG download — no sign-up required! Great for kids and adults!","https://tinyanimalworlds.com/coloring/cute-squirrel-tea-party-in-for","Tea Party Coloring Pages"
"public/pinterest/cute-fox-florist-shop-flower.jpg","Cute Fox Florist Shop Flower Coloring Page","Free printable cute fox florist shop flower coloring page — high-quality JPG perfect for cozy coloring. Perfect for kids and adults who love cute designs. Great for kids and adults!","https://tinyanimalworlds.com/coloring/cute-fox-florist-shop-flower","Garden Coloring Pages"
"public/pinterest/tiny-mouse-post-office-village.jpg","Tiny Mouse Post Office Village Coloring Page","Free printable tiny mouse post office village coloring page — high-quality JPG perfect for cozy coloring. Download this free printable coloring page now! Great for kids and adults!","https://tinyanimalworlds.com/coloring/tiny-mouse-post-office-village","Tiny Animal Worlds"
"public/pinterest/cute-cat-running-a-tiny-bakery.jpg","Cute Cat Running A Tiny Bakery Coloring Page","Free printable cute cat running a tiny bakery coloring page — high-quality JPG perfect for cozy coloring. Print instantly and start coloring today! Great for kids and adults!","https://tinyanimalworlds.com/coloring/cute-cat-running-a-tiny-bakery","Bakery Coloring Pages"
"public/pinterest/tiny-rabbit-cozy-bedroom-book.jpg","Tiny Rabbit Cozy Bedroom Book Coloring Page","Free printable tiny rabbit cozy bedroom book coloring page — high-quality JPG perfect for cozy coloring. Download this free printable coloring page now! Great for kids and adults!","https://tinyanimalworlds.com/coloring/tiny-rabbit-cozy-bedroom-book","Bookstore Coloring"
"public/pinterest/cute-bunny-reading-books-insid.jpg","Cute Bunny Reading Books Insid Coloring Page","Free printable cute bunny reading books insid coloring page — high-quality JPG perfect for cozy coloring. Free JPG download — no sign-up required! Great for kids and adults!","https://tinyanimalworlds.com/coloring/cute-bunny-reading-books-insid","Bookstore Coloring"
"public/pinterest/cute-fox-bookshop-village-squa.jpg","Cute Fox Bookshop Village Squa Coloring Page","Free printable cute fox bookshop village squa coloring page — high-quality JPG perfect for cozy coloring. Perfect for kids and adults who love cute designs. Great for kids and adults!","https://tinyanimalworlds.com/coloring/cute-fox-bookshop-village-squa","Bookstore Coloring"
"public/pinterest/tiny-squirrel-apple-orchard-co.jpg","Tiny Squirrel Apple Orchard Co Coloring Page","Free printable tiny squirrel apple orchard co coloring page — high-quality JPG perfect for cozy coloring. Print instantly and start coloring today! Great for kids and adults!","https://tinyanimalworlds.com/coloring/tiny-squirrel-apple-orchard-co","Garden Coloring Pages"
"public/pinterest/cute-hedgehog-winter-tea-room.jpg","Cute Hedgehog Winter Tea Room Coloring Page","Free printable cute hedgehog winter tea room coloring page — high-quality JPG perfect for cozy coloring. Free JPG download — no sign-up required! Great for kids and adults!","https://tinyanimalworlds.com/coloring/cute-hedgehog-winter-tea-room","Tea Party Coloring Pages"
"public/pinterest/tiny-duck-flower-garden-maze.jpg","Tiny Duck Flower Garden Maze Coloring Page","Free printable tiny duck flower garden maze coloring page — high-quality JPG perfect for cozy coloring. Download this free printable coloring page now! Great for kids and adults!","https://tinyanimalworlds.com/coloring/tiny-duck-flower-garden-maze","Garden Coloring Pages"
"public/pinterest/cute-rabbit-post-office-lette.jpg","Cute Rabbit Post Office Lette Coloring Page","Free printable cute rabbit post office lette coloring page — high-quality JPG perfect for cozy coloring. Click to download and print this cozy coloring page. Great for kids and adults!","https://tinyanimalworlds.com/coloring/cute-rabbit-post-office-lette","Tiny Animal Worlds"
"public/pinterest/bunny-treehouse-cottage.jpg","Bunny Treehouse Cottage Coloring Page","Free printable bunny treehouse cottage coloring page! Download this cute JPG coloring page for kids and adults. #coloringpages #freeprintable #cutecoloring","https://tinyanimalworlds.com/coloring/bunny-treehouse-cottage","Cottagecore Coloring"
"public/pinterest/frog-treehouse-cafe.jpg","Frog Treehouse Cafe Coloring Page","Free printable frog treehouse cafe coloring page! Download this cute JPG coloring page for kids and adults. #coloringpages #freeprintable #cutecoloring","https://tinyanimalworlds.com/coloring/frog-treehouse-cafe","Cottagecore Coloring"
"public/pinterest/bunny-decorating-cakes.jpg","Bunny Decorating Cakes Coloring Page","Free printable bunny decorating cakes coloring page! Download this cute JPG coloring page for kids and adults. #coloringpages #freeprintable #cutecoloring","https://tinyanimalworlds.com/coloring/bunny-decorating-cakes","Bakery Coloring Pages"
"public/pinterest/frog-tea-party-with-friends.jpg","Frog Tea Party With Friends Coloring Page","Free printable frog tea party with friends coloring page! Download this cute JPG coloring page for kids and adults. #coloringpages #freeprintable #cutecoloring","https://tinyanimalworlds.com/coloring/frog-tea-party-with-friends","Tea Party Coloring Pages"
"public/pinterest/bunny-cottage-library.jpg","Bunny Cottage Library Coloring Page","Free printable bunny cottage library coloring page! Download this cute JPG coloring page for kids and adults. #coloringpages #freeprintable #cutecoloring","https://tinyanimalworlds.com/coloring/bunny-cottage-library","Bookstore Coloring Pages"
"public/pinterest/frog-gardening-beside-cottage.jpg","Frog Gardening Beside Cottage Coloring Page","Free printable frog gardening beside cottage coloring page! Download this cute JPG coloring page for kids and adults. #coloringpages #freeprintable #cutecoloring","https://tinyanimalworlds.com/coloring/frog-gardening-beside-cottage","Garden Coloring Pages"
"public/pinterest/bunny-tea-room.jpg","Bunny Tea Room Coloring Page","Free printable bunny tea room coloring page! Download this cute JPG coloring page for kids and adults. #coloringpages #freeprintable #cutecoloring","https://tinyanimalworlds.com/coloring/bunny-tea-room","Tea Party Coloring Pages"
"public/pinterest/frog-bakery-display-counter.jpg","Frog Bakery Display Counter Coloring Page","Free printable frog bakery display counter coloring page! Download this cute JPG coloring page for kids and adults. #coloringpages #freeprintable #cutecoloring","https://tinyanimalworlds.com/coloring/frog-bakery-display-counter","Bakery Coloring Pages"
"public/pinterest/bunny-garden-swing.jpg","Bunny Garden Swing Coloring Page","Free printable bunny garden swing coloring page! Download this cute JPG coloring page for kids and adults. #coloringpages #freeprintable #cutecoloring","https://tinyanimalworlds.com/coloring/bunny-garden-swing","Garden Coloring Pages"
"public/pinterest/frog-candle-shop.jpg","Frog Candle Shop Coloring Page","Free printable frog candle shop coloring page! Download this cute JPG coloring page for kids and adults. #coloringpages #freeprintable #cutecoloring","https://tinyanimalworlds.com/coloring/frog-candle-shop","Kawaii Coloring Pages"
"public/pinterest/bunny-collecting-vegetables.jpg","Bunny Collecting Vegetables Coloring Page","Free printable bunny collecting vegetables coloring page! Download this cute JPG coloring page for kids and adults. #coloringpages #freeprintable #cutecoloring","https://tinyanimalworlds.com/coloring/bunny-collecting-vegetables","Cottagecore Coloring"
"public/pinterest/frog-artist-studio.jpg","Frog Artist Studio Coloring Page","Free printable frog artist studio coloring page! Download this cute JPG coloring page for kids and adults. #coloringpages #freeprintable #cutecoloring","https://tinyanimalworlds.com/coloring/frog-artist-studio","Kawaii Coloring Pages"
"public/pinterest/bunny-cottage-bedroom.jpg","Bunny Cottage Bedroom Coloring Page","Free printable bunny cottage bedroom coloring page! Download this cute JPG coloring page for kids and adults. #coloringpages #freeprintable #cutecoloring","https://tinyanimalworlds.com/coloring/bunny-cottage-bedroom","Cottagecore Coloring"
"public/pinterest/frog-cafe-street-in-tiny-villa.jpg","Frog Cafe Street In Tiny Villa Coloring Page","Free printable frog cafe street in tiny villa coloring page! Download this cute JPG coloring page for kids and adults. #coloringpages #freeprintable #cutecoloring","https://tinyanimalworlds.com/coloring/frog-cafe-street-in-tiny-villa","Coffee Shop Coloring"
"public/pinterest/bunny-countryside-market.jpg","Bunny Countryside Market Coloring Page","Free printable bunny countryside market coloring page! Download this cute JPG coloring page for kids and adults. #coloringpages #freeprintable #cutecoloring","https://tinyanimalworlds.com/coloring/bunny-countryside-market","Tiny Animal Worlds"
"public/pinterest/frog-picnic-in-flower-meadow.jpg","Frog Picnic In Flower Meadow Coloring Page","Free printable frog picnic in flower meadow coloring page! Download this cute JPG coloring page for kids and adults. #coloringpages #freeprintable #cutecoloring","https://tinyanimalworlds.com/coloring/frog-picnic-in-flower-meadow","Garden Coloring Pages"
"public/pinterest/bunny-painting-flowers.jpg","Bunny Painting Flowers Coloring Page","Free printable bunny painting flowers coloring page! Download this cute JPG coloring page for kids and adults. #coloringpages #freeprintable #cutecoloring","https://tinyanimalworlds.com/coloring/bunny-painting-flowers","Garden Coloring Pages"
"public/pinterest/frog-rainy-day-cottage.jpg","Frog Rainy Day Cottage Coloring Page","Free printable frog rainy day cottage coloring page! Download this cute JPG coloring page for kids and adults. #coloringpages #freeprintable #cutecoloring","https://tinyanimalworlds.com/coloring/frog-rainy-day-cottage","Rainy Day Coloring"
"public/pinterest/bunny-jam-making-kitchen.jpg","Bunny Jam Making Kitchen Coloring Page","Free printable bunny jam making kitchen coloring page! Download this cute JPG coloring page for kids and adults. #coloringpages #freeprintable #cutecoloring","https://tinyanimalworlds.com/coloring/bunny-jam-making-kitchen","Cottagecore Coloring"
"public/pinterest/frog-reading-corner-with-books.jpg","Frog Reading Corner With Books Coloring Page","Free printable frog reading corner with books coloring page! Download this cute JPG coloring page for kids and adults. #coloringpages #freeprintable #cutecoloring","https://tinyanimalworlds.com/coloring/frog-reading-corner-with-books","Bookstore Coloring Pages"
"public/pinterest/all-bunny-friends-celebrating.jpg","All Bunny Friends Celebrating Coloring Page","Free printable all bunny friends celebrating coloring page! Download this cute JPG coloring page for kids and adults. #coloringpages #freeprintable #cutecoloring","https://tinyanimalworlds.com/coloring/all-bunny-friends-celebrating","Tiny Animal Worlds"
"public/pinterest/all-frogs-celebrating-together.jpg","All Frogs Celebrating Together Coloring Page","Free printable all frogs celebrating together coloring page! Download this cute JPG coloring page for kids and adults. #coloringpages #freeprintable #cutecoloring","https://tinyanimalworlds.com/coloring/all-frogs-celebrating-together","Tiny Animal Worlds"
"public/pinterest/bunny-flower-shop.jpg","Bunny Flower Shop Coloring Page","Free printable bunny flower shop coloring page! Download this cute JPG coloring page for kids and adults. #coloringpages #freeprintable #cutecoloring","https://tinyanimalworlds.com/coloring/bunny-flower-shop","Garden Coloring Pages"
"public/pinterest/frog-flower-shop.jpg","Frog Flower Shop Coloring Page","Free printable frog flower shop coloring page! Download this cute JPG coloring page for kids and adults. #coloringpages #freeprintable #cutecoloring","https://tinyanimalworlds.com/coloring/frog-flower-shop","Garden Coloring Pages"
"public/pinterest/bunny-knitting-beside-window.jpg","Bunny Knitting Beside Window Coloring Page","Free printable bunny knitting beside window coloring page! Download this cute JPG coloring page for kids and adults. #coloringpages #freeprintable #cutecoloring","https://tinyanimalworlds.com/coloring/bunny-knitting-beside-window","Kawaii Coloring Pages"
"public/pinterest/frog-greenhouse-full-of-plants.jpg","Frog Greenhouse Full Of Plants Coloring Page","Free printable frog greenhouse full of plants coloring page! Download this cute JPG coloring page for kids and adults. #coloringpages #freeprintable #cutecoloring","https://tinyanimalworlds.com/coloring/frog-greenhouse-full-of-plants","Garden Coloring Pages"
"public/pinterest/bunny-greenhouse-full-of-plant.jpg","Bunny Greenhouse Full Of Plant Coloring Page","Free printable bunny greenhouse full of plant coloring page! Download this cute JPG coloring page for kids and adults. #coloringpages #freeprintable #cutecoloring","https://tinyanimalworlds.com/coloring/bunny-greenhouse-full-of-plant","Garden Coloring Pages"
"public/pinterest/frog-cafe-terrace-with-lantern.jpg","Frog Cafe Terrace With Lantern Coloring Page","Free printable frog cafe terrace with lantern coloring page! Download this cute JPG coloring page for kids and adults. #coloringpages #freeprintable #cutecoloring","https://tinyanimalworlds.com/coloring/frog-cafe-terrace-with-lantern","Coffee Shop Coloring"
"public/pinterest/bunny-arranging-flowers-in-cot.jpg","Bunny Arranging Flowers In Cot Coloring Page","Free printable bunny arranging flowers in cot coloring page! Download this cute JPG coloring page for kids and adults. #coloringpages #freeprintable #cutecoloring","https://tinyanimalworlds.com/coloring/bunny-arranging-flowers-in-cot","Garden Coloring Pages"
"public/pinterest/frog-cottage-kitchen-baking-co.jpg","Frog Cottage Kitchen Baking Co Coloring Page","Free printable frog cottage kitchen baking co coloring page! Download this cute JPG coloring page for kids and adults. #coloringpages #freeprintable #cutecoloring","https://tinyanimalworlds.com/coloring/frog-cottage-kitchen-baking-co","Bakery Coloring Pages"
"public/pinterest/bunny-picnic-under-tree.jpg","Bunny Picnic Under Tree Coloring Page","Free printable bunny picnic under tree coloring page! Download this cute JPG coloring page for kids and adults. #coloringpages #freeprintable #cutecoloring","https://tinyanimalworlds.com/coloring/bunny-picnic-under-tree","Kawaii Coloring Pages"
"public/pinterest/frog-making-hot-chocolate.jpg","Frog Making Hot Chocolate Coloring Page","Free printable frog making hot chocolate coloring page! Download this cute JPG coloring page for kids and adults. #coloringpages #freeprintable #cutecoloring","https://tinyanimalworlds.com/coloring/frog-making-hot-chocolate","Tea Party Coloring Pages"
"public/pinterest/bunny-baking-fresh-bread.jpg","Bunny Baking Fresh Bread Coloring Page","Free printable bunny baking fresh bread coloring page! Download this cute JPG coloring page for kids and adults. #coloringpages #freeprintable #cutecoloring","https://tinyanimalworlds.com/coloring/bunny-baking-fresh-bread","Bakery Coloring Pages"
"public/pinterest/frog-watering-flowers-outside.jpg","Frog Watering Flowers Outside Coloring Page","Free printable frog watering flowers outside coloring page! Download this cute JPG coloring page for kids and adults. #coloringpages #freeprintable #cutecoloring","https://tinyanimalworlds.com/coloring/frog-watering-flowers-outside","Garden Coloring Pages"
"public/pinterest/bunny-cottage-with-vegetable-g.jpg","Bunny Cottage With Vegetable G Coloring Page","Free printable bunny cottage with vegetable g coloring page! Download this cute JPG coloring page for kids and adults. #coloringpages #freeprintable #cutecoloring","https://tinyanimalworlds.com/coloring/bunny-cottage-with-vegetable-g","Cottagecore Coloring"
"public/pinterest/frog-bookstore-cafe.jpg","Frog Bookstore Cafe Coloring Page","Free printable frog bookstore cafe coloring page! Download this cute JPG coloring page for kids and adults. #coloringpages #freeprintable #cutecoloring","https://tinyanimalworlds.com/coloring/frog-bookstore-cafe","Bookstore Coloring Pages"
"public/pinterest/bunny-watering-flowers.jpg","Bunny Watering Flowers Coloring Page","Free printable bunny watering flowers coloring page! Download this cute JPG coloring page for kids and adults. #coloringpages #freeprintable #cutecoloring","https://tinyanimalworlds.com/coloring/bunny-watering-flowers","Garden Coloring Pages"
"public/pinterest/frog-reading-by-rainy-cafe-win.jpg","Frog Reading By Rainy Cafe Win Coloring Page","Free printable frog reading by rainy cafe win coloring page! Download this cute JPG coloring page for kids and adults. #coloringpages #freeprintable #cutecoloring","https://tinyanimalworlds.com/coloring/frog-reading-by-rainy-cafe-win","Bookstore Coloring Pages"
"public/pinterest/bunny-reading-book-by-fireplac.jpg","Bunny Reading Book By Fireplac Coloring Page","Free printable bunny reading book by fireplac coloring page! Download this cute JPG coloring page for kids and adults. #coloringpages #freeprintable #cutecoloring","https://tinyanimalworlds.com/coloring/bunny-reading-book-by-fireplac","Bookstore Coloring Pages"
"public/pinterest/frog-tea-room-with-teapot-and.jpg","Frog Tea Room With Teapot And Coloring Page","Free printable frog tea room with teapot and coloring page! Download this cute JPG coloring page for kids and adults. #coloringpages #freeprintable #cutecoloring","https://tinyanimalworlds.com/coloring/frog-tea-room-with-teapot-and","Tea Party Coloring Pages"
"public/pinterest/bunny-tea-party-in-flower-gard.jpg","Bunny Tea Party In Flower Gard Coloring Page","Free printable bunny tea party in flower gard coloring page! Download this cute JPG coloring page for kids and adults. #coloringpages #freeprintable #cutecoloring","https://tinyanimalworlds.com/coloring/bunny-tea-party-in-flower-gard","Tea Party Coloring Pages"
"public/pinterest/frog-bakery-with-cupcakes-and.jpg","Frog Bakery With Cupcakes And Coloring Page","Free printable frog bakery with cupcakes and coloring page! Download this cute JPG coloring page for kids and adults. #coloringpages #freeprintable #cutecoloring","https://tinyanimalworlds.com/coloring/frog-bakery-with-cupcakes-and","Bakery Coloring Pages"
"public/pinterest/panoramic-bunny-village-scene.jpg","Panoramic Bunny Village Scene Coloring Page","Free printable panoramic bunny village scene coloring page! Download this cute JPG coloring page for kids and adults. #coloringpages #freeprintable #cutecoloring","https://tinyanimalworlds.com/coloring/panoramic-bunny-village-scene","Tiny Animal Worlds"
"public/pinterest/panoramic-frog-village-scene.jpg","Panoramic Frog Village Scene Coloring Page","Free printable panoramic frog village scene coloring page! Download this cute JPG coloring page for kids and adults. #coloringpages #freeprintable #cutecoloring","https://tinyanimalworlds.com/coloring/panoramic-frog-village-scene","Tiny Animal Worlds"
"public/pinterest/bunny-baking-cupcakes-in-cotta.jpg","Bunny Baking Cupcakes In Cotta Coloring Page","Free printable bunny baking cupcakes in cotta coloring page! Download this cute JPG coloring page for kids and adults. #coloringpages #freeprintable #cutecoloring","https://tinyanimalworlds.com/coloring/bunny-baking-cupcakes-in-cotta","Bakery Coloring Pages"
"public/pinterest/frog-serving-coffee-in-cozy-ca.jpg","Frog Serving Coffee In Cozy Ca Coloring Page","Free printable frog serving coffee in cozy ca coloring page! Download this cute JPG coloring page for kids and adults. #coloringpages #freeprintable #cutecoloring","https://tinyanimalworlds.com/coloring/frog-serving-coffee-in-cozy-ca","Tea Party Coloring Pages"
"public/pinterest/bunny-reading-in-garden-gazebo.jpg","Bunny Reading In Garden Gazebo Coloring Page","Free printable bunny reading in garden gazebo coloring page! Download this cute JPG coloring page for kids and adults. #coloringpages #freeprintable #cutecoloring","https://tinyanimalworlds.com/coloring/bunny-reading-in-garden-gazebo","Bookstore Coloring Pages"
"public/pinterest/frog-library-cafe.jpg","Frog Library Cafe Coloring Page","Free printable frog library cafe coloring page! Download this cute JPG coloring page for kids and adults. #coloringpages #freeprintable #cutecoloring","https://tinyanimalworlds.com/coloring/frog-library-cafe","Bookstore Coloring Pages"
"public/pinterest/bunny-farmers-market.jpg","Bunny Farmers Market Coloring Page","Free printable bunny farmers market coloring page! Download this cute JPG coloring page for kids and adults. #coloringpages #freeprintable #cutecoloring","https://tinyanimalworlds.com/coloring/bunny-farmers-market","Kawaii Coloring Pages"
"public/pinterest/frog-cottage-beside-pond.jpg","Frog Cottage Beside Pond Coloring Page","Free printable frog cottage beside pond coloring page! Download this cute JPG coloring page for kids and adults. #coloringpages #freeprintable #cutecoloring","https://tinyanimalworlds.com/coloring/frog-cottage-beside-pond","Kawaii Coloring Pages"
"public/pinterest/bunny-cottage-by-pond.jpg","Bunny Cottage By Pond Coloring Page","Free printable bunny cottage by pond coloring page! Download this cute JPG coloring page for kids and adults. #coloringpages #freeprintable #cutecoloring","https://tinyanimalworlds.com/coloring/bunny-cottage-by-pond","Cottagecore Coloring"
"public/pinterest/frog-village-festival.jpg","Frog Village Festival Coloring Page","Free printable frog village festival coloring page! Download this cute JPG coloring page for kids and adults. #coloringpages #freeprintable #cutecoloring","https://tinyanimalworlds.com/coloring/frog-village-festival","Tiny Animal Worlds"
"public/pinterest/bunny-sewing-room.jpg","Bunny Sewing Room Coloring Page","Free printable bunny sewing room coloring page! Download this cute JPG coloring page for kids and adults. #coloringpages #freeprintable #cutecoloring","https://tinyanimalworlds.com/coloring/bunny-sewing-room","Kawaii Coloring Pages"
"public/pinterest/frog-sweet-dessert-shop.jpg","Frog Sweet Dessert Shop Coloring Page","Free printable frog sweet dessert shop coloring page! Download this cute JPG coloring page for kids and adults. #coloringpages #freeprintable #cutecoloring","https://tinyanimalworlds.com/coloring/frog-sweet-dessert-shop","Bakery Coloring Pages"
"public/pinterest/bunny-watering-greenhouse-plan.jpg","Bunny Watering Greenhouse Plan Coloring Page","Free printable bunny watering greenhouse plan coloring page! Download this cute JPG coloring page for kids and adults. #coloringpages #freeprintable #cutecoloring","https://tinyanimalworlds.com/coloring/bunny-watering-greenhouse-plan","Garden Coloring Pages"
"public/pinterest/frog-painting-flowers.jpg","Frog Painting Flowers Coloring Page","Free printable frog painting flowers coloring page! Download this cute JPG coloring page for kids and adults. #coloringpages #freeprintable #cutecoloring","https://tinyanimalworlds.com/coloring/frog-painting-flowers","Garden Coloring Pages"
"public/pinterest/bunny-baking-cookies.jpg","Bunny Baking Cookies Coloring Page","Free printable bunny baking cookies coloring page! Download this cute JPG coloring page for kids and adults. #coloringpages #freeprintable #cutecoloring","https://tinyanimalworlds.com/coloring/bunny-baking-cookies","Bakery Coloring Pages"
"public/pinterest/frog-music-room.jpg","Frog Music Room Coloring Page","Free printable frog music room coloring page! Download this cute JPG coloring page for kids and adults. #coloringpages #freeprintable #cutecoloring","https://tinyanimalworlds.com/coloring/frog-music-room","Kawaii Coloring Pages"
"public/pinterest/bunny-flower-meadow-picnic.jpg","Bunny Flower Meadow Picnic Coloring Page","Free printable bunny flower meadow picnic coloring page! Download this cute JPG coloring page for kids and adults. #coloringpages #freeprintable #cutecoloring","https://tinyanimalworlds.com/coloring/bunny-flower-meadow-picnic","Garden Coloring Pages"
"public/pinterest/frog-camping-with-coffee-kettl.jpg","Frog Camping With Coffee Kettl Coloring Page","Free printable frog camping with coffee kettl coloring page! Download this cute JPG coloring page for kids and adults. #coloringpages #freeprintable #cutecoloring","https://tinyanimalworlds.com/coloring/frog-camping-with-coffee-kettl","Coffee Shop Coloring"
"public/pinterest/autumn-bakery-shop.jpg","Autumn-bakery-shop Coloring Page","Free printable autumn-bakery-shop coloring page! Download this cute SVG coloring page for kids and adults. #coloringpages #freeprintable #cutecoloring","https://tinyanimalworlds.com/coloring/autumn-bakery-shop","Bakery Coloring Pages"
"public/pinterest/bear-cabin-winter.jpg","Bear-cabin-winter Coloring Page","Free printable bear-cabin-winter coloring page! Download this cute SVG coloring page for kids and adults. #coloringpages #freeprintable #cutecoloring","https://tinyanimalworlds.com/coloring/bear-cabin-winter","Kawaii Coloring Pages"
"public/pinterest/bunny-cottage-garden.jpg","Bunny-cottage-garden Coloring Page","Free printable bunny-cottage-garden coloring page! Download this cute SVG coloring page for kids and adults. #coloringpages #freeprintable #cutecoloring","https://tinyanimalworlds.com/coloring/bunny-cottage-garden","Garden Coloring Pages"
"public/pinterest/christmas-coloring-cottage.jpg","Christmas-coloring-cottage Coloring Page","Free printable christmas-coloring-cottage coloring page! Download this cute SVG coloring page for kids and adults. #coloringpages #freeprintable #cutecoloring","https://tinyanimalworlds.com/coloring/christmas-coloring-cottage","Christmas Coloring"
"public/pinterest/cozy-cat-cafe.jpg","Cozy-cat-cafe Coloring Page","Free printable cozy-cat-cafe coloring page! Download this cute SVG coloring page for kids and adults. #coloringpages #freeprintable #cutecoloring","https://tinyanimalworlds.com/coloring/cozy-cat-cafe","Coffee Shop Coloring"
"public/pinterest/cozy-mushroom-village.jpg","Cozy-mushroom-village Coloring Page","Free printable cozy-mushroom-village coloring page! Download this cute SVG coloring page for kids and adults. #coloringpages #freeprintable #cutecoloring","https://tinyanimalworlds.com/coloring/cozy-mushroom-village","Kawaii Coloring Pages"
"public/pinterest/cozy-reading-room.jpg","Cozy-reading-room Coloring Page","Free printable cozy-reading-room coloring page! Download this cute SVG coloring page for kids and adults. #coloringpages #freeprintable #cutecoloring","https://tinyanimalworlds.com/coloring/cozy-reading-room","Bookstore Coloring Pages"
"public/pinterest/cute-dragon-tea-party.jpg","Cute-dragon-tea-party Coloring Page","Free printable cute-dragon-tea-party coloring page! Download this cute SVG coloring page for kids and adults. #coloringpages #freeprintable #cutecoloring","https://tinyanimalworlds.com/coloring/cute-dragon-tea-party","Fantasy Coloring Pages"
"public/pinterest/cute-frog-bakery.jpg","Cute-frog-bakery Coloring Page","Free printable cute-frog-bakery coloring page! Download this cute SVG coloring page for kids and adults. #coloringpages #freeprintable #cutecoloring","https://tinyanimalworlds.com/coloring/cute-frog-bakery","Bakery Coloring Pages"
"public/pinterest/cute-hamster-home.jpg","Cute-hamster-home Coloring Page","Free printable cute-hamster-home coloring page! Download this cute SVG coloring page for kids and adults. #coloringpages #freeprintable #cutecoloring","https://tinyanimalworlds.com/coloring/cute-hamster-home","Kawaii Coloring Pages"
"public/pinterest/dinosaur-parade.jpg","Dinosaur-parade Coloring Page","Free printable dinosaur-parade coloring page! Download this cute SVG coloring page for kids and adults. #coloringpages #freeprintable #cutecoloring","https://tinyanimalworlds.com/coloring/dinosaur-parade","Fantasy Coloring Pages"
"public/pinterest/fairy-garden.jpg","Fairy-garden Coloring Page","Free printable fairy-garden coloring page! Download this cute SVG coloring page for kids and adults. #coloringpages #freeprintable #cutecoloring","https://tinyanimalworlds.com/coloring/fairy-garden","Fantasy Coloring Pages"
"public/pinterest/fantasy-castle-garden.jpg","Fantasy-castle-garden Coloring Page","Free printable fantasy-castle-garden coloring page! Download this cute SVG coloring page for kids and adults. #coloringpages #freeprintable #cutecoloring","https://tinyanimalworlds.com/coloring/fantasy-castle-garden","Fantasy Coloring Pages"
"public/pinterest/forest-animals-gathering.jpg","Forest-animals-gathering Coloring Page","Free printable forest-animals-gathering coloring page! Download this cute SVG coloring page for kids and adults. #coloringpages #freeprintable #cutecoloring","https://tinyanimalworlds.com/coloring/forest-animals-gathering","Kawaii Coloring Pages"
"public/pinterest/fox-mushroom-house.jpg","Fox-mushroom-house Coloring Page","Free printable fox-mushroom-house coloring page! Download this cute SVG coloring page for kids and adults. #coloringpages #freeprintable #cutecoloring","https://tinyanimalworlds.com/coloring/fox-mushroom-house","Kawaii Coloring Pages"
"public/pinterest/kawaii-animal-friends.jpg","Kawaii-animal-friends Coloring Page","Free printable kawaii-animal-friends coloring page! Download this cute SVG coloring page for kids and adults. #coloringpages #freeprintable #cutecoloring","https://tinyanimalworlds.com/coloring/kawaii-animal-friends","Kawaii Coloring Pages"
"public/pinterest/kawaii-ice-cream-parlor.jpg","Kawaii-ice-cream-parlor Coloring Page","Free printable kawaii-ice-cream-parlor coloring page! Download this cute SVG coloring page for kids and adults. #coloringpages #freeprintable #cutecoloring","https://tinyanimalworlds.com/coloring/kawaii-ice-cream-parlor","Kawaii Coloring Pages"
"public/pinterest/kawaii-sleepover.jpg","Kawaii-sleepover Coloring Page","Free printable kawaii-sleepover coloring page! Download this cute SVG coloring page for kids and adults. #coloringpages #freeprintable #cutecoloring","https://tinyanimalworlds.com/coloring/kawaii-sleepover","Kawaii Coloring Pages"
"public/pinterest/kawaii-sweets-shop.jpg","Kawaii-sweets-shop Coloring Page","Free printable kawaii-sweets-shop coloring page! Download this cute SVG coloring page for kids and adults. #coloringpages #freeprintable #cutecoloring","https://tinyanimalworlds.com/coloring/kawaii-sweets-shop","Kawaii Coloring Pages"
"public/pinterest/magic-library.jpg","Magic-library Coloring Page","Free printable magic-library coloring page! Download this cute SVG coloring page for kids and adults. #coloringpages #freeprintable #cutecoloring","https://tinyanimalworlds.com/coloring/magic-library","Bookstore Coloring Pages"
"public/pinterest/penguin-winter-wonderland.jpg","Penguin-winter-wonderland Coloring Page","Free printable penguin-winter-wonderland coloring page! Download this cute SVG coloring page for kids and adults. #coloringpages #freeprintable #cutecoloring","https://tinyanimalworlds.com/coloring/penguin-winter-wonderland","Christmas Coloring"
"public/pinterest/puppy-tea-party-garden.jpg","Puppy-tea-party-garden Coloring Page","Free printable puppy-tea-party-garden coloring page! Download this cute SVG coloring page for kids and adults. #coloringpages #freeprintable #cutecoloring","https://tinyanimalworlds.com/coloring/puppy-tea-party-garden","Garden Coloring Pages"
"public/pinterest/rabbit-tea-party.jpg","Rabbit-tea-party Coloring Page","Free printable rabbit-tea-party coloring page! Download this cute SVG coloring page for kids and adults. #coloringpages #freeprintable #cutecoloring","https://tinyanimalworlds.com/coloring/rabbit-tea-party","Kawaii Coloring Pages"
"public/pinterest/rainbow-unicorn-simple.jpg","Rainbow-unicorn-simple Coloring Page","Free printable rainbow-unicorn-simple coloring page! Download this cute SVG coloring page for kids and adults. #coloringpages #freeprintable #cutecoloring","https://tinyanimalworlds.com/coloring/rainbow-unicorn-simple","Fantasy Coloring Pages"
"public/pinterest/simple-farm-animals.jpg","Simple-farm-animals Coloring Page","Free printable simple-farm-animals coloring page! Download this cute SVG coloring page for kids and adults. #coloringpages #freeprintable #cutecoloring","https://tinyanimalworlds.com/coloring/simple-farm-animals","Kawaii Coloring Pages"
"public/pinterest/sleeping-kitten-basket.jpg","Sleeping-kitten-basket Coloring Page","Free printable sleeping-kitten-basket coloring page! Download this cute SVG coloring page for kids and adults. #coloringpages #freeprintable #cutecoloring","https://tinyanimalworlds.com/coloring/sleeping-kitten-basket","Cozy Coloring Pages"
"public/pinterest/tiny-animal-village.jpg","Tiny-animal-village Coloring Page","Free printable tiny-animal-village coloring page! Download this cute SVG coloring page for kids and adults. #coloringpages #freeprintable #cutecoloring","https://tinyanimalworlds.com/coloring/tiny-animal-village","Kawaii Coloring Pages"
"public/pinterest/underwater-friends.jpg","Underwater-friends Coloring Page","Free printable underwater-friends coloring page! Download this cute SVG coloring page for kids and adults. #coloringpages #freeprintable #cutecoloring","https://tinyanimalworlds.com/coloring/underwater-friends","Kawaii Coloring Pages"
"public/pinterest/unicorn-fairy-forest.jpg","Unicorn-fairy-forest Coloring Page","Free printable unicorn-fairy-forest coloring page! Download this cute SVG coloring page for kids and adults. #coloringpages #freeprintable #cutecoloring","https://tinyanimalworlds.com/coloring/unicorn-fairy-forest","Fantasy Coloring Pages"
public/pinterest/day10/mouse-family-treehouse.jpg,Mouse Family Treehouse Coloring Page,"Coloring page of mouse family treehouse. Free printable JPG — perfect for kids, teens, and adults.",https://tinyanimalworlds.com/coloring/mouse-family-treehouse,Tiny Animal Worlds
public/pinterest/day10/cute-bear-apple-orchard-colori.jpg,Cute Bear Apple Orchard Coloring Page,Relaxing coloring page: cute bear apple orchard. Download this free printable at Tiny Animal Worlds.,https://tinyanimalworlds.com/coloring/cute-bear-apple-orchard-colori,Cute Animal Coloring Pages
public/pinterest/day10/cute-penguin-snow-caf-colorin.jpg,Cute Penguin Snow Cafe Coloring Page,"Free download: cute penguin snow cafe coloring page. Cute, cozy, and ready to print.",https://tinyanimalworlds.com/coloring/cute-penguin-snow-caf-colorin,Kawaii Coloring Pages
public/pinterest/day10/thatched-roof-cottage.jpg,Thatched Roof Cottage Coloring Page,Cozy coloring page with thatched roof cottage. Print at home and start coloring for free!,https://tinyanimalworlds.com/coloring/thatched-roof-cottage,Cottagecore Coloring
public/pinterest/day10/fresh-bread-morning.jpg,Fresh Bread Morning Coloring Page,Download this free coloring page of fresh bread morning. High-quality JPG for all ages.,https://tinyanimalworlds.com/coloring/fresh-bread-morning,Bakery Coloring Pages
public/pinterest/day10/secondhand-bookshop.jpg,Secondhand Bookshop Coloring Page,Relaxing coloring page: secondhand bookshop. Download this free printable at Tiny Animal Worlds.,https://tinyanimalworlds.com/coloring/secondhand-bookshop,Bookstore Coloring Pages
public/pinterest/day10/fox-gardening-flowers-an.jpg,Fox Gardening Flowers Coloring Page,fox gardening flowers — a free printable coloring page from Tiny Animal Worlds. Download now!,https://tinyanimalworlds.com/coloring/fox-gardening-flowers-an,Garden Coloring Pages
public/pinterest/day10/garden-tea-party.jpg,Garden Tea Party Coloring Page,garden tea party — a free printable coloring page from Tiny Animal Worlds. Download now!,https://tinyanimalworlds.com/coloring/garden-tea-party,Tea Party Coloring Pages
public/pinterest/day10/cute-fox-lantern-festival-colo.jpg,Cute Fox Lantern Festival Coloring Page,Free printable cute fox lantern festival. A cozy coloring page for all ages. Download JPG now!,https://tinyanimalworlds.com/coloring/cute-fox-lantern-festival-colo,Cozy Coloring Pages
public/pinterest/day10/rainy-window-with-books.jpg,Rainy Window With Books Coloring Page,Cozy coloring page with rainy window with books. Print at home and start coloring for free!,https://tinyanimalworlds.com/coloring/rainy-window-with-books,Rainy Day Coloring Pages
public/pinterest/day11/squirrel-acorn-village.jpg,Squirrel Acorn Village Coloring Page,Free JPG coloring page: squirrel acorn village. Great for creative fun and relaxation.,https://tinyanimalworlds.com/coloring/squirrel-acorn-village,Tiny Animal Worlds
public/pinterest/day11/cute-squirrel-acorn-caf-color.jpg,Cute Squirrel Acorn Cafe Color Coloring Page,"Printable coloring page featuring cute squirrel acorn cafe color. Download, print, and color today!",https://tinyanimalworlds.com/coloring/cute-squirrel-acorn-caf-color,Cute Animal Coloring Pages
public/pinterest/day11/cute-duck-ice-cream-stand-colo.jpg,Cute Duck Ice Cream Stand Colo Coloring Page,Cozy coloring page with cute duck ice cream stand colo. Print at home and start coloring for free!,https://tinyanimalworlds.com/coloring/cute-duck-ice-cream-stand-colo,Kawaii Coloring Pages
public/pinterest/day11/countryside-farmhouse.jpg,Countryside Farmhouse Coloring Page,countryside farmhouse — a free printable coloring page from Tiny Animal Worlds. Download now!,https://tinyanimalworlds.com/coloring/countryside-farmhouse,Cottagecore Coloring
public/pinterest/day11/croissant-baking-day.jpg,Croissant Baking Day Coloring Page,Adorable printable coloring page: croissant baking day. Relax and enjoy this cozy scene today.,https://tinyanimalworlds.com/coloring/croissant-baking-day,Bakery Coloring Pages
public/pinterest/day11/library-ladder-scene.jpg,Library Ladder Scene Coloring Page,Download this free coloring page of library ladder scene. High-quality JPG for all ages.,https://tinyanimalworlds.com/coloring/library-ladder-scene,Bookstore Coloring Pages
public/pinterest/day11/frog-herb-garden.jpg,Frog Herb Garden Coloring Page,Cozy coloring page with frog herb garden. Print at home and start coloring for free!,https://tinyanimalworlds.com/coloring/frog-herb-garden,Garden Coloring Pages
public/pinterest/day11/vintage-tea-set-display.jpg,Vintage Tea Set Display Coloring Page,"Printable coloring page featuring vintage tea set display. Download, print, and color today!",https://tinyanimalworlds.com/coloring/vintage-tea-set-display,Tea Party Coloring Pages
public/pinterest/day11/cute-frog-countryside-market-c.jpg,Cute Frog Countryside Market C Coloring Page,"Printable coloring page featuring cute frog countryside market c. Download, print, and color today!",https://tinyanimalworlds.com/coloring/cute-frog-countryside-market-c,Cozy Coloring Pages
public/pinterest/day11/umbrella-street-scene.jpg,Umbrella Street Scene Coloring Page,umbrella street scene — a free printable coloring page from Tiny Animal Worlds. Download now!,https://tinyanimalworlds.com/coloring/umbrella-street-scene,Rainy Day Coloring Pages
day12/tiny-bear-coffee-shop.jpg,Tiny Bear Coffee Shop Coloring Page,"Download this free printable tiny bear coffee shop coloring page! Perfect for kids and adults who love cute, cozy coloring scenes. High-quality JPG download.",https://tinyanimalworlds.com/coloring/tiny-bear-coffee-shop,Tiny Animal Worlds
day12/hedgehog-enchanted-forest.jpg,Hedgehog Enchanted Forest Coloring Page,"Download this free printable hedgehog enchanted forest coloring page! Perfect for kids and adults who love cute, cozy coloring scenes. High-quality JPG download.",https://tinyanimalworlds.com/coloring/hedgehog-enchanted-forest,Cute Animal Coloring Pages
day12/magic-bunny-wizard-cottage.jpg,Magic Bunny Wizard Cottage Coloring Page,"Download this free printable magic bunny wizard cottage coloring page! Perfect for kids and adults who love cute, cozy coloring scenes. High-quality JPG download.",https://tinyanimalworlds.com/coloring/magic-bunny-wizard-cottage,Kawaii Coloring Pages
day12/picnic-with-woodla.jpg,Picnic With Woodla Coloring Page,"Download this free printable picnic with woodla coloring page! Perfect for kids and adults who love cute, cozy coloring scenes. High-quality JPG download.",https://tinyanimalworlds.com/coloring/picnic-with-woodla,Cottagecore Coloring
day12/squirrel-baking-cupcakes.jpg,Squirrel Baking Cupcakes Coloring Page,"Download this free printable squirrel baking cupcakes coloring page! Perfect for kids and adults who love cute, cozy coloring scenes. High-quality JPG download.",https://tinyanimalworlds.com/coloring/squirrel-baking-cupcakes,Bakery Coloring Pages
day12/raccoon-bookstore-owner.jpg,Raccoon Bookstore Owner Coloring Page,"Download this free printable raccoon bookstore owner coloring page! Perfect for kids and adults who love cute, cozy coloring scenes. High-quality JPG download.",https://tinyanimalworlds.com/coloring/raccoon-bookstore-owner,Bookstore Coloring Pages
day12/bunny-garden-cotta.jpg,Bunny Garden Cotta Coloring Page,"Download this free printable bunny garden cotta coloring page! Perfect for kids and adults who love cute, cozy coloring scenes. High-quality JPG download.",https://tinyanimalworlds.com/coloring/bunny-garden-cotta,Garden Coloring Pages
day12/hamster-tea-party-kawaii.jpg,Hamster Tea Party Kawaii Coloring Page,"Download this free printable hamster tea party kawaii coloring page! Perfect for kids and adults who love cute, cozy coloring scenes. High-quality JPG download.",https://tinyanimalworlds.com/coloring/hamster-tea-party-kawaii,Tea Party Coloring Pages
day12/cozy-backyard-picnic-blanket.jpg,Cozy Backyard Picnic Blanket Coloring Page,"Download this free printable cozy backyard picnic blanket coloring page. Perfect for kids and adults who love cozy, relaxing coloring scenes with cute, aesthetic summer vibes. High-quality JPG download ready to print.",https://tinyanimalworlds.com/coloring/cozy-backyard-picnic-blanket,Cozy Coloring Pages
day12/duck-rain-boots-adventure.jpg,Duck Rain Boots Adventure Coloring Page,"Download this free printable duck rain boots adventure coloring page! Perfect for kids and adults who love cute, cozy coloring scenes. High-quality JPG download.",https://tinyanimalworlds.com/coloring/duck-rain-boots-adventure,Rainy Day Coloring Pages
day13/mushroom-kingdom-tiny.jpg,Mushroom Kingdom Tiny Coloring Page,"Download this free printable mushroom kingdom tiny coloring page! Perfect for kids and adults who love cute, cozy coloring scenes. High-quality JPG download.",https://tinyanimalworlds.com/coloring/mushroom-kingdom-tiny,Tiny Animal Worlds
day13/cat-lavender-cottage.jpg,Cat Lavender Cottage Coloring Page,"Download this free printable cat lavender cottage coloring page! Perfect for kids and adults who love cute, cozy coloring scenes. High-quality JPG download.",https://tinyanimalworlds.com/coloring/cat-lavender-cottage,Cute Animal Coloring Pages
day13/bedroom-with-fairy-lights.jpg,Bedroom With Fairy Lights Coloring Page,"Download this free printable bedroom with fairy lights coloring page! Perfect for kids and adults who love cute, cozy coloring scenes. High-quality JPG download.",https://tinyanimalworlds.com/coloring/bedroom-with-fairy-lights,Kawaii Coloring Pages
day13/countryside-bakery.jpg,Countryside Bakery Coloring Page,"Download this free printable countryside bakery coloring page! Perfect for kids and adults who love cute, cozy coloring scenes. High-quality JPG download.",https://tinyanimalworlds.com/coloring/countryside-bakery,Cottagecore Coloring
day13/bakery-kitchen-cakes-co.jpg,Bakery Kitchen Cakes Co Coloring Page,"Download this free printable bakery kitchen cakes co coloring page! Perfect for kids and adults who love cute, cozy coloring scenes. High-quality JPG download.",https://tinyanimalworlds.com/coloring/bakery-kitchen-cakes-co,Bakery Coloring Pages
day13/reading-nook-under.jpg,Reading Nook Under Coloring Page,"Download this free printable reading nook under coloring page! Perfect for kids and adults who love cute, cozy coloring scenes. High-quality JPG download.",https://tinyanimalworlds.com/coloring/reading-nook-under,Bookstore Coloring Pages
day13/flower-market-vin.jpg,Flower Market Vin Coloring Page,"Download this free printable flower market vin coloring page! Perfect for kids and adults who love cute, cozy coloring scenes. High-quality JPG download.",https://tinyanimalworlds.com/coloring/flower-market-vin,Garden Coloring Pages
day13/panda-tea-time-in-rain.jpg,Panda Tea Time In Rain Coloring Page,"Download this free printable panda tea time in rain coloring page! Perfect for kids and adults who love cute, cozy coloring scenes. High-quality JPG download.",https://tinyanimalworlds.com/coloring/panda-tea-time-in-rain,Tea Party Coloring Pages
day13/cozy-backyard-firefly-evening.jpg,Cozy Backyard Firefly Evening Coloring Page,"Download this free printable cozy backyard firefly evening coloring page. Perfect for kids and adults who love cozy, relaxing coloring scenes with cute, aesthetic summer vibes. High-quality JPG download ready to print.",https://tinyanimalworlds.com/coloring/cozy-backyard-firefly-evening,Cozy Coloring Pages
day13/window-seat-during-rain.jpg,Window Seat During Rain Coloring Page,"Download this free printable window seat during rain coloring page! Perfect for kids and adults who love cute, cozy coloring scenes. High-quality JPG download.",https://tinyanimalworlds.com/coloring/window-seat-during-rain,Rainy Day Coloring Pages
day14/cozy-summer-garden-bench.jpg,Cozy Summer Garden Bench Coloring Page,"Download this free printable cozy summer garden bench coloring page. Perfect for kids and adults who love cozy, relaxing coloring scenes with cute, aesthetic garden vibes. High-quality JPG download ready to print.",https://tinyanimalworlds.com/coloring/cozy-summer-garden-bench,Garden Coloring Pages
day14/woodland-train-station.jpg,Woodland Train Station Coloring Page,"Download this free printable woodland train station coloring page! Perfect for kids and adults who love cute, cozy coloring scenes. High-quality JPG download.",https://tinyanimalworlds.com/coloring/woodland-train-station,Rainy Day Coloring Pages
day14/bear-coffee-shop-cute-be.jpg,Bear Coffee Shop Cute Be Coloring Page,"Download this free printable bear coffee shop cute be coloring page! Perfect for kids and adults who love cute, cozy coloring scenes. High-quality JPG download.",https://tinyanimalworlds.com/coloring/bear-coffee-shop-cute-be,Cute Animal Coloring Pages
day14/garden-reading-corner-fl.jpg,Garden Reading Corner Fl Coloring Page,"Download this free printable garden reading corner fl coloring page! Perfect for kids and adults who love cute, cozy coloring scenes. High-quality JPG download.",https://tinyanimalworlds.com/coloring/garden-reading-corner-fl,Bookstore Coloring Pages
day14/tiny-mouse-cheese-cafe.jpg,Tiny Mouse Cheese Cafe Coloring Page,"Download this free printable tiny mouse cheese cafe coloring page! Perfect for kids and adults who love cute, cozy coloring scenes. High-quality JPG download.",https://tinyanimalworlds.com/coloring/tiny-mouse-cheese-cafe,Tiny Animal Worlds
day14/cozy-summer-hammock-nap.jpg,Cozy Summer Hammock Nap Coloring Page,"Download this free printable cozy summer hammock nap coloring page. Perfect for kids and adults who love cozy, relaxing coloring scenes with cute, aesthetic summer vibes. High-quality JPG download ready to print.",https://tinyanimalworlds.com/coloring/cozy-summer-hammock-nap,Cozy Coloring Pages
day14/dragon-bakery-village.jpg,Dragon Bakery Village Coloring Page,"Download this free printable dragon bakery village coloring page! Perfect for kids and adults who love cute, cozy coloring scenes. High-quality JPG download.",https://tinyanimalworlds.com/coloring/dragon-bakery-village,Kawaii Coloring Pages
day14/tea-room-filled-with-flow.jpg,Tea Room Filled With Flow Coloring Page,"Download this free printable tea room filled with flow coloring page! Perfect for kids and adults who love cute, cozy coloring scenes. High-quality JPG download.",https://tinyanimalworlds.com/coloring/tea-room-filled-with-flow,Tea Party Coloring Pages
day14/cozy-sunset-picnic-by-lake.jpg,Cozy Sunset Picnic By Lake Coloring Page,"Download this free printable cozy sunset picnic by lake coloring page. Perfect for kids and adults who love cozy, relaxing coloring scenes with cute, aesthetic summer vibes. High-quality JPG download ready to print.",https://tinyanimalworlds.com/coloring/cozy-sunset-picnic-by-lake,Cottagecore Coloring
day14/fox-wizard-cottage-ma.jpg,Fox Wizard Cottage Ma Coloring Page,"Download this free printable fox wizard cottage ma coloring page! Perfect for kids and adults who love cute, cozy coloring scenes. High-quality JPG download.",https://tinyanimalworlds.com/coloring/fox-wizard-cottage-ma,Bakery Coloring Pages

"Tiny Cat Driving a Bookmobile Coloring Page","https://tinyanimalworlds.com/pinterest/day15/tiny-cat-driving-a-bookmobile.jpg?v=a4daea72","Tiny Animal Worlds","Download this free printable tiny-cat-driving-a-bookmobile coloring page! Perfect for kids and adults who love cute, cozy coloring scenes. High-quality JPG download.","https://tinyanimalworlds.com/coloring/tiny-cat-driving-a-bookmobile"
"Cute Frog Playing Guitar At Wo Coloring Page","https://tinyanimalworlds.com/pinterest/day15/cute-frog-playing-guitar-at-wo.jpg?v=a4daea72","Cute Animal Coloring Pages","Download this free printable cute frog playing guitar at wo coloring page. Perfect for kids and adults who love cute, cozy animal scenes with adorable woodland vibes. High-quality JPG download ready to print.","https://tinyanimalworlds.com/coloring/cute-frog-playing-guitar-at-wo"
"Kawaii-sleepover Coloring Page","https://tinyanimalworlds.com/pinterest/day15/kawaii-sleepover.jpg?v=a4daea72","Kawaii Coloring Pages","Download this free printable kawaii-sleepover coloring page! Perfect for kids and adults who love cute, cozy coloring scenes. High-quality SVG download.","https://tinyanimalworlds.com/coloring/kawaii-sleepover"
"Cute Bunny Relaxing On Garden Coloring Page","https://tinyanimalworlds.com/pinterest/day15/cute-bunny-relaxing-on-garden.jpg?v=a4daea72","Cottagecore Coloring","Download this free printable cute bunny relaxing on garden coloring page. Perfect for kids and adults who love cute, cozy animal scenes with adorable woodland vibes. High-quality JPG download ready to print.","https://tinyanimalworlds.com/coloring/cute-bunny-relaxing-on-garden"
"bear baking with friends Coloring Page","https://tinyanimalworlds.com/pinterest/day15/bear-baking-with-friends.jpg?v=a4daea72","Bakery Coloring Pages","Download this free printable bear-baking-with-friends coloring page! Perfect for kids and adults who love cute, cozy coloring scenes. High-quality JPG download.","https://tinyanimalworlds.com/coloring/bear-baking-with-friends"
"Cute Deer Browsing Books In Wo Coloring Page","https://tinyanimalworlds.com/pinterest/day15/cute-deer-browsing-books-in-wo.jpg?v=a4daea72","Bookstore Coloring Pages","Download this free printable cute deer browsing books in wo coloring page. Perfect for kids and adults who love cute, cozy animal scenes with adorable woodland vibes. High-quality JPG download ready to print.","https://tinyanimalworlds.com/coloring/cute-deer-browsing-books-in-wo"
"Cute Hamster Arranging Flowers Coloring Page","https://tinyanimalworlds.com/pinterest/day15/cute-hamster-arranging-flowers.jpg?v=a4daea72","Garden Coloring Pages","Download this free printable cute hamster arranging flowers coloring page. Perfect for kids and adults who love cute, cozy animal scenes with adorable woodland vibes. High-quality JPG download ready to print.","https://tinyanimalworlds.com/coloring/cute-hamster-arranging-flowers"
"Cute Hamster Having Tea In Flo Coloring Page","https://tinyanimalworlds.com/pinterest/day15/cute-hamster-having-tea-in-flo.jpg?v=a4daea72","Tea Party Coloring Pages","Download this free printable cute hamster having tea in flo coloring page. Perfect for kids and adults who love cute, cozy animal scenes with adorable woodland vibes. High-quality JPG download ready to print.","https://tinyanimalworlds.com/coloring/cute-hamster-having-tea-in-flo"
"Cozy Summer Treehouse Hideout Coloring Page","https://tinyanimalworlds.com/pinterest/day15/cozy-summer-treehouse-hideout.jpg?v=a4daea72","Cozy Coloring Pages","Download this free printable cozy summer treehouse hideout coloring page. Perfect for kids and adults who love cozy, relaxing coloring scenes with cute, aesthetic summer vibes. High-quality JPG download ready to print.","https://tinyanimalworlds.com/coloring/cozy-summer-treehouse-hideout"
"Cozy Window Seat On Rainy Day Coloring Page","https://tinyanimalworlds.com/pinterest/day15/cozy-window-seat-on-rainy-day.jpg?v=a4daea72","Rainy Day Coloring Pages","Download this free printable cozy window seat on rainy day coloring page. Perfect for kids and adults who love cozy, relaxing coloring scenes with cute, aesthetic interiors. High-quality JPG download ready to print.","https://tinyanimalworlds.com/coloring/cozy-window-seat-on-rainy-day"
"Tiny Hamster Organizing Magica Coloring Page","https://tinyanimalworlds.com/pinterest/day16/tiny-hamster-organizing-magica.jpg?v=a4daea72","Tiny Animal Worlds","Download this free printable tiny hamster organizing magica coloring page. Perfect for kids and adults who love cute, cozy tiny animal scenes with adorable woodland vibes. High-quality JPG download ready to print.","https://tinyanimalworlds.com/coloring/tiny-hamster-organizing-magica"
"Mouse Dessert Buffet Coloring Page","https://tinyanimalworlds.com/pinterest/day16/mouse-dessert-buffet.jpg?v=a4daea72","Cute Animal Coloring Pages","Download this free printable mouse dessert buffet coloring page. Perfect for kids and adults who love cute, cozy mouse tea party scenes with adorable animal vibes. High-quality JPG download ready to print.","https://tinyanimalworlds.com/coloring/mouse-dessert-buffet"
"Kawaii-animal-friends Coloring Page","https://tinyanimalworlds.com/pinterest/day16/kawaii-animal-friends.jpg?v=a4daea72","Kawaii Coloring Pages","Download this free printable kawaii-animal-friends coloring page! Perfect for kids and adults who love cute, cozy coloring scenes. High-quality SVG download.","https://tinyanimalworlds.com/coloring/kawaii-animal-friends"
"Mouse Garden Tea Party Coloring Page","https://tinyanimalworlds.com/pinterest/day16/mouse-garden-tea-party.jpg?v=a4daea72","Cottagecore Coloring","Download this free printable mouse garden tea party coloring page. Perfect for kids and adults who love cute, cozy mouse tea party scenes with adorable animal vibes. High-quality JPG download ready to print.","https://tinyanimalworlds.com/coloring/mouse-garden-tea-party"
"Mouse Serving Cupcakes Coloring Page","https://tinyanimalworlds.com/pinterest/day16/mouse-serving-cupcakes.jpg?v=a4daea72","Bakery Coloring Pages","Download this free printable mouse serving cupcakes coloring page. Perfect for kids and adults who love cute, cozy mouse tea party scenes with adorable animal vibes. High-quality JPG download ready to print.","https://tinyanimalworlds.com/coloring/mouse-serving-cupcakes"
"Hedgehog Reading In Garden Coloring Page","https://tinyanimalworlds.com/pinterest/day16/hedgehog-reading-in-garden.jpg?v=a4daea72","Bookstore Coloring Pages","Download this free printable hedgehog reading in garden coloring page. Perfect for kids and adults who love cute, cozy hedgehog garden scenes with adorable animal vibes. High-quality JPG download ready to print.","https://tinyanimalworlds.com/coloring/hedgehog-reading-in-garden"
"Mouse Flower Tea Table Coloring Page","https://tinyanimalworlds.com/pinterest/day16/mouse-flower-tea-table.jpg?v=a4daea72","Garden Coloring Pages","Download this free printable mouse flower tea table coloring page. Perfect for kids and adults who love cute, cozy mouse tea party scenes with adorable animal vibes. High-quality JPG download ready to print.","https://tinyanimalworlds.com/coloring/mouse-flower-tea-table"
"Mouse Tea Party Under Lanterns Coloring Page","https://tinyanimalworlds.com/pinterest/day16/mouse-tea-party-under-lanterns.jpg?v=a4daea72","Tea Party Coloring Pages","Download this free printable mouse tea party under lanterns coloring page. Perfect for kids and adults who love cute, cozy mouse tea party scenes with adorable animal vibes. High-quality JPG download ready to print.","https://tinyanimalworlds.com/coloring/mouse-tea-party-under-lanterns"
"Cozy Backyard Watermelon Picni Coloring Page","https://tinyanimalworlds.com/pinterest/day16/cozy-backyard-watermelon-picni.jpg?v=a4daea72","Cozy Coloring Pages","Download this free printable cozy backyard watermelon picni coloring page. Perfect for kids and adults who love cozy, relaxing coloring scenes with cute, aesthetic summer vibes. High-quality JPG download ready to print.","https://tinyanimalworlds.com/coloring/cozy-backyard-watermelon-picni"
"Cute Bear Inside Snowy Cabin Coloring Page","https://tinyanimalworlds.com/pinterest/day16/cute-bear-inside-snowy-cabin.jpg?v=a4daea72","Rainy Day Coloring Pages","Download this free printable cute bear inside snowy cabin coloring page. Perfect for kids and adults who love cute, cozy animal scenes with adorable woodland vibes. High-quality JPG download ready to print.","https://tinyanimalworlds.com/coloring/cute-bear-inside-snowy-cabin"
"Tiny Raccoon Building Wooden T Coloring Page","https://tinyanimalworlds.com/pinterest/day17/tiny-raccoon-building-wooden-t.jpg?v=a4daea72","Tiny Animal Worlds","Download this free printable tiny raccoon building wooden t coloring page. Perfect for kids and adults who love cute, cozy tiny animal scenes with adorable woodland vibes. High-quality JPG download ready to print.","https://tinyanimalworlds.com/coloring/tiny-raccoon-building-wooden-t"
"Mouse Woodland Celebration Coloring Page","https://tinyanimalworlds.com/pinterest/day17/mouse-woodland-celebration.jpg?v=a4daea72","Cute Animal Coloring Pages","Download this free printable mouse woodland celebration coloring page. Perfect for kids and adults who love cute, cozy mouse tea party scenes with adorable animal vibes. High-quality JPG download ready to print.","https://tinyanimalworlds.com/coloring/mouse-woodland-celebration"
"Cat Reading Books Kawaii Coloring Page","https://tinyanimalworlds.com/pinterest/day17/cat-reading-books-kawaii.jpg?v=a4daea72","Kawaii Coloring Pages","Download this free printable cat reading books kawaii coloring page! Perfect for kids and adults who love cute, cozy coloring scenes. High-quality JPG download.","https://tinyanimalworlds.com/coloring/cat-reading-books-kawaii"
"Cozy Lake Cabin Weekend Coloring Page","https://tinyanimalworlds.com/pinterest/day17/cozy-lake-cabin-weekend.jpg?v=a4daea72","Cottagecore Coloring","Download this free printable cozy lake cabin weekend coloring page. Perfect for kids and adults who love cozy, relaxing coloring scenes with cute, aesthetic summer vibes. High-quality JPG download ready to print.","https://tinyanimalworlds.com/coloring/cozy-lake-cabin-weekend"
"Mouse Decorating Cake Coloring Page","https://tinyanimalworlds.com/pinterest/day17/mouse-decorating-cake.jpg?v=a4daea72","Bakery Coloring Pages","Download this free printable mouse decorating cake coloring page. Perfect for kids and adults who love cute, cozy mouse tea party scenes with adorable animal vibes. High-quality JPG download ready to print.","https://tinyanimalworlds.com/coloring/mouse-decorating-cake"
"Fox Coffee Shop Reading Corner Coloring Page","https://tinyanimalworlds.com/pinterest/day17/fox-coffee-shop-reading-corner.jpg?v=a4daea72","Bookstore Coloring Pages","Download this free printable fox coffee shop reading corner coloring page. Perfect for kids and adults who love cozy, relaxing coloring scenes with cute, aesthetic bookstore and reading vibes. High-quality JPG download ready to print.","https://tinyanimalworlds.com/coloring/fox-coffee-shop-reading-corner"
"Tiny Mole Arranging Flowers Fo Coloring Page","https://tinyanimalworlds.com/pinterest/day17/tiny-mole-arranging-flowers-fo.jpg?v=a4daea72","Garden Coloring Pages","Download this free printable tiny mole arranging flowers fo coloring page. Perfect for kids and adults who love cute, cozy tiny animal scenes with adorable woodland vibes. High-quality JPG download ready to print.","https://tinyanimalworlds.com/coloring/tiny-mole-arranging-flowers-fo"
"Mouse Pouring Tea Coloring Page","https://tinyanimalworlds.com/pinterest/day17/mouse-pouring-tea.jpg?v=a4daea72","Tea Party Coloring Pages","Download this free printable mouse pouring tea coloring page. Perfect for kids and adults who love cute, cozy mouse tea party scenes with adorable animal vibes. High-quality JPG download ready to print.","https://tinyanimalworlds.com/coloring/mouse-pouring-tea"
"Cozy Forest Camping Spot Coloring Page","https://tinyanimalworlds.com/pinterest/day17/cozy-forest-camping-spot.jpg?v=a4daea72","Cozy Coloring Pages","Download this free printable cozy forest camping spot coloring page. Perfect for kids and adults who love cozy, relaxing coloring scenes with cute, aesthetic summer vibes. High-quality JPG download ready to print.","https://tinyanimalworlds.com/coloring/cozy-forest-camping-spot"
"Cozy Winter Blanket Room Coloring Page","https://tinyanimalworlds.com/pinterest/day17/cozy-winter-blanket-room.jpg?v=a4daea72","Rainy Day Coloring Pages","Download this free printable cozy winter blanket room coloring page. Perfect for kids and adults who love cozy, relaxing coloring scenes with cute, aesthetic interiors. High-quality JPG download ready to print.","https://tinyanimalworlds.com/coloring/cozy-winter-blanket-room"
"Tiny Otter Baking Comet Shaped Coloring Page","https://tinyanimalworlds.com/pinterest/day18/tiny-otter-baking-comet-shaped.jpg?v=6f6579fe","Tiny Animal Worlds","Download this free printable tiny otter baking comet shaped coloring page. Perfect for kids and adults who love cute, cozy tiny animal scenes with adorable woodland vibes. High-quality JPG download ready to print.","https://tinyanimalworlds.com/coloring/tiny-otter-baking-comet-shaped"
"Mouse Tea Party With Friends Coloring Page","https://tinyanimalworlds.com/pinterest/day18/mouse-tea-party-with-friends.jpg?v=6f6579fe","Cute Animal Coloring Pages","Download this free printable mouse tea party with friends coloring page. Perfect for kids and adults who love cute, cozy mouse tea party scenes with adorable animal vibes. High-quality JPG download ready to print.","https://tinyanimalworlds.com/coloring/mouse-tea-party-with-friends"
"Kawaii-sweets-shop Coloring Page","https://tinyanimalworlds.com/pinterest/day18/kawaii-sweets-shop.jpg?v=6f6579fe","Kawaii Coloring Pages","Download this free printable kawaii-sweets-shop coloring page! Perfect for kids and adults who love cute, cozy coloring scenes. High-quality SVG download.","https://tinyanimalworlds.com/coloring/kawaii-sweets-shop"
"Hedgehog Cottage Garden Coloring Page","https://tinyanimalworlds.com/pinterest/day18/hedgehog-cottage-garden.jpg?v=6f6579fe","Cottagecore Coloring","Download this free printable hedgehog cottage garden coloring page. Perfect for kids and adults who love cute, cozy hedgehog garden scenes with adorable animal vibes. High-quality JPG download ready to print.","https://tinyanimalworlds.com/coloring/hedgehog-cottage-garden"
"Mouse Cookie Baking Scene Coloring Page","https://tinyanimalworlds.com/pinterest/day18/mouse-cookie-baking-scene.jpg?v=6f6579fe","Bakery Coloring Pages","Download this free printable mouse cookie baking scene coloring page. Perfect for kids and adults who love cute, cozy mouse tea party scenes with adorable animal vibes. High-quality JPG download ready to print.","https://tinyanimalworlds.com/coloring/mouse-cookie-baking-scene"
"Cute Fox Reading Beside Firepl Coloring Page","https://tinyanimalworlds.com/pinterest/day18/cute-fox-reading-beside-firepl.jpg?v=6f6579fe","Bookstore Coloring Pages","Download this free printable cute fox reading beside firepl coloring page. Perfect for kids and adults who love cute, cozy animal scenes with adorable woodland vibes. High-quality JPG download ready to print.","https://tinyanimalworlds.com/coloring/cute-fox-reading-beside-firepl"
"Mouse Flower Cafe Scene Coloring Page","https://tinyanimalworlds.com/pinterest/day18/mouse-flower-cafe-scene.jpg?v=6f6579fe","Garden Coloring Pages","Download this free printable mouse flower cafe scene coloring page. Perfect for kids and adults who love cute, cozy mouse tea party scenes with adorable animal vibes. High-quality JPG download ready to print.","https://tinyanimalworlds.com/coloring/mouse-flower-cafe-scene"
"Cute Cat Having Tea In Flower Coloring Page","https://tinyanimalworlds.com/pinterest/day18/cute-cat-having-tea-in-flower.jpg?v=6f6579fe","Tea Party Coloring Pages","Download this free printable cute cat having tea in flower coloring page. Perfect for kids and adults who love cute, cozy animal scenes with adorable woodland vibes. High-quality JPG download ready to print.","https://tinyanimalworlds.com/coloring/cute-cat-having-tea-in-flower"
"Cozy Lakeside Hammock Retreat Coloring Page","https://tinyanimalworlds.com/pinterest/day18/cozy-lakeside-hammock-retreat.jpg?v=6f6579fe","Cozy Coloring Pages","Download this free printable cozy lakeside hammock retreat coloring page. Perfect for kids and adults who love cozy, relaxing coloring scenes with cute, aesthetic summer vibes. High-quality JPG download ready to print.","https://tinyanimalworlds.com/coloring/cozy-lakeside-hammock-retreat"
Mouse Cottage Tea Room Coloring Page,https://tinyanimalworlds.com/pinterest/day19/mouse-cottage-tea-room.jpg?v=d4c7746c,Tiny Animal Worlds,"Download this free printable mouse cottage tea room coloring page coloring page. Perfect for kids and adults who love cute, cozy coloring scenes. High-quality JPG download ready to print.",https://tinyanimalworlds.com/coloring/mouse-cottage-tea-room
Deer Cottage Porch Swing Coloring Page,https://tinyanimalworlds.com/pinterest/day19/deer-cottage-porch-swing.jpg?v=d4c7746c,Cute Animal Coloring Pages,"Download this free printable deer cottage porch swing coloring page coloring page. Perfect for kids and adults who love cute, cozy coloring scenes. High-quality JPG download ready to print.",https://tinyanimalworlds.com/coloring/deer-cottage-porch-swing
Hedgehog Flower Fence Scene Coloring Page,https://tinyanimalworlds.com/pinterest/day19/hedgehog-flower-fence-scene.jpg?v=d4c7746c,Kawaii Coloring Pages,"Download this free printable hedgehog flower fence scene coloring page coloring page. Perfect for kids and adults who love cute, cozy coloring scenes. High-quality JPG download ready to print.",https://tinyanimalworlds.com/coloring/hedgehog-flower-fence-scene
Panda Cottage Picnic Coloring Page,https://tinyanimalworlds.com/pinterest/day19/panda-cottage-picnic.jpg?v=d4c7746c,Cottagecore Coloring,"Download this free printable panda cottage picnic coloring page coloring page. Perfect for kids and adults who love cute, cozy coloring scenes. High-quality JPG download ready to print.",https://tinyanimalworlds.com/coloring/panda-cottage-picnic
Bear Baking Cookies Prin Coloring Page,https://tinyanimalworlds.com/pinterest/day19/bear-baking-cookies-prin.jpg?v=d4c7746c,Bakery Coloring Pages,"Download this free printable bear baking cookies prin coloring page coloring page. Perfect for kids and adults who love cute, cozy coloring scenes. High-quality JPG download ready to print.",https://tinyanimalworlds.com/coloring/bear-baking-cookies-prin
Fox Library Window Seat Coloring Page,https://tinyanimalworlds.com/pinterest/day19/fox-library-window-seat.jpg?v=d4c7746c,Bookstore Coloring Pages,"Download this free printable fox library window seat coloring page coloring page. Perfect for kids and adults who love cute, cozy coloring scenes. High-quality JPG download ready to print.",https://tinyanimalworlds.com/coloring/fox-library-window-seat
Bunny Mushroom Cottage Coloring Page,https://tinyanimalworlds.com/pinterest/day19/bunny-mushroom-cottage.jpg?v=d4c7746c,Garden Coloring Pages,"Download this free printable bunny mushroom cottage coloring page coloring page. Perfect for kids and adults who love cute, cozy coloring scenes. High-quality JPG download ready to print.",https://tinyanimalworlds.com/coloring/bunny-mushroom-cottage
Tiny Frog Living in a Floating Coloring Page,https://tinyanimalworlds.com/pinterest/day19/tiny-frog-living-in-a-floating.jpg?v=d4c7746c,Tea Party Coloring Pages,"Download this free printable tiny frog living in a floating coloring page coloring page. Perfect for kids and adults who love cute, cozy coloring scenes. High-quality JPG download ready to print.",https://tinyanimalworlds.com/coloring/tiny-frog-living-in-a-floating
Tiny Squirrel Hosting an Acorn Coloring Page,https://tinyanimalworlds.com/pinterest/day19/tiny-squirrel-hosting-an-acorn.jpg?v=d4c7746c,Cozy Coloring Pages,"Download this free printable tiny squirrel hosting an acorn coloring page coloring page. Perfect for kids and adults who love cute, cozy coloring scenes. High-quality JPG download ready to print.",https://tinyanimalworlds.com/coloring/tiny-squirrel-hosting-an-acorn
Duck Wearing Rain Boots Coloring Page,https://tinyanimalworlds.com/pinterest/day19/duck-wearing-rain-boots.jpg?v=d4c7746c,Rainy Day Coloring Pages,"Download this free printable duck wearing rain boots coloring page coloring page. Perfect for kids and adults who love cute, cozy coloring scenes. High-quality JPG download ready to print.",https://tinyanimalworlds.com/coloring/duck-wearing-rain-boots
Otter Family Riverside Picnic Coloring Page,https://tinyanimalworlds.com/pinterest/day20/otter-family-riverside-picnic.jpg?v=4bf7a189,Cute Animal Coloring Pages,Download this free printable otter family riverside picnic coloring page. Perfect for kids and adults who love cute otter coloring scenes. High-quality JPG download ready to print.,https://tinyanimalworlds.com/coloring/otter-family-riverside-picnic
Otter Gardening Beside Cottage Coloring Page,https://tinyanimalworlds.com/pinterest/day20/otter-gardening-beside-cottage.jpg?v=4bf7a189,Garden Coloring Pages,Download this free printable otter gardening beside cottage coloring page. Perfect for kids and adults who love cute otter coloring scenes. High-quality JPG download ready to print.,https://tinyanimalworlds.com/coloring/otter-gardening-beside-cottage
Otter Blanket and Book Scene Coloring Page,https://tinyanimalworlds.com/pinterest/day20/otter-blanket-and-book-scene.jpg?v=4bf7a189,Bookstore Coloring Pages,Download this free printable otter blanket and book scene coloring page. Perfect for kids and adults who love cute otter coloring scenes. High-quality JPG download ready to print.,https://tinyanimalworlds.com/coloring/otter-blanket-and-book-scene
Otter Flower Bridge Crossing Coloring Page,https://tinyanimalworlds.com/pinterest/day20/otter-flower-bridge-crossing.jpg?v=4bf7a189,Garden Coloring Pages,Download this free printable otter flower bridge crossing coloring page. Perfect for kids and adults who love cute otter coloring scenes. High-quality JPG download ready to print.,https://tinyanimalworlds.com/coloring/otter-flower-bridge-crossing
Otter Riverside Bakery Visit Coloring Page,https://tinyanimalworlds.com/pinterest/day20/otter-riverside-bakery-visit.jpg?v=4bf7a189,Cozy Coloring Pages,Download this free printable otter riverside bakery visit coloring page. Perfect for kids and adults who love cute otter coloring scenes. High-quality JPG download ready to print.,https://tinyanimalworlds.com/coloring/otter-riverside-bakery-visit
Otter Lantern Evening Scene Coloring Page,https://tinyanimalworlds.com/pinterest/day20/otter-lantern-evening-scene.jpg?v=4bf7a189,Cute Animal Coloring Pages,Download this free printable otter lantern evening scene coloring page. Perfect for kids and adults who love cute otter coloring scenes. High-quality JPG download ready to print.,https://tinyanimalworlds.com/coloring/otter-lantern-evening-scene
Otter Fishing Dock Scene Coloring Page,https://tinyanimalworlds.com/pinterest/day20/otter-fishing-dock-scene.jpg?v=4bf7a189,Cute Animal Coloring Pages,Download this free printable otter fishing dock scene coloring page. Perfect for kids and adults who love cute otter coloring scenes. High-quality JPG download ready to print.,https://tinyanimalworlds.com/coloring/otter-fishing-dock-scene
Otter Decorating Riverside Cottage Coloring Page,https://tinyanimalworlds.com/pinterest/day20/otter-decorating-riverside-cot.jpg?v=4bf7a189,Cute Animal Coloring Pages,Download this free printable otter decorating riverside cottage coloring page. Perfect for kids and adults who love cute otter coloring scenes. High-quality JPG download ready to print.,https://tinyanimalworlds.com/coloring/otter-decorating-riverside-cot
Otter Woodland Pathway Walk Coloring Page,https://tinyanimalworlds.com/pinterest/day20/otter-woodland-pathway-walk.jpg?v=4bf7a189,Cute Animal Coloring Pages,Download this free printable otter woodland pathway walk coloring page. Perfect for kids and adults who love cute otter coloring scenes. High-quality JPG download ready to print.,https://tinyanimalworlds.com/coloring/otter-woodland-pathway-walk
Otter Cottage Porch Scene Coloring Page,https://tinyanimalworlds.com/pinterest/day20/otter-cottage-porch-scene.jpg?v=4bf7a189,Cottagecore Coloring,Download this free printable otter cottage porch scene coloring page. Perfect for kids and adults who love cute otter coloring scenes. High-quality JPG download ready to print.,https://tinyanimalworlds.com/coloring/otter-cottage-porch-scene
Grand Otter Riverside Festival Coloring Page,https://tinyanimalworlds.com/pinterest/day20/grand-otter-riverside-festival.jpg?v=4bf7a189,Cute Animal Coloring Pages,Download this free printable grand otter riverside festival coloring page. Perfect for kids and adults who love cute otter coloring scenes. High-quality JPG download ready to print.,https://tinyanimalworlds.com/coloring/grand-otter-riverside-festival
Otter Reading Under Tree Coloring Page,https://tinyanimalworlds.com/pinterest/day20/otter-reading-under-tree.jpg?v=4bf7a189,Bookstore Coloring Pages,Download this free printable otter reading under tree coloring page. Perfect for kids and adults who love cute otter coloring scenes. High-quality JPG download ready to print.,https://tinyanimalworlds.com/coloring/otter-reading-under-tree
Otter Riverside Tea Table Coloring Page,https://tinyanimalworlds.com/pinterest/day20/otter-riverside-tea-table.jpg?v=4bf7a189,Tea Party Coloring Pages,Download this free printable otter riverside tea table coloring page. Perfect for kids and adults who love cute otter coloring scenes. High-quality JPG download ready to print.,https://tinyanimalworlds.com/coloring/otter-riverside-tea-table
Otter Relaxing in Hammock Coloring Page,https://tinyanimalworlds.com/pinterest/day20/otter-relaxing-in-hammock.jpg?v=4bf7a189,Cute Animal Coloring Pages,Download this free printable otter relaxing in hammock coloring page. Perfect for kids and adults who love cute otter coloring scenes. High-quality JPG download ready to print.,https://tinyanimalworlds.com/coloring/otter-relaxing-in-hammock
Otter Picnic Beside River Coloring Page,https://tinyanimalworlds.com/pinterest/day20/otter-picnic-beside-river.jpg?v=4bf7a189,Cute Animal Coloring Pages,Download this free printable otter picnic beside river coloring page. Perfect for kids and adults who love cute otter coloring scenes. High-quality JPG download ready to print.,https://tinyanimalworlds.com/coloring/otter-picnic-beside-river
Otter Flower Garden Scene Coloring Page,https://tinyanimalworlds.com/pinterest/day20/otter-flower-garden-scene.jpg?v=4bf7a189,Garden Coloring Pages,Download this free printable otter flower garden scene coloring page. Perfect for kids and adults who love cute otter coloring scenes. High-quality JPG download ready to print.,https://tinyanimalworlds.com/coloring/otter-flower-garden-scene
Otter Carrying Fish Basket Coloring Page,https://tinyanimalworlds.com/pinterest/day20/otter-carrying-fish-basket.jpg?v=4bf7a189,Cute Animal Coloring Pages,Download this free printable otter carrying fish basket coloring page. Perfect for kids and adults who love cute otter coloring scenes. High-quality JPG download ready to print.,https://tinyanimalworlds.com/coloring/otter-carrying-fish-basket
Otter Rowing Small Boat Coloring Page,https://tinyanimalworlds.com/pinterest/day20/otter-rowing-small-boat.jpg?v=4bf7a189,Cute Animal Coloring Pages,Download this free printable otter rowing small boat coloring page. Perfect for kids and adults who love cute otter coloring scenes. High-quality JPG download ready to print.,https://tinyanimalworlds.com/coloring/otter-rowing-small-boat
Otter Riverside Cottage Coloring Page,https://tinyanimalworlds.com/pinterest/day20/otter-riverside-cottage.jpg?v=4bf7a189,Cottagecore Coloring,Download this free printable otter riverside cottage coloring page. Perfect for kids and adults who love cute otter coloring scenes. High-quality JPG download ready to print.,https://tinyanimalworlds.com/coloring/otter-riverside-cottage
Otter Fishing By Riverbank Coloring Page,https://tinyanimalworlds.com/pinterest/day20/otter-fishing-by-riverbank.jpg?v=4bf7a189,Cute Animal Coloring Pages,Download this free printable otter fishing by riverbank coloring page. Perfect for kids and adults who love cute otter coloring scenes. High-quality JPG download ready to print.,https://tinyanimalworlds.com/coloring/otter-fishing-by-riverbank
Otter Drinking Tea on Dock Coloring Page,https://tinyanimalworlds.com/pinterest/day20/otter-drinking-tea-on-dock.jpg?v=4bf7a189,Tea Party Coloring Pages,Download this free printable otter drinking tea on dock coloring page. Perfect for kids and adults who love cute otter coloring scenes. High-quality JPG download ready to print.,https://tinyanimalworlds.com/coloring/otter-drinking-tea-on-dock
Panoramic Otter Riverside Village Coloring Page,https://tinyanimalworlds.com/pinterest/day20/panoramic-otter-riverside-vill.jpg?v=4bf7a189,Cute Animal Coloring Pages,Download this free printable panoramic otter riverside village coloring page. Perfect for kids and adults who love cute otter coloring scenes. High-quality JPG download ready to print.,https://tinyanimalworlds.com/coloring/panoramic-otter-riverside-vill
Otter Reading Beside River Coloring Page,https://tinyanimalworlds.com/pinterest/day20/otter-reading-beside-river.jpg?v=4bf7a189,Bookstore Coloring Pages,Download this free printable otter reading beside river coloring page. Perfect for kids and adults who love cute otter coloring scenes. High-quality JPG download ready to print.,https://tinyanimalworlds.com/coloring/otter-reading-beside-river
Otter Sunset Dock Scene Coloring Page,https://tinyanimalworlds.com/pinterest/day20/otter-sunset-dock-scene.jpg?v=4bf7a189,Cute Animal Coloring Pages,Download this free printable otter sunset dock scene coloring page. Perfect for kids and adults who love cute otter coloring scenes. High-quality JPG download ready to print.,https://tinyanimalworlds.com/coloring/otter-sunset-dock-scene
Otter Cozy Riverside Market Coloring Page,https://tinyanimalworlds.com/pinterest/day20/otter-cozy-riverside-market.jpg?v=4bf7a189,Cozy Coloring Pages,Download this free printable otter cozy riverside market coloring page. Perfect for kids and adults who love cute otter coloring scenes. High-quality JPG download ready to print.,https://tinyanimalworlds.com/coloring/otter-cozy-riverside-market
Otter Woodland Celebration Coloring Page,https://tinyanimalworlds.com/pinterest/day20/otter-woodland-celebration.jpg?v=4bf7a189,Cute Animal Coloring Pages,Download this free printable otter woodland celebration coloring page. Perfect for kids and adults who love cute otter coloring scenes. High-quality JPG download ready to print.,https://tinyanimalworlds.com/coloring/otter-woodland-celebration
Otter Flower Cart Scene Coloring Page,https://tinyanimalworlds.com/pinterest/day20/otter-flower-cart-scene.jpg?v=4bf7a189,Garden Coloring Pages,Download this free printable otter flower cart scene coloring page. Perfect for kids and adults who love cute otter coloring scenes. High-quality JPG download ready to print.,https://tinyanimalworlds.com/coloring/otter-flower-cart-scene
Otter Cottage Window Reading Coloring Page,https://tinyanimalworlds.com/pinterest/day20/otter-cottage-window-reading.jpg?v=4bf7a189,Bookstore Coloring Pages,Download this free printable otter cottage window reading coloring page. Perfect for kids and adults who love cute otter coloring scenes. High-quality JPG download ready to print.,https://tinyanimalworlds.com/coloring/otter-cottage-window-reading
Otter River Boat Adventure Coloring Page,https://tinyanimalworlds.com/pinterest/day20/otter-river-boat-adventure.jpg?v=4bf7a189,Cute Animal Coloring Pages,Download this free printable otter river boat adventure coloring page. Perfect for kids and adults who love cute otter coloring scenes. High-quality JPG download ready to print.,https://tinyanimalworlds.com/coloring/otter-river-boat-adventure
Otter Tea Party Scene Coloring Page,https://tinyanimalworlds.com/pinterest/day20/otter-tea-party-scene.jpg?v=4bf7a189,Tea Party Coloring Pages,Download this free printable otter tea party scene coloring page. Perfect for kids and adults who love cute otter coloring scenes. High-quality JPG download ready to print.,https://tinyanimalworlds.com/coloring/otter-tea-party-scene
