title,description,destination_link,media_url,board_name
Cute Frog Fishing Village Coloring Page,"Free printable coloring page featuring cute frog fishing village. Download and print instantly at Tiny Animal Worlds.",https://tinyanimalworlds.com/coloring/cute-frog-fishing-village-colo,https://tinyanimalworlds.com/pinterest/cute-frog-fishing-village-colo.jpg,Tiny Animal Worlds
Cute Squirrel Tea Party Coloring Page,"Cute coloring page of cute squirrel tea party. Perfect for kids and adults — free JPG download!",https://tinyanimalworlds.com/coloring/cute-squirrel-tea-party-colori,https://tinyanimalworlds.com/pinterest/cute-squirrel-tea-party-colori.jpg,Tea Party Coloring Pages
Cute Cat Flower Greenhouse Coloring Page,"Adorable printable coloring page: cute cat flower greenhouse. Relax and enjoy this cozy scene today.",https://tinyanimalworlds.com/coloring/cute-cat-flower-greenhouse-col,https://tinyanimalworlds.com/pinterest/cute-cat-flower-greenhouse-col.jpg,Garden Coloring Pages
Cute Hamster Sewing Cottage Coloring Page,"Download this free coloring page of cute hamster sewing cottage. High-quality JPG for all ages.",https://tinyanimalworlds.com/coloring/cute-hamster-sewing-cottage-co,https://tinyanimalworlds.com/pinterest/cute-hamster-sewing-cottage-co.jpg,Cottagecore Coloring
Cute Fox Village Florist Coloring Page,"Cozy coloring page with cute fox village florist. Print at home and start coloring for free!",https://tinyanimalworlds.com/coloring/cute-fox-village-florist-color,https://tinyanimalworlds.com/pinterest/cute-fox-village-florist-color.jpg,Tiny Animal Worlds
Cute Rabbit Book Club Coloring Page,"cute rabbit book club — a free printable coloring page from Tiny Animal Worlds. Download now!",https://tinyanimalworlds.com/coloring/cute-rabbit-book-club,https://tinyanimalworlds.com/pinterest/cute-rabbit-book-club.jpg,Bookstore Coloring Pages
Cute Otter Riverside Cottage Coloring Page,"Free JPG coloring page: cute otter riverside cottage. Great for creative fun and relaxation.",https://tinyanimalworlds.com/coloring/cute-otter-riverside-cottage-c,https://tinyanimalworlds.com/pinterest/cute-otter-riverside-cottage-c.jpg,Cottagecore Coloring
Cute Rabbit Winter Cabin Coloring Page,"Printable coloring page featuring cute rabbit winter cabin. Download, print, and color today!",https://tinyanimalworlds.com/coloring/cute-rabbit-winter-cabin-color,https://tinyanimalworlds.com/pinterest/cute-rabbit-winter-cabin-color.jpg,Cottagecore Coloring
Cute Mouse Lantern Festival Coloring Page,"Free download: cute mouse lantern festival coloring page. Cute, cozy, and ready to print.",https://tinyanimalworlds.com/coloring/cute-mouse-lantern-festival-co,https://tinyanimalworlds.com/pinterest/cute-mouse-lantern-festival-co.jpg,Kawaii Coloring Pages
Cute Mouse Sewing Room Coloring Page,"Coloring page of cute mouse sewing room. Free printable JPG — perfect for kids, teens, and adults.",https://tinyanimalworlds.com/coloring/cute-mouse-sewing-room-colorin,https://tinyanimalworlds.com/pinterest/cute-mouse-sewing-room-colorin.jpg,Kawaii Coloring Pages
Cute Duck Bakery Cottage Coloring Page,"Relaxing coloring page: cute duck bakery cottage. Download this free printable at Tiny Animal Worlds.",https://tinyanimalworlds.com/coloring/cute-duck-bakery-cottage-color,https://tinyanimalworlds.com/pinterest/cute-duck-bakery-cottage-color.jpg,Bakery Coloring Pages
Cute Squirrel Treehouse Coloring Page,"Free printable cute squirrel treehouse. A cozy coloring page for all ages. Download JPG now!",https://tinyanimalworlds.com/coloring/cute-squirrel-treehouse-colori,https://tinyanimalworlds.com/pinterest/cute-squirrel-treehouse-colori.jpg,Kawaii Coloring Pages
Cute Bear Apple Orchard Coloring Page,"Free printable coloring page featuring cute bear apple orchard. Download and print instantly at Tiny Animal Worlds.",https://tinyanimalworlds.com/coloring/cute-bear-apple-orchard-colori,https://tinyanimalworlds.com/pinterest/cute-bear-apple-orchard-colori.jpg,Kawaii Coloring Pages
Cute Fox Lantern Festival Coloring Page,"Cute coloring page of cute fox lantern festival. Perfect for kids and adults — free JPG download!",https://tinyanimalworlds.com/coloring/cute-fox-lantern-festival-colo,https://tinyanimalworlds.com/pinterest/cute-fox-lantern-festival-colo.jpg,Kawaii Coloring Pages
Cute Frog Countryside Market Coloring Page,"Adorable printable coloring page: cute frog countryside market. Relax and enjoy this cozy scene today.",https://tinyanimalworlds.com/coloring/cute-frog-countryside-market-c,https://tinyanimalworlds.com/pinterest/cute-frog-countryside-market-c.jpg,Kawaii Coloring Pages
Cute Penguin Ice Cream Shop Coloring Page,"Download this free coloring page of cute penguin ice cream shop. High-quality JPG for all ages.",https://tinyanimalworlds.com/coloring/cute-penguin-ice-cream-shop-co,https://tinyanimalworlds.com/pinterest/cute-penguin-ice-cream-shop-co.jpg,Kawaii Coloring Pages
Cute Bunny Fairy Garden Coloring Page,"Cozy coloring page with cute bunny fairy garden. Print at home and start coloring for free!",https://tinyanimalworlds.com/coloring/cute-bunny-fairy-garden-colori,https://tinyanimalworlds.com/pinterest/cute-bunny-fairy-garden-colori.jpg,Garden Coloring Pages
Cute Duck Bakery Wagon Coloring Page,"cute duck bakery wagon — a free printable coloring page from Tiny Animal Worlds. Download now!",https://tinyanimalworlds.com/coloring/cute-duck-bakery-wagon-colorin,https://tinyanimalworlds.com/pinterest/cute-duck-bakery-wagon-colorin.jpg,Bakery Coloring Pages
Cute Bear Honey Shop Coloring Page,"Free JPG coloring page: cute bear honey shop. Great for creative fun and relaxation.",https://tinyanimalworlds.com/coloring/cute-bear-honey-shop,https://tinyanimalworlds.com/pinterest/cute-bear-honey-shop.jpg,Kawaii Coloring Pages
Cute Squirrel Riverside Cafe Coloring Page,"Printable coloring page featuring cute squirrel riverside cafe. Download, print, and color today!",https://tinyanimalworlds.com/coloring/cute-squirrel-riverside-caf-c,https://tinyanimalworlds.com/pinterest/cute-squirrel-riverside-caf-c.jpg,Kawaii Coloring Pages
Cute Animal Fantasy Village Coloring Page,"Free download: cute animal fantasy village coloring page. Cute, cozy, and ready to print.",https://tinyanimalworlds.com/coloring/cute-animal-fantasy-village-co,https://tinyanimalworlds.com/pinterest/cute-animal-fantasy-village-co.jpg,Fantasy Coloring Pages
Cute Animal Village Coloring Page,"Coloring page of cute animal village. Free printable JPG — perfect for kids, teens, and adults.",https://tinyanimalworlds.com/coloring/cute-animal-village,https://tinyanimalworlds.com/pinterest/cute-animal-village.jpg,Tiny Animal Worlds
Cute Cat Bookshop Coloring Page,"Relaxing coloring page: cute cat bookshop. Download this free printable at Tiny Animal Worlds.",https://tinyanimalworlds.com/coloring/cute-cat-bookshop,https://tinyanimalworlds.com/pinterest/cute-cat-bookshop.jpg,Bookstore Coloring Pages
Cute Hamster Candy Cart Coloring Page,"Free printable cute hamster candy cart. A cozy coloring page for all ages. Download JPG now!",https://tinyanimalworlds.com/coloring/cute-hamster-candy-cart-colori,https://tinyanimalworlds.com/pinterest/cute-hamster-candy-cart-colori.jpg,Kawaii Coloring Pages
Cute Bunny Strawberry Farm Coloring Page,"Free printable coloring page featuring cute bunny strawberry farm. Download and print instantly at Tiny Animal Worlds.",https://tinyanimalworlds.com/coloring/cute-bunny-strawberry-farm-col,https://tinyanimalworlds.com/pinterest/cute-bunny-strawberry-farm-col.jpg,Kawaii Coloring Pages
Cute Hamster Candy House Coloring Page,"Cute coloring page of cute hamster candy house. Perfect for kids and adults — free JPG download!",https://tinyanimalworlds.com/coloring/cute-hamster-candy-house-color,https://tinyanimalworlds.com/pinterest/cute-hamster-candy-house-color.jpg,Kawaii Coloring Pages
Cute Cat Knitting Room Coloring Page,"Adorable printable coloring page: cute cat knitting room. Relax and enjoy this cozy scene today.",https://tinyanimalworlds.com/coloring/cute-cat-knitting-room-colorin,https://tinyanimalworlds.com/pinterest/cute-cat-knitting-room-colorin.jpg,Kawaii Coloring Pages
Cute Fox Tea Cottage Coloring Page,"Download this free coloring page of cute fox tea cottage. High-quality JPG for all ages.",https://tinyanimalworlds.com/coloring/cute-fox-tea-cottage,https://tinyanimalworlds.com/pinterest/cute-fox-tea-cottage.jpg,Tea Party Coloring Pages
Cute Frog Flower Market Coloring Page,"Cozy coloring page with cute frog flower market. Print at home and start coloring for free!",https://tinyanimalworlds.com/coloring/cute-frog-flower-market-colori,https://tinyanimalworlds.com/pinterest/cute-frog-flower-market-colori.jpg,Garden Coloring Pages
Cute Mouse Moonlight Garden Coloring Page,"cute mouse moonlight garden — a free printable coloring page from Tiny Animal Worlds. Download now!",https://tinyanimalworlds.com/coloring/cute-mouse-moonlight-garden-co,https://tinyanimalworlds.com/pinterest/cute-mouse-moonlight-garden-co.jpg,Garden Coloring Pages
Cute Fox Bookstore Coloring Page,"Free JPG coloring page: cute fox bookstore. Great for creative fun and relaxation.",https://tinyanimalworlds.com/coloring/cute-fox-bookstore,https://tinyanimalworlds.com/pinterest/cute-fox-bookstore.jpg,Bookstore Coloring Pages
Cute Rabbit Village Bakery Coloring Page,"Printable coloring page featuring cute rabbit village bakery. Download, print, and color today!",https://tinyanimalworlds.com/coloring/cute-rabbit-village-bakery-col,https://tinyanimalworlds.com/pinterest/cute-rabbit-village-bakery-col.jpg,Bakery Coloring Pages
Cute Deer Forest Library Coloring Page,"Free download: cute deer forest library coloring page. Cute, cozy, and ready to print.",https://tinyanimalworlds.com/coloring/cute-deer-forest-library-color,https://tinyanimalworlds.com/pinterest/cute-deer-forest-library-color.jpg,Bookstore Coloring Pages
Cute Duck Flower Greenhouse Coloring Page,"Coloring page of cute duck flower greenhouse. Free printable JPG — perfect for kids, teens, and adults.",https://tinyanimalworlds.com/coloring/cute-duck-flower-greenhouse-co,https://tinyanimalworlds.com/pinterest/cute-duck-flower-greenhouse-co.jpg,Garden Coloring Pages
Cute Penguin Snow Cafe Coloring Page,"Relaxing coloring page: cute penguin snow cafe. Download this free printable at Tiny Animal Worlds.",https://tinyanimalworlds.com/coloring/cute-penguin-snow-caf-colorin,https://tinyanimalworlds.com/pinterest/cute-penguin-snow-caf-colorin.jpg,Christmas Coloring Pages
Cute Raccoon Candy Shop Coloring Page,"Free printable cute raccoon candy shop. A cozy coloring page for all ages. Download JPG now!",https://tinyanimalworlds.com/coloring/cute-raccoon-candy-shop-colori,https://tinyanimalworlds.com/pinterest/cute-raccoon-candy-shop-colori.jpg,Kawaii Coloring Pages
Cute Squirrel Acorn Cafe Coloring Page,"Free printable coloring page featuring cute squirrel acorn cafe. Download and print instantly at Tiny Animal Worlds.",https://tinyanimalworlds.com/coloring/cute-squirrel-acorn-caf-color,https://tinyanimalworlds.com/pinterest/cute-squirrel-acorn-caf-color.jpg,Kawaii Coloring Pages
Cute Squirrel Village Square Coloring Page,"Cute coloring page of cute squirrel village square. Perfect for kids and adults — free JPG download!",https://tinyanimalworlds.com/coloring/cute-squirrel-village-square-c,https://tinyanimalworlds.com/pinterest/cute-squirrel-village-square-c.jpg,Tiny Animal Worlds
Cute Bear Reading Nook Coloring Page,"Adorable printable coloring page: cute bear reading nook. Relax and enjoy this cozy scene today.",https://tinyanimalworlds.com/coloring/cute-bear-reading-nook-colorin,https://tinyanimalworlds.com/pinterest/cute-bear-reading-nook-colorin.jpg,Bookstore Coloring Pages
Cute Bunny Cottage Coloring Page,"Download this free coloring page of cute bunny cottage. High-quality JPG for all ages.",https://tinyanimalworlds.com/coloring/cute-bunny-cottage,https://tinyanimalworlds.com/pinterest/cute-bunny-cottage.jpg,Cottagecore Coloring
Cute Hedgehog Pumpkin Farm Coloring Page,"Cozy coloring page with cute hedgehog pumpkin farm. Print at home and start coloring for free!",https://tinyanimalworlds.com/coloring/cute-hedgehog-pumpkin-farm-col,https://tinyanimalworlds.com/pinterest/cute-hedgehog-pumpkin-farm-col.jpg,Kawaii Coloring Pages
Cute Otter Tea House Coloring Page,"cute otter tea house — a free printable coloring page from Tiny Animal Worlds. Download now!",https://tinyanimalworlds.com/coloring/cute-otter-tea-house,https://tinyanimalworlds.com/pinterest/cute-otter-tea-house.jpg,Tea Party Coloring Pages
Cute Hamster Toy Shop Coloring Page,"Free JPG coloring page: cute hamster toy shop. Great for creative fun and relaxation.",https://tinyanimalworlds.com/coloring/cute-hamster-toy-shop,https://tinyanimalworlds.com/pinterest/cute-hamster-toy-shop.jpg,Kawaii Coloring Pages
Cute Squirrel Woodland Library Coloring Page,"Printable coloring page featuring cute squirrel woodland library. Download, print, and color today!",https://tinyanimalworlds.com/coloring/cute-squirrel-woodland-library,https://tinyanimalworlds.com/pinterest/cute-squirrel-woodland-library.jpg,Bookstore Coloring Pages
Cute Frog Flower Bakery Coloring Page,"Free download: cute frog flower bakery coloring page. Cute, cozy, and ready to print.",https://tinyanimalworlds.com/coloring/cute-frog-flower-bakery-colori,https://tinyanimalworlds.com/pinterest/cute-frog-flower-bakery-colori.jpg,Bakery Coloring Pages
Cute Hedgehog Garden Coloring Page,"Coloring page of cute hedgehog garden. Free printable JPG — perfect for kids, teens, and adults.",https://tinyanimalworlds.com/coloring/cute-hedgehog-garden,https://tinyanimalworlds.com/pinterest/cute-hedgehog-garden.jpg,Garden Coloring Pages
Cute Duck Flower Shop Coloring Page,"Relaxing coloring page: cute duck flower shop. Download this free printable at Tiny Animal Worlds.",https://tinyanimalworlds.com/coloring/cute-duck-flower-shop,https://tinyanimalworlds.com/pinterest/cute-duck-flower-shop.jpg,Garden Coloring Pages
Cute Fox Forest Bookstore Coloring Page,"Free printable cute fox forest bookstore. A cozy coloring page for all ages. Download JPG now!",https://tinyanimalworlds.com/coloring/cute-fox-forest-bookstore-colo,https://tinyanimalworlds.com/pinterest/cute-fox-forest-bookstore-colo.jpg,Bookstore Coloring Pages
Cute Bunny Strawberry Cafe Coloring Page,"Free printable coloring page featuring cute bunny strawberry cafe. Download and print instantly at Tiny Animal Worlds.",https://tinyanimalworlds.com/coloring/cute-bunny-strawberry-caf-col,https://tinyanimalworlds.com/pinterest/cute-bunny-strawberry-caf-col.jpg,Kawaii Coloring Pages
Cute Mouse Bakery Coloring Page,"Cute coloring page of cute mouse bakery. Perfect for kids and adults — free JPG download!",https://tinyanimalworlds.com/coloring/cute-mouse-bakery,https://tinyanimalworlds.com/pinterest/cute-mouse-bakery.jpg,Bakery Coloring Pages
Cute Mouse Fairy Cottage Coloring Page,"Adorable printable coloring page: cute mouse fairy cottage. Relax and enjoy this cozy scene today.",https://tinyanimalworlds.com/coloring/cute-mouse-fairy-cottage-color,https://tinyanimalworlds.com/pinterest/cute-mouse-fairy-cottage-color.jpg,Cottagecore Coloring
Cute Unicorn Fairy Forest Coloring Page,"Download this free coloring page of cute unicorn fairy forest. High-quality JPG for all ages.",https://tinyanimalworlds.com/coloring/cute-unicorn-fairy-forest-colo,https://tinyanimalworlds.com/pinterest/cute-unicorn-fairy-forest-colo.jpg,Fantasy Coloring Pages
Cute Duck Ice Cream Stand Coloring Page,"Cozy coloring page with cute duck ice cream stand. Print at home and start coloring for free!",https://tinyanimalworlds.com/coloring/cute-duck-ice-cream-stand-colo,https://tinyanimalworlds.com/pinterest/cute-duck-ice-cream-stand-colo.jpg,Kawaii Coloring Pages
Cute Penguin Winter Wonderland Coloring Page,"cute penguin winter wonderland — a free printable coloring page from Tiny Animal Worlds. Download now!",https://tinyanimalworlds.com/coloring/cute-penguin-winter-wonderland,https://tinyanimalworlds.com/pinterest/cute-penguin-winter-wonderland.jpg,Kawaii Coloring Pages
Cute Bear Winter Cabin Coloring Page,"Free JPG coloring page: cute bear winter cabin. Great for creative fun and relaxation.",https://tinyanimalworlds.com/coloring/cute-bear-winter-cabin-colorin,https://tinyanimalworlds.com/pinterest/cute-bear-winter-cabin-colorin.jpg,Cottagecore Coloring
Cute Cat Greenhouse Coloring Page,"Printable coloring page featuring cute cat greenhouse. Download, print, and color today!",https://tinyanimalworlds.com/coloring/cute-cat-greenhouse,https://tinyanimalworlds.com/pinterest/cute-cat-greenhouse.jpg,Garden Coloring Pages
Cute Hamster Bookstore Coloring Page,"Free download: cute hamster bookstore coloring page. Cute, cozy, and ready to print.",https://tinyanimalworlds.com/coloring/cute-hamster-bookstore-colorin,https://tinyanimalworlds.com/pinterest/cute-hamster-bookstore-colorin.jpg,Bookstore Coloring Pages
Cute Squirrel Lantern Shop Coloring Page,"Coloring page of cute squirrel lantern shop. Free printable JPG — perfect for kids, teens, and adults.",https://tinyanimalworlds.com/coloring/cute-squirrel-lantern-shop-col,https://tinyanimalworlds.com/pinterest/cute-squirrel-lantern-shop-col.jpg,Kawaii Coloring Pages
Cute Bear Honey Farm Coloring Page,"Relaxing coloring page: cute bear honey farm. Download this free printable at Tiny Animal Worlds.",https://tinyanimalworlds.com/coloring/cute-bear-honey-farm,https://tinyanimalworlds.com/pinterest/cute-bear-honey-farm.jpg,Kawaii Coloring Pages
Cute Cat Caf Coloring Page,"Free printable cute cat caf. A cozy coloring page for all ages. Download JPG now!",https://tinyanimalworlds.com/coloring/cute-cat-caf,https://tinyanimalworlds.com/pinterest/cute-cat-caf.jpg,Kawaii Coloring Pages
Cute Fox Mushroom House Coloring Page,"Free printable coloring page featuring cute fox mushroom house. Download and print instantly at Tiny Animal Worlds.",https://tinyanimalworlds.com/coloring/cute-fox-mushroom-house-colori,https://tinyanimalworlds.com/pinterest/cute-fox-mushroom-house-colori.jpg,Kawaii Coloring Pages
Cute Hamster Bakery Truck Coloring Page,"Cute coloring page of cute hamster bakery truck. Perfect for kids and adults — free JPG download!",https://tinyanimalworlds.com/coloring/cute-hamster-bakery-truck-colo,https://tinyanimalworlds.com/pinterest/cute-hamster-bakery-truck-colo.jpg,Bakery Coloring Pages
Cute Rabbit Flower Cottage Coloring Page,"Adorable printable coloring page: cute rabbit flower cottage. Relax and enjoy this cozy scene today.",https://tinyanimalworlds.com/coloring/cute-rabbit-flower-cottage-col,https://tinyanimalworlds.com/pinterest/cute-rabbit-flower-cottage-col.jpg,Garden Coloring Pages
Cute Rabbit Tea Party Coloring Page,"Download this free coloring page of cute rabbit tea party. High-quality JPG for all ages.",https://tinyanimalworlds.com/coloring/cute-rabbit-tea-party,https://tinyanimalworlds.com/pinterest/cute-rabbit-tea-party.jpg,Tea Party Coloring Pages
Cute Duck Rainy Day Cafe Coloring Page,"Cozy coloring page with cute duck rainy day cafe. Print at home and start coloring for free!",https://tinyanimalworlds.com/coloring/cute-duck-rainy-day-caf-color,https://tinyanimalworlds.com/pinterest/cute-duck-rainy-day-caf-color.jpg,Rainy Day Coloring Pages
Cute Fox Stargazing Camp Coloring Page,"cute fox stargazing camp — a free printable coloring page from Tiny Animal Worlds. Download now!",https://tinyanimalworlds.com/coloring/cute-fox-stargazing-camp-color,https://tinyanimalworlds.com/pinterest/cute-fox-stargazing-camp-color.jpg,Kawaii Coloring Pages
Cute Fox Book Caf Coloring Page,"Free JPG coloring page: cute fox book caf. Great for creative fun and relaxation.",https://tinyanimalworlds.com/coloring/cute-fox-book-caf,https://tinyanimalworlds.com/pinterest/cute-fox-book-caf.jpg,Bookstore Coloring Pages
Cute Frog Bakery Coloring Page,"Printable coloring page featuring cute frog bakery. Download, print, and color today!",https://tinyanimalworlds.com/coloring/cute-frog-bakery,https://tinyanimalworlds.com/pinterest/cute-frog-bakery.jpg,Bakery Coloring Pages
Cute Duck Lakeside Picnic Coloring Page,"Free download: cute duck lakeside picnic coloring page. Cute, cozy, and ready to print.",https://tinyanimalworlds.com/coloring/cute-duck-lakeside-picnic-colo,https://tinyanimalworlds.com/pinterest/cute-duck-lakeside-picnic-colo.jpg,Kawaii Coloring Pages
Cute Mouse Toy Workshop Coloring Page,"Coloring page of cute mouse toy workshop. Free printable JPG — perfect for kids, teens, and adults.",https://tinyanimalworlds.com/coloring/cute-mouse-toy-workshop-colori,https://tinyanimalworlds.com/pinterest/cute-mouse-toy-workshop-colori.jpg,Kawaii Coloring Pages
Cute Cat Rain Window Coloring Page,"Relaxing coloring page: cute cat rain window. Download this free printable at Tiny Animal Worlds.",https://tinyanimalworlds.com/coloring/cute-cat-rain-window,https://tinyanimalworlds.com/pinterest/cute-cat-rain-window.jpg,Rainy Day Coloring Pages
Cute Squirrel Cookie Shop Coloring Page,"Free printable cute squirrel cookie shop. A cozy coloring page for all ages. Download JPG now!",https://tinyanimalworlds.com/coloring/cute-squirrel-cookie-shop-colo,https://tinyanimalworlds.com/pinterest/cute-squirrel-cookie-shop-colo.jpg,Bakery Coloring Pages
Cute Bear Berry Farm Coloring Page,"Free printable coloring page featuring cute bear berry farm. Download and print instantly at Tiny Animal Worlds.",https://tinyanimalworlds.com/coloring/cute-bear-berry-farm,https://tinyanimalworlds.com/pinterest/cute-bear-berry-farm.jpg,Kawaii Coloring Pages
Cute Bunny Knitting Club Coloring Page,"Cute coloring page of cute bunny knitting club. Perfect for kids and adults — free JPG download!",https://tinyanimalworlds.com/coloring/cute-bunny-knitting-club-color,https://tinyanimalworlds.com/pinterest/cute-bunny-knitting-club-color.jpg,Kawaii Coloring Pages
Cute Penguin Bakery Coloring Page,"Adorable printable coloring page: cute penguin bakery. Relax and enjoy this cozy scene today.",https://tinyanimalworlds.com/coloring/cute-penguin-bakery,https://tinyanimalworlds.com/pinterest/cute-penguin-bakery.jpg,Bakery Coloring Pages
Cute Frog Mushroom Village Coloring Page,"Download this free coloring page of cute frog mushroom village. High-quality JPG for all ages.",https://tinyanimalworlds.com/coloring/cute-frog-mushroom-village-col,https://tinyanimalworlds.com/pinterest/cute-frog-mushroom-village-col.jpg,Tiny Animal Worlds
Cute Fox Autumn Cottage Coloring Page,"Cozy coloring page with cute fox autumn cottage. Print at home and start coloring for free!",https://tinyanimalworlds.com/coloring/cute-fox-autumn-cottage-colori,https://tinyanimalworlds.com/pinterest/cute-fox-autumn-cottage-colori.jpg,Cottagecore Coloring
Cute Bunny Picnic Party Coloring Page,"cute bunny picnic party — a free printable coloring page from Tiny Animal Worlds. Download now!",https://tinyanimalworlds.com/coloring/cute-bunny-picnic-party-colori,https://tinyanimalworlds.com/pinterest/cute-bunny-picnic-party-colori.jpg,Kawaii Coloring Pages
Cute Mouse Mushroom Bakery Coloring Page,"Free JPG coloring page: cute mouse mushroom bakery. Great for creative fun and relaxation.",https://tinyanimalworlds.com/coloring/cute-mouse-mushroom-bakery-col,https://tinyanimalworlds.com/pinterest/cute-mouse-mushroom-bakery-col.jpg,Bakery Coloring Pages
Cute Hedgehog Library Coloring Page,"Printable coloring page featuring cute hedgehog library. Download, print, and color today!",https://tinyanimalworlds.com/coloring/cute-hedgehog-library,https://tinyanimalworlds.com/pinterest/cute-hedgehog-library.jpg,Bookstore Coloring Pages
Cute Mouse Tea Garden Coloring Page,"Free download: cute mouse tea garden coloring page. Cute, cozy, and ready to print.",https://tinyanimalworlds.com/coloring/cute-mouse-tea-garden,https://tinyanimalworlds.com/pinterest/cute-mouse-tea-garden.jpg,Tea Party Coloring Pages
Cute Rabbit Candle Shop Coloring Page,"Coloring page of cute rabbit candle shop. Free printable JPG — perfect for kids, teens, and adults.",https://tinyanimalworlds.com/coloring/cute-rabbit-candle-shop-colori,https://tinyanimalworlds.com/pinterest/cute-rabbit-candle-shop-colori.jpg,Kawaii Coloring Pages
Cute Duck Farmer Market Coloring Page,"Relaxing coloring page: cute duck farmer market. Download this free printable at Tiny Animal Worlds.",https://tinyanimalworlds.com/coloring/cute-duck-farmer-market-colori,https://tinyanimalworlds.com/pinterest/cute-duck-farmer-market-colori.jpg,Kawaii Coloring Pages
Cute Cat Music Room Coloring Page,"Free printable cute cat music room. A cozy coloring page for all ages. Download JPG now!",https://tinyanimalworlds.com/coloring/cute-cat-music-room,https://tinyanimalworlds.com/pinterest/cute-cat-music-room.jpg,Kawaii Coloring Pages
Cute Squirrel Jam Shop Coloring Page,"Free printable coloring page featuring cute squirrel jam shop. Download and print instantly at Tiny Animal Worlds.",https://tinyanimalworlds.com/coloring/cute-squirrel-jam-shop-colorin,https://tinyanimalworlds.com/pinterest/cute-squirrel-jam-shop-colorin.jpg,Kawaii Coloring Pages
Cute Bear Fishing Cabin Coloring Page,"Cute coloring page of cute bear fishing cabin. Perfect for kids and adults — free JPG download!",https://tinyanimalworlds.com/coloring/cute-bear-fishing-cabin-colori,https://tinyanimalworlds.com/pinterest/cute-bear-fishing-cabin-colori.jpg,Cottagecore Coloring
Cute Hamster Train Station Coloring Page,"Adorable printable coloring page: cute hamster train station. Relax and enjoy this cozy scene today.",https://tinyanimalworlds.com/coloring/cute-hamster-train-station-col,https://tinyanimalworlds.com/pinterest/cute-hamster-train-station-col.jpg,Rainy Day Coloring Pages
Cute Fox Pancake Caf Coloring Page,"Download this free coloring page of cute fox pancake caf. High-quality JPG for all ages.",https://tinyanimalworlds.com/coloring/cute-fox-pancake-caf,https://tinyanimalworlds.com/pinterest/cute-fox-pancake-caf.jpg,Kawaii Coloring Pages
Cute Bunny Flower Cart Coloring Page,"Cozy coloring page with cute bunny flower cart. Print at home and start coloring for free!",https://tinyanimalworlds.com/coloring/cute-bunny-flower-cart-colorin,https://tinyanimalworlds.com/pinterest/cute-bunny-flower-cart-colorin.jpg,Garden Coloring Pages
Cute Bunny Picnic Meadow Coloring Page,"cute bunny picnic meadow — a free printable coloring page from Tiny Animal Worlds. Download now!",https://tinyanimalworlds.com/coloring/cute-bunny-picnic-meadow-color,https://tinyanimalworlds.com/pinterest/cute-bunny-picnic-meadow-color.jpg,Kawaii Coloring Pages
Cute Fox Cozy Reading Room Coloring Page,"Free JPG coloring page: cute fox cozy reading room. Great for creative fun and relaxation.",https://tinyanimalworlds.com/coloring/cute-fox-cozy-reading-room-col,https://tinyanimalworlds.com/pinterest/cute-fox-cozy-reading-room-col.jpg,Bookstore Coloring Pages
Cute Frog Post Office Coloring Page,"Printable coloring page featuring cute frog post office. Download, print, and color today!",https://tinyanimalworlds.com/coloring/cute-frog-post-office,https://tinyanimalworlds.com/pinterest/cute-frog-post-office.jpg,Kawaii Coloring Pages
Cute Bear Flower Wagon Coloring Page,"Free download: cute bear flower wagon coloring page. Cute, cozy, and ready to print.",https://tinyanimalworlds.com/coloring/cute-bear-flower-wagon-colorin,https://tinyanimalworlds.com/pinterest/cute-bear-flower-wagon-colorin.jpg,Garden Coloring Pages
Cute Mouse Cheese Shop Coloring Page,"Coloring page of cute mouse cheese shop. Free printable JPG — perfect for kids, teens, and adults.",https://tinyanimalworlds.com/coloring/cute-mouse-cheese-shop-colorin,https://tinyanimalworlds.com/pinterest/cute-mouse-cheese-shop-colorin.jpg,Kawaii Coloring Pages
Cute Deer Flower Meadow Coloring Page,"Relaxing coloring page: cute deer flower meadow. Download this free printable at Tiny Animal Worlds.",https://tinyanimalworlds.com/coloring/cute-deer-flower-meadow-colori,https://tinyanimalworlds.com/pinterest/cute-deer-flower-meadow-colori.jpg,Garden Coloring Pages
Cute Duck Countryside Cottage Coloring Page,"Free printable cute duck countryside cottage. A cozy coloring page for all ages. Download JPG now!",https://tinyanimalworlds.com/coloring/cute-duck-countryside-cottage,https://tinyanimalworlds.com/pinterest/cute-duck-countryside-cottage.jpg,Cottagecore Coloring
Cute Cat Cupcake Bakery Coloring Page,"Free printable coloring page featuring cute cat cupcake bakery. Download and print instantly at Tiny Animal Worlds.",https://tinyanimalworlds.com/coloring/cute-cat-cupcake-bakery-colori,https://tinyanimalworlds.com/pinterest/cute-cat-cupcake-bakery-colori.jpg,Bakery Coloring Pages
Cute Hedgehog Autumn Bakery Coloring Page,"Cute coloring page of cute hedgehog autumn bakery. Perfect for kids and adults — free JPG download!",https://tinyanimalworlds.com/coloring/cute-hedgehog-autumn-bakery-co,https://tinyanimalworlds.com/pinterest/cute-hedgehog-autumn-bakery-co.jpg,Bakery Coloring Pages
Cute Bear Camping Scene Coloring Page,"Adorable printable coloring page: cute bear camping scene. Relax and enjoy this cozy scene today.",https://tinyanimalworlds.com/coloring/cute-bear-camping-scene-colori,https://tinyanimalworlds.com/pinterest/cute-bear-camping-scene-colori.jpg,Kawaii Coloring Pages
Cute Penguin Reading Room Coloring Page,"Download this free coloring page of cute penguin reading room. High-quality JPG for all ages.",https://tinyanimalworlds.com/coloring/cute-penguin-reading-room-colo,https://tinyanimalworlds.com/pinterest/cute-penguin-reading-room-colo.jpg,Bookstore Coloring Pages
Cat Treehouse Village Coloring Page,"Cozy coloring page with cat treehouse village. Print at home and start coloring for free!",https://tinyanimalworlds.com/coloring/cat-treehouse-village,https://tinyanimalworlds.com/pinterest/cat-treehouse-village.jpg,Tiny Animal Worlds
Cat Walking Through Cozy Villa Coloring Page,"cat walking through cozy villa — a free printable coloring page from Tiny Animal Worlds. Download now!",https://tinyanimalworlds.com/coloring/cat-walking-through-cozy-villa,https://tinyanimalworlds.com/pinterest/cat-walking-through-cozy-villa.jpg,Cozy Coloring Pages
Cat Sewing Room Coloring Page,"Free JPG coloring page: cat sewing room. Great for creative fun and relaxation.",https://tinyanimalworlds.com/coloring/cat-sewing-room,https://tinyanimalworlds.com/pinterest/cat-sewing-room.jpg,Cute Animal Coloring Pages
Cat Coffee Shop With Outdoor S Coloring Page,"Printable coloring page featuring cat coffee shop with outdoor s. Download, print, and color today!",https://tinyanimalworlds.com/coloring/cat-coffee-shop-with-outdoor-s,https://tinyanimalworlds.com/pinterest/cat-coffee-shop-with-outdoor-s.jpg,Coffee Shop Coloring Pages
Cat Gardening In Backyard Coloring Page,"Free download: cat gardening in backyard coloring page. Cute, cozy, and ready to print.",https://tinyanimalworlds.com/coloring/cat-gardening-in-backyard,https://tinyanimalworlds.com/pinterest/cat-gardening-in-backyard.jpg,Garden Coloring Pages
Cat Bedroom With Blankets And Coloring Page,"Coloring page of cat bedroom with blankets and. Free printable JPG — perfect for kids, teens, and adults.",https://tinyanimalworlds.com/coloring/cat-bedroom-with-blankets-and,https://tinyanimalworlds.com/pinterest/cat-bedroom-with-blankets-and.jpg,Cozy Coloring Pages
Cat Kitchen Baking Cookies Coloring Page,"Relaxing coloring page: cat kitchen baking cookies. Download this free printable at Tiny Animal Worlds.",https://tinyanimalworlds.com/coloring/cat-kitchen-baking-cookies,https://tinyanimalworlds.com/pinterest/cat-kitchen-baking-cookies.jpg,Bakery Coloring Pages
Cat Farmers Market Coloring Page,"Free printable cat farmers market. A cozy coloring page for all ages. Download JPG now!",https://tinyanimalworlds.com/coloring/cat-farmers-market,https://tinyanimalworlds.com/pinterest/cat-farmers-market.jpg,Cozy Coloring Pages
Cat Picnic In Flower Meadow Coloring Page,"Free printable coloring page featuring cat picnic in flower meadow. Download and print instantly at Tiny Animal Worlds.",https://tinyanimalworlds.com/coloring/cat-picnic-in-flower-meadow,https://tinyanimalworlds.com/pinterest/cat-picnic-in-flower-meadow.jpg,Garden Coloring Pages
Cat Candle Shop Coloring Page,"Cute coloring page of cat candle shop. Perfect for kids and adults — free JPG download!",https://tinyanimalworlds.com/coloring/cat-candle-shop,https://tinyanimalworlds.com/pinterest/cat-candle-shop.jpg,Cozy Coloring Pages
All Village Cats Celebrating T Coloring Page,"Adorable printable coloring page: all village cats celebrating t. Relax and enjoy this cozy scene today.",https://tinyanimalworlds.com/coloring/all-village-cats-celebrating-t,https://tinyanimalworlds.com/pinterest/all-village-cats-celebrating-t.jpg,Tiny Animal Worlds
Cat Artist Studio Coloring Page,"Download this free coloring page of cat artist studio. High-quality JPG for all ages.",https://tinyanimalworlds.com/coloring/cat-artist-studio,https://tinyanimalworlds.com/pinterest/cat-artist-studio.jpg,Cute Animal Coloring Pages
Cat Library Inside Treehouse Coloring Page,"Cozy coloring page with cat library inside treehouse. Print at home and start coloring for free!",https://tinyanimalworlds.com/coloring/cat-library-inside-treehouse,https://tinyanimalworlds.com/pinterest/cat-library-inside-treehouse.jpg,Bookstore Coloring Pages
Cat Reading Under Rainy Window Coloring Page,"cat reading under rainy window — a free printable coloring page from Tiny Animal Worlds. Download now!",https://tinyanimalworlds.com/coloring/cat-reading-under-rainy-window,https://tinyanimalworlds.com/pinterest/cat-reading-under-rainy-window.jpg,Bookstore Coloring Pages
Cat Flower Shop Village Street Coloring Page,"Free JPG coloring page: cat flower shop village street. Great for creative fun and relaxation.",https://tinyanimalworlds.com/coloring/cat-flower-shop-village-street,https://tinyanimalworlds.com/pinterest/cat-flower-shop-village-street.jpg,Tiny Animal Worlds
Cat Knitting By Fireplace Coloring Page,"Printable coloring page featuring cat knitting by fireplace. Download, print, and color today!",https://tinyanimalworlds.com/coloring/cat-knitting-by-fireplace,https://tinyanimalworlds.com/pinterest/cat-knitting-by-fireplace.jpg,Cute Animal Coloring Pages
Cat Greenhouse Full Of Plants Coloring Page,"Free download: cat greenhouse full of plants coloring page. Cute, cozy, and ready to print.",https://tinyanimalworlds.com/coloring/cat-greenhouse-full-of-plants,https://tinyanimalworlds.com/pinterest/cat-greenhouse-full-of-plants.jpg,Garden Coloring Pages
Cat Tea Room With Pastries Coloring Page,"Coloring page of cat tea room with pastries. Free printable JPG — perfect for kids, teens, and adults.",https://tinyanimalworlds.com/coloring/cat-tea-room-with-pastries,https://tinyanimalworlds.com/pinterest/cat-tea-room-with-pastries.jpg,Tea Party Coloring Pages
Cat Cottage Beside Flower Gard Coloring Page,"Relaxing coloring page: cat cottage beside flower gard. Download this free printable at Tiny Animal Worlds.",https://tinyanimalworlds.com/coloring/cat-cottage-beside-flower-gard,https://tinyanimalworlds.com/pinterest/cat-cottage-beside-flower-gard.jpg,Garden Coloring Pages
Cat Bookstore With Cozy Readin Coloring Page,"Free printable cat bookstore with cozy readin. A cozy coloring page for all ages. Download JPG now!",https://tinyanimalworlds.com/coloring/cat-bookstore-with-cozy-readin,https://tinyanimalworlds.com/pinterest/cat-bookstore-with-cozy-readin.jpg,Bookstore Coloring Pages
Cat Bakery Making Bread And Cu Coloring Page,"Free printable coloring page featuring cat bakery making bread and cu. Download and print instantly at Tiny Animal Worlds.",https://tinyanimalworlds.com/coloring/cat-bakery-making-bread-and-cu,https://tinyanimalworlds.com/pinterest/cat-bakery-making-bread-and-cu.jpg,Bakery Coloring Pages
Panoramic Cat Village Scene Coloring Page,"Cute coloring page of panoramic cat village scene. Perfect for kids and adults — free JPG download!",https://tinyanimalworlds.com/coloring/panoramic-cat-village-scene,https://tinyanimalworlds.com/pinterest/panoramic-cat-village-scene.jpg,Tiny Animal Worlds
Cat Cafe With Books And Flower Coloring Page,"Adorable printable coloring page: cat cafe with books and flower. Relax and enjoy this cozy scene today.",https://tinyanimalworlds.com/coloring/cat-cafe-with-books-and-flower,https://tinyanimalworlds.com/pinterest/cat-cafe-with-books-and-flower.jpg,Bookstore Coloring Pages
Cat Bookstore Cafe Combination Coloring Page,"Download this free coloring page of cat bookstore cafe combination. High-quality JPG for all ages.",https://tinyanimalworlds.com/coloring/cat-bookstore-cafe-combination,https://tinyanimalworlds.com/pinterest/cat-bookstore-cafe-combination.jpg,Bookstore Coloring Pages
Cat Cottage By Pond Coloring Page,"Cozy coloring page with cat cottage by pond. Print at home and start coloring for free!",https://tinyanimalworlds.com/coloring/cat-cottage-by-pond,https://tinyanimalworlds.com/pinterest/cat-cottage-by-pond.jpg,Cottagecore Coloring
Cat Village Festival Coloring Page,"cat village festival — a free printable coloring page from Tiny Animal Worlds. Download now!",https://tinyanimalworlds.com/coloring/cat-village-festival,https://tinyanimalworlds.com/pinterest/cat-village-festival.jpg,Tiny Animal Worlds
Cat Sweet Shop Coloring Page,"Free JPG coloring page: cat sweet shop. Great for creative fun and relaxation.",https://tinyanimalworlds.com/coloring/cat-sweet-shop,https://tinyanimalworlds.com/pinterest/cat-sweet-shop.jpg,Cozy Coloring Pages
Cat Painting Flowers Coloring Page,"Printable coloring page featuring cat painting flowers. Download, print, and color today!",https://tinyanimalworlds.com/coloring/cat-painting-flowers,https://tinyanimalworlds.com/pinterest/cat-painting-flowers.jpg,Garden Coloring Pages
Cat Music Room Coloring Page,"Free download: cat music room coloring page. Cute, cozy, and ready to print.",https://tinyanimalworlds.com/coloring/cat-music-room,https://tinyanimalworlds.com/pinterest/cat-music-room.jpg,Cute Animal Coloring Pages
Cat Camping Under Stars Coloring Page,"Coloring page of cat camping under stars. Free printable JPG — perfect for kids, teens, and adults.",https://tinyanimalworlds.com/coloring/cat-camping-under-stars,https://tinyanimalworlds.com/pinterest/cat-camping-under-stars.jpg,Cute Animal Coloring Pages
Mouse Family Treehouse Coloring Page,"Relaxing coloring page: mouse family treehouse. Download this free printable at Tiny Animal Worlds.",https://tinyanimalworlds.com/coloring/mouse-family-treehouse,https://tinyanimalworlds.com/pinterest/mouse-family-treehouse.jpg,Cute Animal Coloring Pages
Squirrel Acorn Village Coloring Page,"Free printable squirrel acorn village. A cozy coloring page for all ages. Download JPG now!",https://tinyanimalworlds.com/coloring/squirrel-acorn-village,https://tinyanimalworlds.com/pinterest/squirrel-acorn-village.jpg,Tiny Animal Worlds
Rabbit Burrow Town Coloring Page,"Free printable coloring page featuring rabbit burrow town. Download and print instantly at Tiny Animal Worlds.",https://tinyanimalworlds.com/coloring/rabbit-burrow-town,https://tinyanimalworlds.com/pinterest/rabbit-burrow-town.jpg,Cute Animal Coloring Pages
Hedgehog Hollow Home Coloring Page,"Cute coloring page of hedgehog hollow home. Perfect for kids and adults — free JPG download!",https://tinyanimalworlds.com/coloring/hedgehog-hollow-home,https://tinyanimalworlds.com/pinterest/hedgehog-hollow-home.jpg,Cute Animal Coloring Pages
Frog Pond Community Coloring Page,"Adorable printable coloring page: frog pond community. Relax and enjoy this cozy scene today.",https://tinyanimalworlds.com/coloring/frog-pond-community,https://tinyanimalworlds.com/pinterest/frog-pond-community.jpg,Cute Animal Coloring Pages
Thatched Roof Cottage Coloring Page,"Download this free coloring page of thatched roof cottage. High-quality JPG for all ages.",https://tinyanimalworlds.com/coloring/thatched-roof-cottage,https://tinyanimalworlds.com/pinterest/thatched-roof-cottage.jpg,Cottagecore Coloring
Countryside Farmhouse Coloring Page,"Cozy coloring page with countryside farmhouse. Print at home and start coloring for free!",https://tinyanimalworlds.com/coloring/countryside-farmhouse,https://tinyanimalworlds.com/pinterest/countryside-farmhouse.jpg,Cute Animal Coloring Pages
Ivy-Covered Stone Cottage Coloring Page,"ivy-covered stone cottage — a free printable coloring page from Tiny Animal Worlds. Download now!",https://tinyanimalworlds.com/coloring/ivy-covered-stone-cottage,https://tinyanimalworlds.com/pinterest/ivy-covered-stone-cottage.jpg,Cottagecore Coloring
Rose Garden Bungalow Coloring Page,"Free JPG coloring page: rose garden bungalow. Great for creative fun and relaxation.",https://tinyanimalworlds.com/coloring/rose-garden-bungalow,https://tinyanimalworlds.com/pinterest/rose-garden-bungalow.jpg,Garden Coloring Pages
Lavender Field Cottage Coloring Page,"Printable coloring page featuring lavender field cottage. Download, print, and color today!",https://tinyanimalworlds.com/coloring/lavender-field-cottage,https://tinyanimalworlds.com/pinterest/lavender-field-cottage.jpg,Cottagecore Coloring
Rainy Window with Books Coloring Page,"Free download: rainy window with books coloring page. Cute, cozy, and ready to print.",https://tinyanimalworlds.com/coloring/rainy-window-with-books,https://tinyanimalworlds.com/pinterest/rainy-window-with-books.jpg,Bookstore Coloring Pages
Umbrella Street Scene Coloring Page,"Coloring page of umbrella street scene. Free printable JPG — perfect for kids, teens, and adults.",https://tinyanimalworlds.com/coloring/umbrella-street-scene,https://tinyanimalworlds.com/pinterest/umbrella-street-scene.jpg,Cute Animal Coloring Pages
Cozy Indoor Rainy Afternoon Coloring Page,"Relaxing coloring page: cozy indoor rainy afternoon. Download this free printable at Tiny Animal Worlds.",https://tinyanimalworlds.com/coloring/cozy-indoor-rainy-afternoon,https://tinyanimalworlds.com/pinterest/cozy-indoor-rainy-afternoon.jpg,Rainy Day Coloring Pages
Puddle Jumping Fun Coloring Page,"Free printable puddle jumping fun. A cozy coloring page for all ages. Download JPG now!",https://tinyanimalworlds.com/coloring/puddle-jumping-fun,https://tinyanimalworlds.com/pinterest/puddle-jumping-fun.jpg,Cute Animal Coloring Pages
Raindrops on Flowers Coloring Page,"Free printable coloring page featuring raindrops on flowers. Download and print instantly at Tiny Animal Worlds.",https://tinyanimalworlds.com/coloring/raindrops-on-flowers,https://tinyanimalworlds.com/pinterest/raindrops-on-flowers.jpg,Rainy Day Coloring Pages
Morning Coffee Ritual Coloring Page,"Cute coloring page of morning coffee ritual. Perfect for kids and adults — free JPG download!",https://tinyanimalworlds.com/coloring/morning-coffee-ritual,https://tinyanimalworlds.com/pinterest/morning-coffee-ritual.jpg,Coffee Shop Coloring Pages
Corner Cafe Interior Coloring Page,"Adorable printable coloring page: corner cafe interior. Relax and enjoy this cozy scene today.",https://tinyanimalworlds.com/coloring/corner-cafe-interior,https://tinyanimalworlds.com/pinterest/corner-cafe-interior.jpg,Coffee Shop Coloring Pages
Latte Art Design Coloring Page,"Download this free coloring page of latte art design. High-quality JPG for all ages.",https://tinyanimalworlds.com/coloring/latte-art-design,https://tinyanimalworlds.com/pinterest/latte-art-design.jpg,Cute Animal Coloring Pages
Coffee and Pastry Pair Coloring Page,"Cozy coloring page with coffee and pastry pair. Print at home and start coloring for free!",https://tinyanimalworlds.com/coloring/coffee-and-pastry-pair,https://tinyanimalworlds.com/pinterest/coffee-and-pastry-pair.jpg,Coffee Shop Coloring Pages
Espresso Bar Scene Coloring Page,"espresso bar scene — a free printable coloring page from Tiny Animal Worlds. Download now!",https://tinyanimalworlds.com/coloring/espresso-bar-scene,https://tinyanimalworlds.com/pinterest/espresso-bar-scene.jpg,Cute Animal Coloring Pages
Fresh Bread Morning Coloring Page,"Free JPG coloring page: fresh bread morning. Great for creative fun and relaxation.",https://tinyanimalworlds.com/coloring/fresh-bread-morning,https://tinyanimalworlds.com/pinterest/fresh-bread-morning.jpg,Bakery Coloring Pages
Croissant Baking Day Coloring Page,"Printable coloring page featuring croissant baking day. Download, print, and color today!",https://tinyanimalworlds.com/coloring/croissant-baking-day,https://tinyanimalworlds.com/pinterest/croissant-baking-day.jpg,Bakery Coloring Pages
Cupcake Decorating Fun Coloring Page,"Free download: cupcake decorating fun coloring page. Cute, cozy, and ready to print.",https://tinyanimalworlds.com/coloring/cupcake-decorating-fun,https://tinyanimalworlds.com/pinterest/cupcake-decorating-fun.jpg,Bakery Coloring Pages
Pie Cooling on Windowsill Coloring Page,"Coloring page of pie cooling on windowsill. Free printable JPG — perfect for kids, teens, and adults.",https://tinyanimalworlds.com/coloring/pie-cooling-on-windowsill,https://tinyanimalworlds.com/pinterest/pie-cooling-on-windowsill.jpg,Cute Animal Coloring Pages
Cookie Jar Collection Coloring Page,"Relaxing coloring page: cookie jar collection. Download this free printable at Tiny Animal Worlds.",https://tinyanimalworlds.com/coloring/cookie-jar-collection,https://tinyanimalworlds.com/pinterest/cookie-jar-collection.jpg,Bakery Coloring Pages
Secondhand Bookshop Coloring Page,"Free printable secondhand bookshop. A cozy coloring page for all ages. Download JPG now!",https://tinyanimalworlds.com/coloring/secondhand-bookshop,https://tinyanimalworlds.com/pinterest/secondhand-bookshop.jpg,Bookstore Coloring Pages
Library Ladder Scene Coloring Page,"Free printable coloring page featuring library ladder scene. Download and print instantly at Tiny Animal Worlds.",https://tinyanimalworlds.com/coloring/library-ladder-scene,https://tinyanimalworlds.com/pinterest/library-ladder-scene.jpg,Bookstore Coloring Pages
Reading by Candlelight Coloring Page,"Cute coloring page of reading by candlelight. Perfect for kids and adults — free JPG download!",https://tinyanimalworlds.com/coloring/reading-by-candlelight,https://tinyanimalworlds.com/pinterest/reading-by-candlelight.jpg,Bookstore Coloring Pages
Bookshelf Organization Coloring Page,"Adorable printable coloring page: bookshelf organization. Relax and enjoy this cozy scene today.",https://tinyanimalworlds.com/coloring/bookshelf-organization,https://tinyanimalworlds.com/pinterest/bookshelf-organization.jpg,Bookstore Coloring Pages
Story Time Corner Coloring Page,"Download this free coloring page of story time corner. High-quality JPG for all ages.",https://tinyanimalworlds.com/coloring/story-time-corner,https://tinyanimalworlds.com/pinterest/story-time-corner.jpg,Cute Animal Coloring Pages
Garden Tea Party Coloring Page,"Cozy coloring page with garden tea party. Print at home and start coloring for free!",https://tinyanimalworlds.com/coloring/garden-tea-party,https://tinyanimalworlds.com/pinterest/garden-tea-party.jpg,Tea Party Coloring Pages
Vintage Tea Set Display Coloring Page,"vintage tea set display — a free printable coloring page from Tiny Animal Worlds. Download now!",https://tinyanimalworlds.com/coloring/vintage-tea-set-display,https://tinyanimalworlds.com/pinterest/vintage-tea-set-display.jpg,Tea Party Coloring Pages
Afternoon Tea Tray Coloring Page,"Free JPG coloring page: afternoon tea tray. Great for creative fun and relaxation.",https://tinyanimalworlds.com/coloring/afternoon-tea-tray,https://tinyanimalworlds.com/pinterest/afternoon-tea-tray.jpg,Tea Party Coloring Pages
Tea and Scones Spread Coloring Page,"Printable coloring page featuring tea and scones spread. Download, print, and color today!",https://tinyanimalworlds.com/coloring/tea-and-scones-spread,https://tinyanimalworlds.com/pinterest/tea-and-scones-spread.jpg,Tea Party Coloring Pages
Tea Cup Collection Coloring Page,"Free download: tea cup collection coloring page. Cute, cozy, and ready to print.",https://tinyanimalworlds.com/coloring/tea-cup-collection,https://tinyanimalworlds.com/pinterest/tea-cup-collection.jpg,Tea Party Coloring Pages
Enchanted Forest Path Coloring Page,"Coloring page of enchanted forest path. Free printable JPG — perfect for kids, teens, and adults.",https://tinyanimalworlds.com/coloring/enchanted-forest-path,https://tinyanimalworlds.com/pinterest/enchanted-forest-path.jpg,Cute Animal Coloring Pages
Fairy Door Discovery Coloring Page,"Relaxing coloring page: fairy door discovery. Download this free printable at Tiny Animal Worlds.",https://tinyanimalworlds.com/coloring/fairy-door-discovery,https://tinyanimalworlds.com/pinterest/fairy-door-discovery.jpg,Cute Animal Coloring Pages
Magic Potion Shelf Coloring Page,"Free printable magic potion shelf. A cozy coloring page for all ages. Download JPG now!",https://tinyanimalworlds.com/coloring/magic-potion-shelf,https://tinyanimalworlds.com/pinterest/magic-potion-shelf.jpg,Fantasy Coloring Pages
Dragon Perch View Coloring Page,"Free printable coloring page featuring dragon perch view. Download and print instantly at Tiny Animal Worlds.",https://tinyanimalworlds.com/coloring/dragon-perch-view,https://tinyanimalworlds.com/pinterest/dragon-perch-view.jpg,Fantasy Coloring Pages
Wizard Tower Study Coloring Page,"Cute coloring page of wizard tower study. Perfect for kids and adults — free JPG download!",https://tinyanimalworlds.com/coloring/wizard-tower-study,https://tinyanimalworlds.com/pinterest/wizard-tower-study.jpg,Fantasy Coloring Pages
Window Seat Reading Coloring Page,"Adorable printable coloring page: window seat reading. Relax and enjoy this cozy scene today.",https://tinyanimalworlds.com/coloring/window-seat-reading,https://tinyanimalworlds.com/pinterest/window-seat-reading.jpg,Bookstore Coloring Pages
Fireplace Reading Spot Coloring Page,"Download this free coloring page of fireplace reading spot. High-quality JPG for all ages.",https://tinyanimalworlds.com/coloring/fireplace-reading-spot,https://tinyanimalworlds.com/pinterest/fireplace-reading-spot.jpg,Bookstore Coloring Pages
Blanket Fort Reading Coloring Page,"Cozy coloring page with blanket fort reading. Print at home and start coloring for free!",https://tinyanimalworlds.com/coloring/blanket-fort-reading,https://tinyanimalworlds.com/pinterest/blanket-fort-reading.jpg,Bookstore Coloring Pages
Hammock Reading Nook Coloring Page,"hammock reading nook — a free printable coloring page from Tiny Animal Worlds. Download now!",https://tinyanimalworlds.com/coloring/hammock-reading-nook,https://tinyanimalworlds.com/pinterest/hammock-reading-nook.jpg,Bookstore Coloring Pages
Bedtime Story Scene Coloring Page,"Free JPG coloring page: bedtime story scene. Great for creative fun and relaxation.",https://tinyanimalworlds.com/coloring/bedtime-story-scene,https://tinyanimalworlds.com/pinterest/bedtime-story-scene.jpg,Cute Animal Coloring Pages
Butterfly Garden Path Coloring Page,"Printable coloring page featuring butterfly garden path. Download, print, and color today!",https://tinyanimalworlds.com/coloring/butterfly-garden-path,https://tinyanimalworlds.com/pinterest/butterfly-garden-path.jpg,Garden Coloring Pages
Sunflower Field Walk Coloring Page,"Free download: sunflower field walk coloring page. Cute, cozy, and ready to print.",https://tinyanimalworlds.com/coloring/sunflower-field-walk,https://tinyanimalworlds.com/pinterest/sunflower-field-walk.jpg,Garden Coloring Pages
Herb Garden Kitchen Coloring Page,"Coloring page of herb garden kitchen. Free printable JPG — perfect for kids, teens, and adults.",https://tinyanimalworlds.com/coloring/herb-garden-kitchen,https://tinyanimalworlds.com/pinterest/herb-garden-kitchen.jpg,Garden Coloring Pages
Rose Trellis Arch Coloring Page,"Relaxing coloring page: rose trellis arch. Download this free printable at Tiny Animal Worlds.",https://tinyanimalworlds.com/coloring/rose-trellis-arch,https://tinyanimalworlds.com/pinterest/rose-trellis-arch.jpg,Cute Animal Coloring Pages
Cozy Autumn Fox Cottage Coloring Page,"Free printable cozy autumn fox cottage. A cozy coloring page for all ages. Download JPG now!",https://tinyanimalworlds.com/coloring/cozy-autumn-fox-cottage,https://tinyanimalworlds.com/pinterest/cozy-autumn-fox-cottage.jpg,Cottagecore Coloring
Dragon Bakery Village Coloring Page,"Free printable coloring page featuring dragon bakery village. Download and print instantly at Tiny Animal Worlds.",https://tinyanimalworlds.com/coloring/dragon-bakery-village,https://tinyanimalworlds.com/pinterest/dragon-bakery-village.jpg,Bakery Coloring Pages
Hedgehog Enchanted Forest Coloring Page,"Cute coloring page of hedgehog enchanted forest. Perfect for kids and adults — free JPG download!",https://tinyanimalworlds.com/coloring/hedgehog-enchanted-forest,https://tinyanimalworlds.com/pinterest/hedgehog-enchanted-forest.jpg,Cute Animal Coloring Pages
Herb Garden Rabbi Coloring Page,"Adorable printable coloring page: herb garden rabbi. Relax and enjoy this cozy scene today.",https://tinyanimalworlds.com/coloring/herb-garden-rabbi,https://tinyanimalworlds.com/pinterest/herb-garden-rabbi.jpg,Garden Coloring Pages
Panda Floating Island Home Coloring Page,"Download this free coloring page of panda floating island home. High-quality JPG for all ages.",https://tinyanimalworlds.com/coloring/panda-floating-island-home,https://tinyanimalworlds.com/pinterest/panda-floating-island-home.jpg,Cute Animal Coloring Pages
Sewing Room Fabri Coloring Page,"Cozy coloring page with sewing room fabri. Print at home and start coloring for free!",https://tinyanimalworlds.com/coloring/sewing-room-fabri,https://tinyanimalworlds.com/pinterest/sewing-room-fabri.jpg,Cute Animal Coloring Pages
Duck Unicorn Garden Coloring Page,"duck unicorn garden — a free printable coloring page from Tiny Animal Worlds. Download now!",https://tinyanimalworlds.com/coloring/duck-unicorn-garden,https://tinyanimalworlds.com/pinterest/duck-unicorn-garden.jpg,Fantasy Coloring Pages
Picnic With Woodla Coloring Page,"Free JPG coloring page: picnic with woodla. Great for creative fun and relaxation.",https://tinyanimalworlds.com/coloring/picnic-with-woodla,https://tinyanimalworlds.com/pinterest/picnic-with-woodla.jpg,Cute Animal Coloring Pages
Mouse Crystal Cave Coloring Page,"Printable coloring page featuring mouse crystal cave. Download, print, and color today!",https://tinyanimalworlds.com/coloring/mouse-crystal-cave,https://tinyanimalworlds.com/pinterest/mouse-crystal-cave.jpg,Fantasy Coloring Pages
Reading Nook Under Coloring Page,"Free download: reading nook under coloring page. Cute, cozy, and ready to print.",https://tinyanimalworlds.com/coloring/reading-nook-under,https://tinyanimalworlds.com/pinterest/reading-nook-under.jpg,Bookstore Coloring Pages
Frog Fairy House Coloring Page,"Coloring page of frog fairy house. Free printable JPG — perfect for kids, teens, and adults.",https://tinyanimalworlds.com/coloring/frog-fairy-house,https://tinyanimalworlds.com/pinterest/frog-fairy-house.jpg,Cute Animal Coloring Pages
Greenhouse Filled Coloring Page,"Relaxing coloring page: greenhouse filled. Download this free printable at Tiny Animal Worlds.",https://tinyanimalworlds.com/coloring/greenhouse-filled,https://tinyanimalworlds.com/pinterest/greenhouse-filled.jpg,Garden Coloring Pages
Cat Potion Store Coloring Page,"Free printable cat potion store. A cozy coloring page for all ages. Download JPG now!",https://tinyanimalworlds.com/coloring/cat-potion-store,https://tinyanimalworlds.com/pinterest/cat-potion-store.jpg,Fantasy Coloring Pages
Flower Market Vin Coloring Page,"Free printable coloring page featuring flower market vin. Download and print instantly at Tiny Animal Worlds.",https://tinyanimalworlds.com/coloring/flower-market-vin,https://tinyanimalworlds.com/pinterest/flower-market-vin.jpg,Garden Coloring Pages
Bear Star Bakery Coloring Page,"Cute coloring page of bear star bakery. Perfect for kids and adults — free JPG download!",https://tinyanimalworlds.com/coloring/bear-star-bakery,https://tinyanimalworlds.com/pinterest/bear-star-bakery.jpg,Bakery Coloring Pages
Countryside Bakery Coloring Page,"Adorable printable coloring page: countryside bakery. Relax and enjoy this cozy scene today.",https://tinyanimalworlds.com/coloring/countryside-bakery,https://tinyanimalworlds.com/pinterest/countryside-bakery.jpg,Bakery Coloring Pages
Fox Moonlight Library Coloring Page,"Download this free coloring page of fox moonlight library. High-quality JPG for all ages.",https://tinyanimalworlds.com/coloring/fox-moonlight-library,https://tinyanimalworlds.com/pinterest/fox-moonlight-library.jpg,Bookstore Coloring Pages
Tea Party In Garde Coloring Page,"Cozy coloring page with tea party in garde. Print at home and start coloring for free!",https://tinyanimalworlds.com/coloring/tea-party-in-garde,https://tinyanimalworlds.com/pinterest/tea-party-in-garde.jpg,Tea Party Coloring Pages
Magic Bunny Wizard Cottage Coloring Page,"magic bunny wizard cottage — a free printable coloring page from Tiny Animal Worlds. Download now!",https://tinyanimalworlds.com/coloring/magic-bunny-wizard-cottage,https://tinyanimalworlds.com/pinterest/magic-bunny-wizard-cottage.jpg,Fantasy Coloring Pages
Mushroom House Sur Coloring Page,"Free JPG coloring page: mushroom house sur. Great for creative fun and relaxation.",https://tinyanimalworlds.com/coloring/mushroom-house-sur,https://tinyanimalworlds.com/pinterest/mushroom-house-sur.jpg,Cute Animal Coloring Pages
Harvest Squirrel Farm Market Coloring Page,"Printable coloring page featuring harvest squirrel farm market. Download, print, and color today!",https://tinyanimalworlds.com/coloring/harvest-squirrel-farm-market,https://tinyanimalworlds.com/pinterest/harvest-squirrel-farm-market.jpg,Cozy Coloring Pages
Animal Market Square Coloring Page,"Free download: animal market square coloring page. Cute, cozy, and ready to print.",https://tinyanimalworlds.com/coloring/animal-market-square,https://tinyanimalworlds.com/pinterest/animal-market-square.jpg,Cozy Coloring Pages
Tiny Dragon Tea Shop Coloring Page,"Coloring page of tiny dragon tea shop. Free printable JPG — perfect for kids, teens, and adults.",https://tinyanimalworlds.com/coloring/tiny-dragon-tea-shop,https://tinyanimalworlds.com/pinterest/tiny-dragon-tea-shop.jpg,Tea Party Coloring Pages
Bunny Garden Cotta Coloring Page,"Relaxing coloring page: bunny garden cotta. Download this free printable at Tiny Animal Worlds.",https://tinyanimalworlds.com/coloring/bunny-garden-cotta,https://tinyanimalworlds.com/pinterest/bunny-garden-cotta.jpg,Garden Coloring Pages
Squirrel Forest Cabin Coloring Page,"Free printable squirrel forest cabin. A cozy coloring page for all ages. Download JPG now!",https://tinyanimalworlds.com/coloring/squirrel-forest-cabin,https://tinyanimalworlds.com/pinterest/squirrel-forest-cabin.jpg,Cottagecore Coloring
Raccoon Bookstore Owner Coloring Page,"Free printable coloring page featuring raccoon bookstore owner. Download and print instantly at Tiny Animal Worlds.",https://tinyanimalworlds.com/coloring/raccoon-bookstore-owner,https://tinyanimalworlds.com/pinterest/raccoon-bookstore-owner.jpg,Bookstore Coloring Pages
Hedgehog Strawberry Farm Coloring Page,"Cute coloring page of hedgehog strawberry farm. Perfect for kids and adults — free JPG download!",https://tinyanimalworlds.com/coloring/hedgehog-strawberry-farm,https://tinyanimalworlds.com/pinterest/hedgehog-strawberry-farm.jpg,Cute Animal Coloring Pages
Squirrel Baking Cupcakes Coloring Page,"Adorable printable coloring page: squirrel baking cupcakes. Relax and enjoy this cozy scene today.",https://tinyanimalworlds.com/coloring/squirrel-baking-cupcakes,https://tinyanimalworlds.com/pinterest/squirrel-baking-cupcakes.jpg,Bakery Coloring Pages
Panda Cottage Picnic Coloring Page,"Download this free coloring page of panda cottage picnic. High-quality JPG for all ages.",https://tinyanimalworlds.com/coloring/panda-cottage-picnic,https://tinyanimalworlds.com/pinterest/panda-cottage-picnic.jpg,Cottagecore Coloring
Hedgehog Collecting Mushr Coloring Page,"Cozy coloring page with hedgehog collecting mushr. Print at home and start coloring for free!",https://tinyanimalworlds.com/coloring/hedgehog-collecting-mushr,https://tinyanimalworlds.com/pinterest/hedgehog-collecting-mushr.jpg,Cute Animal Coloring Pages
Duck Country Kitchen Coloring Page,"duck country kitchen — a free printable coloring page from Tiny Animal Worlds. Download now!",https://tinyanimalworlds.com/coloring/duck-country-kitchen,https://tinyanimalworlds.com/pinterest/duck-country-kitchen.jpg,Cute Animal Coloring Pages
Hamster Tea Party Kawaii Coloring Page,"Free JPG coloring page: hamster tea party kawaii. Great for creative fun and relaxation.",https://tinyanimalworlds.com/coloring/hamster-tea-party-kawaii,https://tinyanimalworlds.com/pinterest/hamster-tea-party-kawaii.jpg,Tea Party Coloring Pages
Mouse Sewing Workshop Coloring Page,"Printable coloring page featuring mouse sewing workshop. Download, print, and color today!",https://tinyanimalworlds.com/coloring/mouse-sewing-workshop,https://tinyanimalworlds.com/pinterest/mouse-sewing-workshop.jpg,Cozy Coloring Pages
Fox Gardening Flowers An Coloring Page,"Free download: fox gardening flowers an coloring page. Cute, cozy, and ready to print.",https://tinyanimalworlds.com/coloring/fox-gardening-flowers-an,https://tinyanimalworlds.com/pinterest/fox-gardening-flowers-an.jpg,Garden Coloring Pages
Frog Herb Garden Coloring Page,"Coloring page of frog herb garden. Free printable JPG — perfect for kids, teens, and adults.",https://tinyanimalworlds.com/coloring/frog-herb-garden,https://tinyanimalworlds.com/pinterest/frog-herb-garden.jpg,Garden Coloring Pages
Duck Wearing Rain Boots Coloring Page,"Relaxing coloring page: duck wearing rain boots. Download this free printable at Tiny Animal Worlds.",https://tinyanimalworlds.com/coloring/duck-wearing-rain-boots,https://tinyanimalworlds.com/pinterest/duck-wearing-rain-boots.jpg,Rainy Day Coloring Pages
Cat Lavender Cottage Coloring Page,"Free printable cat lavender cottage. A cozy coloring page for all ages. Download JPG now!",https://tinyanimalworlds.com/coloring/cat-lavender-cottage,https://tinyanimalworlds.com/pinterest/cat-lavender-cottage.jpg,Cottagecore Coloring
Cat Reading Books Kawaii Coloring Page,"Free printable coloring page featuring cat reading books kawaii. Download and print instantly at Tiny Animal Worlds.",https://tinyanimalworlds.com/coloring/cat-reading-books-kawaii,https://tinyanimalworlds.com/pinterest/cat-reading-books-kawaii.jpg,Bookstore Coloring Pages
Bear Honey Farm Coloring Page,"Cute coloring page of bear honey farm. Perfect for kids and adults — free JPG download!",https://tinyanimalworlds.com/coloring/bear-honey-farm,https://tinyanimalworlds.com/pinterest/bear-honey-farm.jpg,Cute Animal Coloring Pages
Bear Baking Cookies Prin Coloring Page,"Adorable printable coloring page: bear baking cookies prin. Relax and enjoy this cozy scene today.",https://tinyanimalworlds.com/coloring/bear-baking-cookies-prin,https://tinyanimalworlds.com/pinterest/bear-baking-cookies-prin.jpg,Bakery Coloring Pages
Fox Wildflower Garden Coloring Page,"Download this free coloring page of fox wildflower garden. High-quality JPG for all ages.",https://tinyanimalworlds.com/coloring/fox-wildflower-garden,https://tinyanimalworlds.com/pinterest/fox-wildflower-garden.jpg,Garden Coloring Pages
Frog Drinking Bubble Tea Coloring Page,"Cozy coloring page with frog drinking bubble tea. Print at home and start coloring for free!",https://tinyanimalworlds.com/coloring/frog-drinking-bubble-tea,https://tinyanimalworlds.com/pinterest/frog-drinking-bubble-tea.jpg,Tea Party Coloring Pages
Easter Duck Garden Coloring Page,"easter duck garden — a free printable coloring page from Tiny Animal Worlds. Download now!",https://tinyanimalworlds.com/coloring/easter-duck-garden,https://tinyanimalworlds.com/pinterest/easter-duck-garden.jpg,Garden Coloring Pages
Woodland Train Station Coloring Page,"Free JPG coloring page: woodland train station. Great for creative fun and relaxation.",https://tinyanimalworlds.com/coloring/woodland-train-station,https://tinyanimalworlds.com/pinterest/woodland-train-station.jpg,Rainy Day Coloring Pages
Bunny Mushroom Cottage Coloring Page,"Printable coloring page featuring bunny mushroom cottage. Download, print, and color today!",https://tinyanimalworlds.com/coloring/bunny-mushroom-cottage,https://tinyanimalworlds.com/pinterest/bunny-mushroom-cottage.jpg,Cottagecore Coloring
Bunny Holding Giant Straw Coloring Page,"Free download: bunny holding giant straw coloring page. Cute, cozy, and ready to print.",https://tinyanimalworlds.com/coloring/bunny-holding-giant-straw,https://tinyanimalworlds.com/pinterest/bunny-holding-giant-straw.jpg,Cute Animal Coloring Pages
Squirrel Window Reading Corner Coloring Page,"Coloring page of squirrel window reading corner. Free printable JPG — perfect for kids, teens, and adults.",https://tinyanimalworlds.com/coloring/squirrel-window-reading-corner,https://tinyanimalworlds.com/pinterest/squirrel-window-reading-corner.jpg,Bookstore Coloring Pages
Evening Study Desk Candl Coloring Page,"Relaxing coloring page: evening study desk candl. Download this free printable at Tiny Animal Worlds.",https://tinyanimalworlds.com/coloring/evening-study-desk-candl,https://tinyanimalworlds.com/pinterest/evening-study-desk-candl.jpg,Cute Animal Coloring Pages
Hedgehog Rainy Garden Coloring Page,"Free printable hedgehog rainy garden. A cozy coloring page for all ages. Download JPG now!",https://tinyanimalworlds.com/coloring/hedgehog-rainy-garden,https://tinyanimalworlds.com/pinterest/hedgehog-rainy-garden.jpg,Rainy Day Coloring Pages
Garden Reading Corner Fl Coloring Page,"Free printable coloring page featuring garden reading corner fl. Download and print instantly at Tiny Animal Worlds.",https://tinyanimalworlds.com/coloring/garden-reading-corner-fl,https://tinyanimalworlds.com/pinterest/garden-reading-corner-fl.jpg,Bookstore Coloring Pages
Panda Tea Time In Rain Coloring Page,"Cute coloring page of panda tea time in rain. Perfect for kids and adults — free JPG download!",https://tinyanimalworlds.com/coloring/panda-tea-time-in-rain,https://tinyanimalworlds.com/pinterest/panda-tea-time-in-rain.jpg,Tea Party Coloring Pages
Bakery Kitchen Cakes Co Coloring Page,"Adorable printable coloring page: bakery kitchen cakes co. Relax and enjoy this cozy scene today.",https://tinyanimalworlds.com/coloring/bakery-kitchen-cakes-co,https://tinyanimalworlds.com/pinterest/bakery-kitchen-cakes-co.jpg,Bakery Coloring Pages
Duck Rain Boots Adventure Coloring Page,"Download this free coloring page of duck rain boots adventure. High-quality JPG for all ages.",https://tinyanimalworlds.com/coloring/duck-rain-boots-adventure,https://tinyanimalworlds.com/pinterest/duck-rain-boots-adventure.jpg,Rainy Day Coloring Pages
Tea Room Filled With Flow Coloring Page,"Cozy coloring page with tea room filled with flow. Print at home and start coloring for free!",https://tinyanimalworlds.com/coloring/tea-room-filled-with-flow,https://tinyanimalworlds.com/pinterest/tea-room-filled-with-flow.jpg,Tea Party Coloring Pages
Mouse Cozy Cabin In Rain Coloring Page,"mouse cozy cabin in rain — a free printable coloring page from Tiny Animal Worlds. Download now!",https://tinyanimalworlds.com/coloring/mouse-cozy-cabin-in-rain,https://tinyanimalworlds.com/pinterest/mouse-cozy-cabin-in-rain.jpg,Rainy Day Coloring Pages
Cabin In Snowy Forest La Coloring Page,"Free JPG coloring page: cabin in snowy forest la. Great for creative fun and relaxation.",https://tinyanimalworlds.com/coloring/cabin-in-snowy-forest-la,https://tinyanimalworlds.com/pinterest/cabin-in-snowy-forest-la.jpg,Christmas Coloring Pages
Cat Sleeping During Rainstorm Coloring Page,"Printable coloring page featuring cat sleeping during rainstorm. Download, print, and color today!",https://tinyanimalworlds.com/coloring/cat-sleeping-during-rainstorm,https://tinyanimalworlds.com/pinterest/cat-sleeping-during-rainstorm.jpg,Rainy Day Coloring Pages
Window Seat During Rain Coloring Page,"Free download: window seat during rain coloring page. Cute, cozy, and ready to print.",https://tinyanimalworlds.com/coloring/window-seat-during-rain,https://tinyanimalworlds.com/pinterest/window-seat-during-rain.jpg,Rainy Day Coloring Pages
Bear Drinking Hot Chocolate Coloring Page,"Coloring page of bear drinking hot chocolate. Free printable JPG — perfect for kids, teens, and adults.",https://tinyanimalworlds.com/coloring/bear-drinking-hot-chocolate,https://tinyanimalworlds.com/pinterest/bear-drinking-hot-chocolate.jpg,Cute Animal Coloring Pages
Coffee Shop Corner Coffe Coloring Page,"Relaxing coloring page: coffee shop corner coffe. Download this free printable at Tiny Animal Worlds.",https://tinyanimalworlds.com/coloring/coffee-shop-corner-coffe,https://tinyanimalworlds.com/pinterest/coffee-shop-corner-coffe.jpg,Coffee Shop Coloring Pages
Fox Walking With Umbrella Coloring Page,"Free printable fox walking with umbrella. A cozy coloring page for all ages. Download JPG now!",https://tinyanimalworlds.com/coloring/fox-walking-with-umbrella,https://tinyanimalworlds.com/pinterest/fox-walking-with-umbrella.jpg,Cute Animal Coloring Pages
Autumn Cottage Interior Coloring Page,"Free printable coloring page featuring autumn cottage interior. Download and print instantly at Tiny Animal Worlds.",https://tinyanimalworlds.com/coloring/autumn-cottage-interior,https://tinyanimalworlds.com/pinterest/autumn-cottage-interior.jpg,Cottagecore Coloring
Bunny Watching Rain From Windo Coloring Page,"Cute coloring page of bunny watching rain from windo. Perfect for kids and adults — free JPG download!",https://tinyanimalworlds.com/coloring/bunny-watching-rain-from-windo,https://tinyanimalworlds.com/pinterest/bunny-watching-rain-from-windo.jpg,Rainy Day Coloring Pages
Bedroom With Fairy Lights Coloring Page,"Adorable printable coloring page: bedroom with fairy lights. Relax and enjoy this cozy scene today.",https://tinyanimalworlds.com/coloring/bedroom-with-fairy-lights,https://tinyanimalworlds.com/pinterest/bedroom-with-fairy-lights.jpg,Cozy Coloring Pages
Valentine Bunny Bakery Coloring Page,"Download this free coloring page of valentine bunny bakery. High-quality JPG for all ages.",https://tinyanimalworlds.com/coloring/valentine-bunny-bakery,https://tinyanimalworlds.com/pinterest/valentine-bunny-bakery.jpg,Bakery Coloring Pages
Bunny Hot Air Balloon Coloring Page,"Cozy coloring page with bunny hot air balloon. Print at home and start coloring for free!",https://tinyanimalworlds.com/coloring/bunny-hot-air-balloon,https://tinyanimalworlds.com/pinterest/bunny-hot-air-balloon.jpg,Cute Animal Coloring Pages
Frog Reading On A Rainy Day Coloring Page,"frog reading on a rainy day — a free printable coloring page from Tiny Animal Worlds. Download now!",https://tinyanimalworlds.com/coloring/frog-reading-on-a-rainy-day,https://tinyanimalworlds.com/pinterest/frog-reading-on-a-rainy-day.jpg,Bookstore Coloring Pages
Rainy Day Reading Nook L Coloring Page,"Free JPG coloring page: rainy day reading nook l. Great for creative fun and relaxation.",https://tinyanimalworlds.com/coloring/rainy-day-reading-nook-l,https://tinyanimalworlds.com/pinterest/rainy-day-reading-nook-l.jpg,Bookstore Coloring Pages
Tiny Squirrel Acorn Bakery Coloring Page,"Printable coloring page featuring tiny squirrel acorn bakery. Download, print, and color today!",https://tinyanimalworlds.com/coloring/tiny-squirrel-acorn-bakery,https://tinyanimalworlds.com/pinterest/tiny-squirrel-acorn-bakery.jpg,Bakery Coloring Pages
Squirrel Woodland Village Coloring Page,"Free download: squirrel woodland village coloring page. Cute, cozy, and ready to print.",https://tinyanimalworlds.com/coloring/squirrel-woodland-village,https://tinyanimalworlds.com/pinterest/squirrel-woodland-village.jpg,Tiny Animal Worlds
Tiny Panda Noodle Shop Coloring Page,"Coloring page of tiny panda noodle shop. Free printable JPG — perfect for kids, teens, and adults.",https://tinyanimalworlds.com/coloring/tiny-panda-noodle-shop,https://tinyanimalworlds.com/pinterest/tiny-panda-noodle-shop.jpg,Tiny Animal Worlds
Duck Farmers Market Vege Coloring Page,"Relaxing coloring page: duck farmers market vege. Download this free printable at Tiny Animal Worlds.",https://tinyanimalworlds.com/coloring/duck-farmers-market-vege,https://tinyanimalworlds.com/pinterest/duck-farmers-market-vege.jpg,Cozy Coloring Pages
Tiny Duck Pancake Stand Coloring Page,"Free printable tiny duck pancake stand. A cozy coloring page for all ages. Download JPG now!",https://tinyanimalworlds.com/coloring/tiny-duck-pancake-stand,https://tinyanimalworlds.com/pinterest/tiny-duck-pancake-stand.jpg,Tiny Animal Worlds
Bunny Post Office Village Coloring Page,"Free printable coloring page featuring bunny post office village. Download and print instantly at Tiny Animal Worlds.",https://tinyanimalworlds.com/coloring/bunny-post-office-village,https://tinyanimalworlds.com/pinterest/bunny-post-office-village.jpg,Tiny Animal Worlds
Tiny Hedgehog Library Coloring Page,"Cute coloring page of tiny hedgehog library. Perfect for kids and adults — free JPG download!",https://tinyanimalworlds.com/coloring/tiny-hedgehog-library,https://tinyanimalworlds.com/pinterest/tiny-hedgehog-library.jpg,Bookstore Coloring Pages
Cat Village Library Book Coloring Page,"Adorable printable coloring page: cat village library book. Relax and enjoy this cozy scene today.",https://tinyanimalworlds.com/coloring/cat-village-library-book,https://tinyanimalworlds.com/pinterest/cat-village-library-book.jpg,Bookstore Coloring Pages
Tiny Mouse Cheese Cafe Coloring Page,"Download this free coloring page of tiny mouse cheese cafe. High-quality JPG for all ages.",https://tinyanimalworlds.com/coloring/tiny-mouse-cheese-cafe,https://tinyanimalworlds.com/pinterest/tiny-mouse-cheese-cafe.jpg,Coffee Shop Coloring Pages
Mouse Flower Market Mini Coloring Page,"Cozy coloring page with mouse flower market mini. Print at home and start coloring for free!",https://tinyanimalworlds.com/coloring/mouse-flower-market-mini,https://tinyanimalworlds.com/pinterest/mouse-flower-market-mini.jpg,Tiny Animal Worlds
Tiny Cat Flower Market Coloring Page,"tiny cat flower market — a free printable coloring page from Tiny Animal Worlds. Download now!",https://tinyanimalworlds.com/coloring/tiny-cat-flower-market,https://tinyanimalworlds.com/pinterest/tiny-cat-flower-market.jpg,Tiny Animal Worlds
Bear Coffee Shop Cute Be Coloring Page,"Free JPG coloring page: bear coffee shop cute be. Great for creative fun and relaxation.",https://tinyanimalworlds.com/coloring/bear-coffee-shop-cute-be,https://tinyanimalworlds.com/pinterest/bear-coffee-shop-cute-be.jpg,Coffee Shop Coloring Pages
Tiny Bear Coffee Shop Coloring Page,"Printable coloring page featuring tiny bear coffee shop. Download, print, and color today!",https://tinyanimalworlds.com/coloring/tiny-bear-coffee-shop,https://tinyanimalworlds.com/pinterest/tiny-bear-coffee-shop.jpg,Coffee Shop Coloring Pages
Fox Cottage Village Mush Coloring Page,"Free download: fox cottage village mush coloring page. Cute, cozy, and ready to print.",https://tinyanimalworlds.com/coloring/fox-cottage-village-mush,https://tinyanimalworlds.com/pinterest/fox-cottage-village-mush.jpg,Tiny Animal Worlds
Tiny Fox Tea House Coloring Page,"Coloring page of tiny fox tea house. Free printable JPG — perfect for kids, teens, and adults.",https://tinyanimalworlds.com/coloring/tiny-fox-tea-house,https://tinyanimalworlds.com/pinterest/tiny-fox-tea-house.jpg,Tea Party Coloring Pages
Hedgehog Tea House Villag Coloring Page,"Relaxing coloring page: hedgehog tea house villag. Download this free printable at Tiny Animal Worlds.",https://tinyanimalworlds.com/coloring/hedgehog-tea-house-villag,https://tinyanimalworlds.com/pinterest/hedgehog-tea-house-villag.jpg,Tea Party Coloring Pages
Tiny Bunny Bookstore Coloring Page,"Free printable tiny bunny bookstore. A cozy coloring page for all ages. Download JPG now!",https://tinyanimalworlds.com/coloring/tiny-bunny-bookstore,https://tinyanimalworlds.com/pinterest/tiny-bunny-bookstore.jpg,Bookstore Coloring Pages
Frog Bakery Town Cute Fr Coloring Page,"Free printable coloring page featuring frog bakery town cute fr. Download and print instantly at Tiny Animal Worlds.",https://tinyanimalworlds.com/coloring/frog-bakery-town-cute-fr,https://tinyanimalworlds.com/pinterest/frog-bakery-town-cute-fr.jpg,Bakery Coloring Pages
Christmas Panda Workshop Coloring Page,"Cute coloring page of christmas panda workshop. Perfect for kids and adults — free JPG download!",https://tinyanimalworlds.com/coloring/christmas-panda-workshop,https://tinyanimalworlds.com/pinterest/christmas-panda-workshop.jpg,Christmas Coloring Pages
Cat Cafe Under Moonlig Coloring Page,"Adorable printable coloring page: cat cafe under moonlig. Relax and enjoy this cozy scene today.",https://tinyanimalworlds.com/coloring/cat-cafe-under-moonlig,https://tinyanimalworlds.com/pinterest/cat-cafe-under-moonlig.jpg,Coffee Shop Coloring Pages
Tiny Frog Bakery Coloring Page,"Download this free coloring page of tiny frog bakery. High-quality JPG for all ages.",https://tinyanimalworlds.com/coloring/tiny-frog-bakery,https://tinyanimalworlds.com/pinterest/tiny-frog-bakery.jpg,Bakery Coloring Pages
Bunny Bookstore Village Coloring Page,"Cozy coloring page with bunny bookstore village. Print at home and start coloring for free!",https://tinyanimalworlds.com/coloring/bunny-bookstore-village,https://tinyanimalworlds.com/pinterest/bunny-bookstore-village.jpg,Bookstore Coloring Pages
Halloween Mouse Candy Shop Coloring Page,"halloween mouse candy shop — a free printable coloring page from Tiny Animal Worlds. Download now!",https://tinyanimalworlds.com/coloring/halloween-mouse-candy-shop,https://tinyanimalworlds.com/pinterest/halloween-mouse-candy-shop.jpg,Halloween Coloring Pages
Floating Island Villag Coloring Page,"Free JPG coloring page: floating island villag. Great for creative fun and relaxation.",https://tinyanimalworlds.com/coloring/floating-island-villag,https://tinyanimalworlds.com/pinterest/floating-island-villag.jpg,Cute Animal Coloring Pages
Snowy Cat Bookstore Coloring Page,"Printable coloring page featuring snowy cat bookstore. Download, print, and color today!",https://tinyanimalworlds.com/coloring/snowy-cat-bookstore,https://tinyanimalworlds.com/pinterest/snowy-cat-bookstore.jpg,Bookstore Coloring Pages
Fox Wizard Cottage Ma Coloring Page,"Free download: fox wizard cottage ma coloring page. Cute, cozy, and ready to print.",https://tinyanimalworlds.com/coloring/fox-wizard-cottage-ma,https://tinyanimalworlds.com/pinterest/fox-wizard-cottage-ma.jpg,Fantasy Coloring Pages
Summer Bear Lemonade Stand Coloring Page,"Coloring page of summer bear lemonade stand. Free printable JPG — perfect for kids, teens, and adults.",https://tinyanimalworlds.com/coloring/summer-bear-lemonade-stand,https://tinyanimalworlds.com/pinterest/summer-bear-lemonade-stand.jpg,Seasonal Coloring Pages
Mushroom Kingdom Tiny Coloring Page,"Relaxing coloring page: mushroom kingdom tiny. Download this free printable at Tiny Animal Worlds.",https://tinyanimalworlds.com/coloring/mushroom-kingdom-tiny,https://tinyanimalworlds.com/pinterest/mushroom-kingdom-tiny.jpg,Tiny Animal Worlds
Spring Frog Flower Festival Coloring Page,"Free printable spring frog flower festival. A cozy coloring page for all ages. Download JPG now!",https://tinyanimalworlds.com/coloring/spring-frog-flower-festival,https://tinyanimalworlds.com/pinterest/spring-frog-flower-festival.jpg,Garden Coloring Pages
Owl Library Giant Boo Coloring Page,"Free printable coloring page featuring owl library giant boo. Download and print instantly at Tiny Animal Worlds.",https://tinyanimalworlds.com/coloring/owl-library-giant-boo,https://tinyanimalworlds.com/pinterest/owl-library-giant-boo.jpg,Bookstore Coloring Pages
Winter Bunny Hot Cocoa House Coloring Page,"Cute coloring page of winter bunny hot cocoa house. Perfect for kids and adults — free JPG download!",https://tinyanimalworlds.com/coloring/winter-bunny-hot-cocoa-house,https://tinyanimalworlds.com/pinterest/winter-bunny-hot-cocoa-house.jpg,Seasonal Coloring Pages
Bunny Castle Town Mag Coloring Page,"Adorable printable coloring page: bunny castle town mag. Relax and enjoy this cozy scene today.",https://tinyanimalworlds.com/coloring/bunny-castle-town-mag,https://tinyanimalworlds.com/pinterest/bunny-castle-town-mag.jpg,Cute Animal Coloring Pages
Tiny Animal Worlds Coloring Page,"Browse our tiny animal worlds coloring page collection! Free printable JPG downloads for kids and adults.",https://tinyanimalworlds.com/category/tiny-animal-worlds,https://tinyanimalworlds.com/pinterest/tiny-animal-worlds.jpg,Tiny Animal Worlds
Cottagecore Coloring Coloring Page,"Browse our cottagecore coloring coloring page collection! Free printable JPG downloads for kids and adults.",https://tinyanimalworlds.com/category/cottagecore-coloring,https://tinyanimalworlds.com/pinterest/cottagecore-coloring.jpg,Cottagecore Coloring
Rainy Day Coloring Coloring Page,"Browse our rainy day coloring coloring page collection! Free printable JPG downloads for kids and adults.",https://tinyanimalworlds.com/category/rainy-day-coloring,https://tinyanimalworlds.com/pinterest/rainy-day-coloring.jpg,Rainy Day Coloring Pages
Fantasy Coloring Coloring Page,"Browse our fantasy coloring coloring page collection! Free printable JPG downloads for kids and adults.",https://tinyanimalworlds.com/category/fantasy-coloring,https://tinyanimalworlds.com/pinterest/fantasy-coloring.jpg,Fantasy Coloring Pages
Seasonal Coloring Coloring Page,"Browse our seasonal coloring coloring page collection! Free printable JPG downloads for kids and adults.",https://tinyanimalworlds.com/category/seasonal-coloring,https://tinyanimalworlds.com/pinterest/seasonal-coloring.jpg,Seasonal Coloring Pages
Food Bakery Coloring Page,"Browse our food bakery coloring page collection! Free printable JPG downloads for kids and adults.",https://tinyanimalworlds.com/category/food-bakery,https://tinyanimalworlds.com/pinterest/food-bakery.jpg,Bakery Coloring Pages
Coffee Shop Scenes Coloring Page,"Browse our coffee shop scenes coloring page collection! Free printable JPG downloads for kids and adults.",https://tinyanimalworlds.com/category/coffee-shop-scenes,https://tinyanimalworlds.com/pinterest/coffee-shop-scenes.jpg,Coffee Shop Coloring Pages
Bookstore Coloring Coloring Page,"Browse our bookstore coloring coloring page collection! Free printable JPG downloads for kids and adults.",https://tinyanimalworlds.com/category/bookstore-coloring,https://tinyanimalworlds.com/pinterest/bookstore-coloring.jpg,Bookstore Coloring Pages
Garden Coloring Coloring Page,"Browse our garden coloring coloring page collection! Free printable JPG downloads for kids and adults.",https://tinyanimalworlds.com/category/garden-coloring,https://tinyanimalworlds.com/pinterest/garden-coloring.jpg,Garden Coloring Pages
Christmas Coloring Coloring Page,"Browse our christmas coloring coloring page collection! Free printable JPG downloads for kids and adults.",https://tinyanimalworlds.com/category/christmas-coloring,https://tinyanimalworlds.com/pinterest/christmas-coloring.jpg,Christmas Coloring Pages
Halloween Coloring Coloring Page,"Browse our halloween coloring coloring page collection! Free printable JPG downloads for kids and adults.",https://tinyanimalworlds.com/category/halloween-coloring,https://tinyanimalworlds.com/pinterest/halloween-coloring.jpg,Halloween Coloring Pages
Village Life Coloring Page,"Browse our village life coloring page collection! Free printable JPG downloads for kids and adults.",https://tinyanimalworlds.com/category/village-life,https://tinyanimalworlds.com/pinterest/village-life.jpg,Tiny Animal Worlds
Reading Coloring Coloring Page,"Browse our reading coloring coloring page collection! Free printable JPG downloads for kids and adults.",https://tinyanimalworlds.com/category/reading-coloring,https://tinyanimalworlds.com/pinterest/reading-coloring.jpg,Bookstore Coloring Pages
Tea Party Scenes Coloring Page,"Browse our tea party scenes coloring page collection! Free printable JPG downloads for kids and adults.",https://tinyanimalworlds.com/category/tea-party-scenes,https://tinyanimalworlds.com/pinterest/tea-party-scenes.jpg,Tea Party Coloring Pages
,"https://tinyanimalworlds.com/blog/cozy-coloring-pages",Cozy Coloring Pages,Cozy Coloring Pages: 180+ Free Printable Warm and Comforting Scenes,Cozy Coloring Pages
,"https://tinyanimalworlds.com/blog/cute-frog-coloring-pages",Kawaii Coloring Pages,Cute Frog Coloring Pages: Free Printable Adorable Frog Scenes,Cute Frog Coloring Pages: Free Printable Adorable Frog Scenes — read our complete guide with tips, ideas, and free downloads!
,"https://tinyanimalworlds.com/blog/coffee-shop-coloring-pages",Coffee Shop Coloring Pages,Coffee Shop Coloring Pages: Free Printable Cozy Cafe Scenes,Coffee Shop Coloring Pages
,"https://tinyanimalworlds.com/blog/bakery-coloring-pages",Bakery Coloring Pages,Bakery Coloring Pages: Free Printable Sweet Shop and Pastry Scenes,Bakery Coloring Pages
,"https://tinyanimalworlds.com/blog/rainy-day-coloring-pages",Rainy Day Coloring Pages,Rainy Day Coloring Pages: Free Printable Cozy Rain Scenes,Rainy Day Coloring Pages
,"https://tinyanimalworlds.com/blog/fantasy-coloring-pages",Fantasy Coloring Pages,Fantasy Coloring Pages: Free Printable Magical and Enchanted Worlds,Fantasy Coloring Pages
,"https://tinyanimalworlds.com/blog/free-printable-coloring-pages",Cute Animal Coloring Pages,Free Printable Coloring Pages: 180+ Cute and Cozy Designs,Cozy Coloring Pages
Tiny Mouse Toy Store Teddy Be Coloring Page,"Free printable tiny mouse toy store teddy be coloring page — high-quality JPG perfect for cozy coloring. Print instantly and start coloring today! Great for kids and adults!",https://tinyanimalworlds.com/coloring/tiny-mouse-toy-store-teddy-be,https://tinyanimalworlds.com/pinterest/tiny-mouse-toy-store-teddy-be.jpg,Cute Animal Coloring Pages
Cute Fox Candle Shop Shelves Coloring Page,"Free printable cute fox candle shop shelves coloring page — high-quality JPG perfect for cozy coloring. Perfect for kids and adults who love cute designs. Great for kids and adults!",https://tinyanimalworlds.com/coloring/cute-fox-candle-shop-shelves,https://tinyanimalworlds.com/pinterest/cute-fox-candle-shop-shelves.jpg,Cozy Coloring Pages
Tiny Cat Bakery Display Window Coloring Page,"Free printable tiny cat bakery display window coloring page — high-quality JPG perfect for cozy coloring. Print instantly and start coloring today! Great for kids and adults!",https://tinyanimalworlds.com/coloring/tiny-cat-bakery-display-window,https://tinyanimalworlds.com/pinterest/tiny-cat-bakery-display-window.jpg,Bakery Coloring Pages
Cute Squirrel Picnic Day Cake Coloring Page,"Free printable cute squirrel picnic day cake coloring page — high-quality JPG perfect for cozy coloring. Download this free printable coloring page now! Great for kids and adults!",https://tinyanimalworlds.com/coloring/cute-squirrel-picnic-day-cake,https://tinyanimalworlds.com/pinterest/cute-squirrel-picnic-day-cake.jpg,Cute Animal Coloring Pages
Tiny Rabbit Garden Cottage Ve Coloring Page,"Free printable tiny rabbit garden cottage ve coloring page — high-quality JPG perfect for cozy coloring. Free JPG download — no sign-up required! Great for kids and adults!",https://tinyanimalworlds.com/coloring/tiny-rabbit-garden-cottage-ve,https://tinyanimalworlds.com/pinterest/tiny-rabbit-garden-cottage-ve.jpg,Garden Coloring Pages
Cute Hedgehog Autumn Bookstore Coloring Page,"Free printable cute hedgehog autumn bookstore coloring page — high-quality JPG perfect for cozy coloring. Perfect for kids and adults who love cute designs. Great for kids and adults!",https://tinyanimalworlds.com/coloring/cute-hedgehog-autumn-bookstore,https://tinyanimalworlds.com/pinterest/cute-hedgehog-autumn-bookstore.jpg,Bookstore Coloring Pages
Tiny Animal Treehouse Village Coloring Page,"Free printable tiny animal treehouse village coloring page — high-quality JPG perfect for cozy coloring. Print instantly and start coloring today! Great for kids and adults!",https://tinyanimalworlds.com/coloring/tiny-animal-treehouse-village,https://tinyanimalworlds.com/pinterest/tiny-animal-treehouse-village.jpg,Tiny Animal Worlds
Cute Duck Reading Nook Books Coloring Page,"Free printable cute duck reading nook books coloring page — high-quality JPG perfect for cozy coloring. Perfect for kids and adults who love cute designs. Great for kids and adults!",https://tinyanimalworlds.com/coloring/cute-duck-reading-nook-books,https://tinyanimalworlds.com/pinterest/cute-duck-reading-nook-books.jpg,Bookstore Coloring Pages
Tiny Fox Woodland Cafe Mushro Coloring Page,"Free printable tiny fox woodland cafe mushro coloring page — high-quality JPG perfect for cozy coloring. Perfect for kids and adults who love cute designs. Great for kids and adults!",https://tinyanimalworlds.com/coloring/tiny-fox-woodland-cafe-mushro,https://tinyanimalworlds.com/pinterest/tiny-fox-woodland-cafe-mushro.jpg,Coffee Shop Coloring Pages
Cute Rabbit Flower Shop Interi Coloring Page,"Free printable cute rabbit flower shop interi coloring page — high-quality JPG perfect for cozy coloring. Print instantly and start coloring today! Great for kids and adults!",https://tinyanimalworlds.com/coloring/cute-rabbit-flower-shop-interi,https://tinyanimalworlds.com/pinterest/cute-rabbit-flower-shop-interi.jpg,Garden Coloring Pages
Cute Animal Fantasy Village Wi Coloring Page,"Free printable cute animal fantasy village wi coloring page — high-quality JPG perfect for cozy coloring. Click to download and print this cozy coloring page. Great for kids and adults!",https://tinyanimalworlds.com/coloring/cute-animal-fantasy-village-wi,https://tinyanimalworlds.com/pinterest/cute-animal-fantasy-village-wi.jpg,Tiny Animal Worlds
Tiny Mouse Cottage Kitchen Co Coloring Page,"Free printable tiny mouse cottage kitchen co coloring page — high-quality JPG perfect for cozy coloring. Perfect for kids and adults who love cute designs. Great for kids and adults!",https://tinyanimalworlds.com/coloring/tiny-mouse-cottage-kitchen-co,https://tinyanimalworlds.com/pinterest/tiny-mouse-cottage-kitchen-co.jpg,Bakery Coloring Pages
Cute Cat Rainy Bookstore Umbr Coloring Page,"Free printable cute cat rainy bookstore umbr coloring page — high-quality JPG perfect for cozy coloring. Download this free printable coloring page now! Great for kids and adults!",https://tinyanimalworlds.com/coloring/cute-cat-rainy-bookstore-umbr,https://tinyanimalworlds.com/pinterest/cute-cat-rainy-bookstore-umbr.jpg,Bookstore Coloring Pages
Tiny Squirrel Knitting Corner Coloring Page,"Free printable tiny squirrel knitting corner coloring page — high-quality JPG perfect for cozy coloring. Download this free printable coloring page now! Great for kids and adults!",https://tinyanimalworlds.com/coloring/tiny-squirrel-knitting-corner,https://tinyanimalworlds.com/pinterest/tiny-squirrel-knitting-corner.jpg,Cottagecore Coloring
Cute Bunny Artist Studio Pain Coloring Page,"Free printable cute bunny artist studio pain coloring page — high-quality JPG perfect for cozy coloring. Print instantly and start coloring today! Great for kids and adults!",https://tinyanimalworlds.com/coloring/cute-bunny-artist-studio-pain,https://tinyanimalworlds.com/pinterest/cute-bunny-artist-studio-pain.jpg,Cozy Coloring Pages
Tiny Fox Bakery Delivery Bicyc Coloring Page,"Free printable tiny fox bakery delivery bicyc coloring page — high-quality JPG perfect for cozy coloring. Perfect for kids and adults who love cute designs. Great for kids and adults!",https://tinyanimalworlds.com/coloring/tiny-fox-bakery-delivery-bicyc,https://tinyanimalworlds.com/pinterest/tiny-fox-bakery-delivery-bicyc.jpg,Bakery Coloring Pages
Cute Hedgehog Tea House Teacu Coloring Page,"Free printable cute hedgehog tea house teacu coloring page — high-quality JPG perfect for cozy coloring. Download this free printable coloring page now! Great for kids and adults!",https://tinyanimalworlds.com/coloring/cute-hedgehog-tea-house-teacu,https://tinyanimalworlds.com/pinterest/cute-hedgehog-tea-house-teacu.jpg,Tea Party Coloring Pages
Tiny Duck Countryside Cottage Coloring Page,"Free printable tiny duck countryside cottage coloring page — high-quality JPG perfect for cozy coloring. Free JPG download — no sign-up required! Great for kids and adults!",https://tinyanimalworlds.com/coloring/tiny-duck-countryside-cottage,https://tinyanimalworlds.com/pinterest/tiny-duck-countryside-cottage.jpg,Cottagecore Coloring
Cute Cat Flower Market Bouque Coloring Page,"Free printable cute cat flower market bouque coloring page — high-quality JPG perfect for cozy coloring. Free JPG download — no sign-up required! Great for kids and adults!",https://tinyanimalworlds.com/coloring/cute-cat-flower-market-bouque,https://tinyanimalworlds.com/pinterest/cute-cat-flower-market-bouque.jpg,Garden Coloring Pages
Tiny Rabbit Strawberry Farm B Coloring Page,"Free printable tiny rabbit strawberry farm b coloring page — high-quality JPG perfect for cozy coloring. Print instantly and start coloring today! Great for kids and adults!",https://tinyanimalworlds.com/coloring/tiny-rabbit-strawberry-farm-b,https://tinyanimalworlds.com/pinterest/tiny-rabbit-strawberry-farm-b.jpg,Cute Animal Coloring Pages
Cute Bear Honey Shop Jars Sh Coloring Page,"Free printable cute bear honey shop jars sh coloring page — high-quality JPG perfect for cozy coloring. Print instantly and start coloring today! Great for kids and adults!",https://tinyanimalworlds.com/coloring/cute-bear-honey-shop-jars-sh,https://tinyanimalworlds.com/pinterest/cute-bear-honey-shop-jars-sh.jpg,Cute Animal Coloring Pages
Tiny Mouse Forest Train Statio Coloring Page,"Free printable tiny mouse forest train statio coloring page — high-quality JPG perfect for cozy coloring. Free JPG download — no sign-up required! Great for kids and adults!",https://tinyanimalworlds.com/coloring/tiny-mouse-forest-train-statio,https://tinyanimalworlds.com/pinterest/tiny-mouse-forest-train-statio.jpg,Tiny Animal Worlds
Tiny Animal Village Cafe Stree Coloring Page,"Free printable tiny animal village cafe stree coloring page — high-quality JPG perfect for cozy coloring. Free JPG download — no sign-up required! Great for kids and adults!",https://tinyanimalworlds.com/coloring/tiny-animal-village-cafe-stree,https://tinyanimalworlds.com/pinterest/tiny-animal-village-cafe-stree.jpg,Coffee Shop Coloring Pages
Cute Fox Forest Bookstore Boo Coloring Page,"Free printable cute fox forest bookstore boo coloring page — high-quality JPG perfect for cozy coloring. Print instantly and start coloring today! Great for kids and adults!",https://tinyanimalworlds.com/coloring/cute-fox-forest-bookstore-boo,https://tinyanimalworlds.com/pinterest/cute-fox-forest-bookstore-boo.jpg,Bookstore Coloring Pages
Tiny Squirrel Mushroom House Coloring Page,"Free printable tiny squirrel mushroom house coloring page — high-quality JPG perfect for cozy coloring. Click to download and print this cozy coloring page. Great for kids and adults!",https://tinyanimalworlds.com/coloring/tiny-squirrel-mushroom-house,https://tinyanimalworlds.com/pinterest/tiny-squirrel-mushroom-house.jpg,Cute Animal Coloring Pages
Cute Mouse Sewing Room Fabric Coloring Page,"Free printable cute mouse sewing room fabric coloring page — high-quality JPG perfect for cozy coloring. Print instantly and start coloring today! Great for kids and adults!",https://tinyanimalworlds.com/coloring/cute-mouse-sewing-room-fabric,https://tinyanimalworlds.com/pinterest/cute-mouse-sewing-room-fabric.jpg,Cottagecore Coloring
Tiny Bunny Winter Cabin Firep Coloring Page,"Free printable tiny bunny winter cabin firep coloring page — high-quality JPG perfect for cozy coloring. Click to download and print this cozy coloring page. Great for kids and adults!",https://tinyanimalworlds.com/coloring/tiny-bunny-winter-cabin-firep,https://tinyanimalworlds.com/pinterest/tiny-bunny-winter-cabin-firep.jpg,Cottagecore Coloring
Cute Otter Riverside Cottage Coloring Page,"Free printable cute otter riverside cottage coloring page — high-quality JPG perfect for cozy coloring. Download this free printable coloring page now! Great for kids and adults!",https://tinyanimalworlds.com/coloring/cute-otter-riverside-cottage,https://tinyanimalworlds.com/pinterest/cute-otter-riverside-cottage.jpg,Cottagecore Coloring
Tiny Cat Book Club Library Sh Coloring Page,"Free printable tiny cat book club library sh coloring page — high-quality JPG perfect for cozy coloring. Free JPG download — no sign-up required! Great for kids and adults!",https://tinyanimalworlds.com/coloring/tiny-cat-book-club-library-sh,https://tinyanimalworlds.com/pinterest/tiny-cat-book-club-library-sh.jpg,Bookstore Coloring Pages
Cute Rabbit Flower Greenhouse Coloring Page,"Free printable cute rabbit flower greenhouse coloring page — high-quality JPG perfect for cozy coloring. Print instantly and start coloring today! Great for kids and adults!",https://tinyanimalworlds.com/coloring/cute-rabbit-flower-greenhouse,https://tinyanimalworlds.com/pinterest/cute-rabbit-flower-greenhouse.jpg,Garden Coloring Pages
Cute Fox Autumn Cottage Pumpk Coloring Page,"Free printable cute fox autumn cottage pumpk coloring page — high-quality JPG perfect for cozy coloring. Download this free printable coloring page now! Great for kids and adults!",https://tinyanimalworlds.com/coloring/cute-fox-autumn-cottage-pumpk,https://tinyanimalworlds.com/pinterest/cute-fox-autumn-cottage-pumpk.jpg,Cottagecore Coloring
Tiny Mouse Lantern Festival Vi Coloring Page,"Free printable tiny mouse lantern festival vi coloring page — high-quality JPG perfect for cozy coloring. Perfect for kids and adults who love cute designs. Great for kids and adults!",https://tinyanimalworlds.com/coloring/tiny-mouse-lantern-festival-vi,https://tinyanimalworlds.com/pinterest/tiny-mouse-lantern-festival-vi.jpg,Seasonal Coloring Pages
Cute Cat Greenhouse Cottage F Coloring Page,"Free printable cute cat greenhouse cottage f coloring page — high-quality JPG perfect for cozy coloring. Download this free printable coloring page now! Great for kids and adults!",https://tinyanimalworlds.com/coloring/cute-cat-greenhouse-cottage-f,https://tinyanimalworlds.com/pinterest/cute-cat-greenhouse-cottage-f.jpg,Garden Coloring Pages
Cute Hedgehog Reading Beside R Coloring Page,"Free printable cute hedgehog reading beside r coloring page — high-quality JPG perfect for cozy coloring. Free JPG download — no sign-up required! Great for kids and adults!",https://tinyanimalworlds.com/coloring/cute-hedgehog-reading-beside-r,https://tinyanimalworlds.com/pinterest/cute-hedgehog-reading-beside-r.jpg,Bookstore Coloring Pages
Cute Duck Bakery Kitchen Brea Coloring Page,"Free printable cute duck bakery kitchen brea coloring page — high-quality JPG perfect for cozy coloring. Print instantly and start coloring today! Great for kids and adults!",https://tinyanimalworlds.com/coloring/cute-duck-bakery-kitchen-brea,https://tinyanimalworlds.com/pinterest/cute-duck-bakery-kitchen-brea.jpg,Bakery Coloring Pages
Tiny Animal Village Market Day Coloring Page,"Free printable tiny animal village market day coloring page — high-quality JPG perfect for cozy coloring. Print instantly and start coloring today! Great for kids and adults!",https://tinyanimalworlds.com/coloring/tiny-animal-village-market-day,https://tinyanimalworlds.com/pinterest/tiny-animal-village-market-day.jpg,Tiny Animal Worlds
Cute Bunny Coffee Shop Coffee Coloring Page,"Free printable cute bunny coffee shop coffee coloring page — high-quality JPG perfect for cozy coloring. Free JPG download — no sign-up required! Great for kids and adults!",https://tinyanimalworlds.com/coloring/cute-bunny-coffee-shop-coffee,https://tinyanimalworlds.com/pinterest/cute-bunny-coffee-shop-coffee.jpg,Coffee Shop Coloring Pages
Cute Bear Bookstore Interior Coloring Page,"Free printable cute bear bookstore interior coloring page — high-quality JPG perfect for cozy coloring. Perfect for kids and adults who love cute designs. Great for kids and adults!",https://tinyanimalworlds.com/coloring/cute-bear-bookstore-interior,https://tinyanimalworlds.com/pinterest/cute-bear-bookstore-interior.jpg,Bookstore Coloring Pages
Tiny Hamster Sewing Cottage F Coloring Page,"Free printable tiny hamster sewing cottage f coloring page — high-quality JPG perfect for cozy coloring. Free JPG download — no sign-up required! Great for kids and adults!",https://tinyanimalworlds.com/coloring/tiny-hamster-sewing-cottage-f,https://tinyanimalworlds.com/pinterest/tiny-hamster-sewing-cottage-f.jpg,Cottagecore Coloring
Cute Squirrel Tea Party In For Coloring Page,"Free printable cute squirrel tea party in for coloring page — high-quality JPG perfect for cozy coloring. Free JPG download — no sign-up required! Great for kids and adults!",https://tinyanimalworlds.com/coloring/cute-squirrel-tea-party-in-for,https://tinyanimalworlds.com/pinterest/cute-squirrel-tea-party-in-for.jpg,Tea Party Coloring Pages
Cute Fox Florist Shop Flower Coloring Page,"Free printable cute fox florist shop flower coloring page — high-quality JPG perfect for cozy coloring. Perfect for kids and adults who love cute designs. Great for kids and adults!",https://tinyanimalworlds.com/coloring/cute-fox-florist-shop-flower,https://tinyanimalworlds.com/pinterest/cute-fox-florist-shop-flower.jpg,Garden Coloring Pages
Tiny Mouse Post Office Village Coloring Page,"Free printable tiny mouse post office village coloring page — high-quality JPG perfect for cozy coloring. Download this free printable coloring page now! Great for kids and adults!",https://tinyanimalworlds.com/coloring/tiny-mouse-post-office-village,https://tinyanimalworlds.com/pinterest/tiny-mouse-post-office-village.jpg,Tiny Animal Worlds
Cute Cat Running A Tiny Bakery Coloring Page,"Free printable cute cat running a tiny bakery coloring page — high-quality JPG perfect for cozy coloring. Print instantly and start coloring today! Great for kids and adults!",https://tinyanimalworlds.com/coloring/cute-cat-running-a-tiny-bakery,https://tinyanimalworlds.com/pinterest/cute-cat-running-a-tiny-bakery.jpg,Bakery Coloring Pages
Tiny Rabbit Cozy Bedroom Book Coloring Page,"Free printable tiny rabbit cozy bedroom book coloring page — high-quality JPG perfect for cozy coloring. Download this free printable coloring page now! Great for kids and adults!",https://tinyanimalworlds.com/coloring/tiny-rabbit-cozy-bedroom-book,https://tinyanimalworlds.com/pinterest/tiny-rabbit-cozy-bedroom-book.jpg,Bookstore Coloring Pages
Cute Bunny Reading Books Insid Coloring Page,"Free printable cute bunny reading books insid coloring page — high-quality JPG perfect for cozy coloring. Free JPG download — no sign-up required! Great for kids and adults!",https://tinyanimalworlds.com/coloring/cute-bunny-reading-books-insid,https://tinyanimalworlds.com/pinterest/cute-bunny-reading-books-insid.jpg,Bookstore Coloring Pages
Cute Fox Bookshop Village Squa Coloring Page,"Free printable cute fox bookshop village squa coloring page — high-quality JPG perfect for cozy coloring. Perfect for kids and adults who love cute designs. Great for kids and adults!",https://tinyanimalworlds.com/coloring/cute-fox-bookshop-village-squa,https://tinyanimalworlds.com/pinterest/cute-fox-bookshop-village-squa.jpg,Bookstore Coloring Pages
Tiny Squirrel Apple Orchard Co Coloring Page,"Free printable tiny squirrel apple orchard co coloring page — high-quality JPG perfect for cozy coloring. Print instantly and start coloring today! Great for kids and adults!",https://tinyanimalworlds.com/coloring/tiny-squirrel-apple-orchard-co,https://tinyanimalworlds.com/pinterest/tiny-squirrel-apple-orchard-co.jpg,Garden Coloring Pages
Cute Hedgehog Winter Tea Room Coloring Page,"Free printable cute hedgehog winter tea room coloring page — high-quality JPG perfect for cozy coloring. Free JPG download — no sign-up required! Great for kids and adults!",https://tinyanimalworlds.com/coloring/cute-hedgehog-winter-tea-room,https://tinyanimalworlds.com/pinterest/cute-hedgehog-winter-tea-room.jpg,Tea Party Coloring Pages
Tiny Duck Flower Garden Maze Coloring Page,"Free printable tiny duck flower garden maze coloring page — high-quality JPG perfect for cozy coloring. Download this free printable coloring page now! Great for kids and adults!",https://tinyanimalworlds.com/coloring/tiny-duck-flower-garden-maze,https://tinyanimalworlds.com/pinterest/tiny-duck-flower-garden-maze.jpg,Garden Coloring Pages
Cute Rabbit Post Office Lette Coloring Page,"Free printable cute rabbit post office lette coloring page — high-quality JPG perfect for cozy coloring. Click to download and print this cozy coloring page. Great for kids and adults!",https://tinyanimalworlds.com/coloring/cute-rabbit-post-office-lette,https://tinyanimalworlds.com/pinterest/cute-rabbit-post-office-lette.jpg,Tiny Animal Worlds
Bunny Treehouse Cottage Coloring Page,"Free printable bunny treehouse cottage coloring page! Download this cute JPG coloring page for kids and adults. #coloringpages #freeprintable #cutecoloring",https://tinyanimalworlds.com/coloring/bunny-treehouse-cottage,https://tinyanimalworlds.com/pinterest/bunny-treehouse-cottage.jpg,Cottagecore Coloring
Frog Treehouse Cafe Coloring Page,"Free printable frog treehouse cafe coloring page! Download this cute JPG coloring page for kids and adults. #coloringpages #freeprintable #cutecoloring",https://tinyanimalworlds.com/coloring/frog-treehouse-cafe,https://tinyanimalworlds.com/pinterest/frog-treehouse-cafe.jpg,Cottagecore Coloring
Bunny Decorating Cakes Coloring Page,"Free printable bunny decorating cakes coloring page! Download this cute JPG coloring page for kids and adults. #coloringpages #freeprintable #cutecoloring",https://tinyanimalworlds.com/coloring/bunny-decorating-cakes,https://tinyanimalworlds.com/pinterest/bunny-decorating-cakes.jpg,Bakery Coloring Pages
Frog Tea Party With Friends Coloring Page,"Free printable frog tea party with friends coloring page! Download this cute JPG coloring page for kids and adults. #coloringpages #freeprintable #cutecoloring",https://tinyanimalworlds.com/coloring/frog-tea-party-with-friends,https://tinyanimalworlds.com/pinterest/frog-tea-party-with-friends.jpg,Tea Party Coloring Pages
Bunny Cottage Library Coloring Page,"Free printable bunny cottage library coloring page! Download this cute JPG coloring page for kids and adults. #coloringpages #freeprintable #cutecoloring",https://tinyanimalworlds.com/coloring/bunny-cottage-library,https://tinyanimalworlds.com/pinterest/bunny-cottage-library.jpg,Bookstore Coloring Pages
Frog Gardening Beside Cottage Coloring Page,"Free printable frog gardening beside cottage coloring page! Download this cute JPG coloring page for kids and adults. #coloringpages #freeprintable #cutecoloring",https://tinyanimalworlds.com/coloring/frog-gardening-beside-cottage,https://tinyanimalworlds.com/pinterest/frog-gardening-beside-cottage.jpg,Garden Coloring Pages
Bunny Tea Room Coloring Page,"Free printable bunny tea room coloring page! Download this cute JPG coloring page for kids and adults. #coloringpages #freeprintable #cutecoloring",https://tinyanimalworlds.com/coloring/bunny-tea-room,https://tinyanimalworlds.com/pinterest/bunny-tea-room.jpg,Tea Party Coloring Pages
Frog Bakery Display Counter Coloring Page,"Free printable frog bakery display counter coloring page! Download this cute JPG coloring page for kids and adults. #coloringpages #freeprintable #cutecoloring",https://tinyanimalworlds.com/coloring/frog-bakery-display-counter,https://tinyanimalworlds.com/pinterest/frog-bakery-display-counter.jpg,Bakery Coloring Pages
Bunny Garden Swing Coloring Page,"Free printable bunny garden swing coloring page! Download this cute JPG coloring page for kids and adults. #coloringpages #freeprintable #cutecoloring",https://tinyanimalworlds.com/coloring/bunny-garden-swing,https://tinyanimalworlds.com/pinterest/bunny-garden-swing.jpg,Garden Coloring Pages
Frog Candle Shop Coloring Page,"Free printable frog candle shop coloring page! Download this cute JPG coloring page for kids and adults. #coloringpages #freeprintable #cutecoloring",https://tinyanimalworlds.com/coloring/frog-candle-shop,https://tinyanimalworlds.com/pinterest/frog-candle-shop.jpg,Kawaii Coloring Pages
Bunny Collecting Vegetables Coloring Page,"Free printable bunny collecting vegetables coloring page! Download this cute JPG coloring page for kids and adults. #coloringpages #freeprintable #cutecoloring",https://tinyanimalworlds.com/coloring/bunny-collecting-vegetables,https://tinyanimalworlds.com/pinterest/bunny-collecting-vegetables.jpg,Cottagecore Coloring
Frog Artist Studio Coloring Page,"Free printable frog artist studio coloring page! Download this cute JPG coloring page for kids and adults. #coloringpages #freeprintable #cutecoloring",https://tinyanimalworlds.com/coloring/frog-artist-studio,https://tinyanimalworlds.com/pinterest/frog-artist-studio.jpg,Kawaii Coloring Pages
Bunny Cottage Bedroom Coloring Page,"Free printable bunny cottage bedroom coloring page! Download this cute JPG coloring page for kids and adults. #coloringpages #freeprintable #cutecoloring",https://tinyanimalworlds.com/coloring/bunny-cottage-bedroom,https://tinyanimalworlds.com/pinterest/bunny-cottage-bedroom.jpg,Cottagecore Coloring
Frog Cafe Street In Tiny Villa Coloring Page,"Free printable frog cafe street in tiny villa coloring page! Download this cute JPG coloring page for kids and adults. #coloringpages #freeprintable #cutecoloring",https://tinyanimalworlds.com/coloring/frog-cafe-street-in-tiny-villa,https://tinyanimalworlds.com/pinterest/frog-cafe-street-in-tiny-villa.jpg,Coffee Shop Coloring Pages
Bunny Countryside Market Coloring Page,"Free printable bunny countryside market coloring page! Download this cute JPG coloring page for kids and adults. #coloringpages #freeprintable #cutecoloring",https://tinyanimalworlds.com/coloring/bunny-countryside-market,https://tinyanimalworlds.com/pinterest/bunny-countryside-market.jpg,Tiny Animal Worlds
Frog Picnic In Flower Meadow Coloring Page,"Free printable frog picnic in flower meadow coloring page! Download this cute JPG coloring page for kids and adults. #coloringpages #freeprintable #cutecoloring",https://tinyanimalworlds.com/coloring/frog-picnic-in-flower-meadow,https://tinyanimalworlds.com/pinterest/frog-picnic-in-flower-meadow.jpg,Garden Coloring Pages
Bunny Painting Flowers Coloring Page,"Free printable bunny painting flowers coloring page! Download this cute JPG coloring page for kids and adults. #coloringpages #freeprintable #cutecoloring",https://tinyanimalworlds.com/coloring/bunny-painting-flowers,https://tinyanimalworlds.com/pinterest/bunny-painting-flowers.jpg,Garden Coloring Pages
Frog Rainy Day Cottage Coloring Page,"Free printable frog rainy day cottage coloring page! Download this cute JPG coloring page for kids and adults. #coloringpages #freeprintable #cutecoloring",https://tinyanimalworlds.com/coloring/frog-rainy-day-cottage,https://tinyanimalworlds.com/pinterest/frog-rainy-day-cottage.jpg,Rainy Day Coloring Pages
Bunny Jam Making Kitchen Coloring Page,"Free printable bunny jam making kitchen coloring page! Download this cute JPG coloring page for kids and adults. #coloringpages #freeprintable #cutecoloring",https://tinyanimalworlds.com/coloring/bunny-jam-making-kitchen,https://tinyanimalworlds.com/pinterest/bunny-jam-making-kitchen.jpg,Cottagecore Coloring
Frog Reading Corner With Books Coloring Page,"Free printable frog reading corner with books coloring page! Download this cute JPG coloring page for kids and adults. #coloringpages #freeprintable #cutecoloring",https://tinyanimalworlds.com/coloring/frog-reading-corner-with-books,https://tinyanimalworlds.com/pinterest/frog-reading-corner-with-books.jpg,Bookstore Coloring Pages
All Bunny Friends Celebrating Coloring Page,"Free printable all bunny friends celebrating coloring page! Download this cute JPG coloring page for kids and adults. #coloringpages #freeprintable #cutecoloring",https://tinyanimalworlds.com/coloring/all-bunny-friends-celebrating,https://tinyanimalworlds.com/pinterest/all-bunny-friends-celebrating.jpg,Tiny Animal Worlds
All Frogs Celebrating Together Coloring Page,"Free printable all frogs celebrating together coloring page! Download this cute JPG coloring page for kids and adults. #coloringpages #freeprintable #cutecoloring",https://tinyanimalworlds.com/coloring/all-frogs-celebrating-together,https://tinyanimalworlds.com/pinterest/all-frogs-celebrating-together.jpg,Tiny Animal Worlds
Bunny Flower Shop Coloring Page,"Free printable bunny flower shop coloring page! Download this cute JPG coloring page for kids and adults. #coloringpages #freeprintable #cutecoloring",https://tinyanimalworlds.com/coloring/bunny-flower-shop,https://tinyanimalworlds.com/pinterest/bunny-flower-shop.jpg,Garden Coloring Pages
Frog Flower Shop Coloring Page,"Free printable frog flower shop coloring page! Download this cute JPG coloring page for kids and adults. #coloringpages #freeprintable #cutecoloring",https://tinyanimalworlds.com/coloring/frog-flower-shop,https://tinyanimalworlds.com/pinterest/frog-flower-shop.jpg,Garden Coloring Pages
Bunny Knitting Beside Window Coloring Page,"Free printable bunny knitting beside window coloring page! Download this cute JPG coloring page for kids and adults. #coloringpages #freeprintable #cutecoloring",https://tinyanimalworlds.com/coloring/bunny-knitting-beside-window,https://tinyanimalworlds.com/pinterest/bunny-knitting-beside-window.jpg,Kawaii Coloring Pages
Frog Greenhouse Full Of Plants Coloring Page,"Free printable frog greenhouse full of plants coloring page! Download this cute JPG coloring page for kids and adults. #coloringpages #freeprintable #cutecoloring",https://tinyanimalworlds.com/coloring/frog-greenhouse-full-of-plants,https://tinyanimalworlds.com/pinterest/frog-greenhouse-full-of-plants.jpg,Garden Coloring Pages
Bunny Greenhouse Full Of Plant Coloring Page,"Free printable bunny greenhouse full of plant coloring page! Download this cute JPG coloring page for kids and adults. #coloringpages #freeprintable #cutecoloring",https://tinyanimalworlds.com/coloring/bunny-greenhouse-full-of-plant,https://tinyanimalworlds.com/pinterest/bunny-greenhouse-full-of-plant.jpg,Garden Coloring Pages
Frog Cafe Terrace With Lantern Coloring Page,"Free printable frog cafe terrace with lantern coloring page! Download this cute JPG coloring page for kids and adults. #coloringpages #freeprintable #cutecoloring",https://tinyanimalworlds.com/coloring/frog-cafe-terrace-with-lantern,https://tinyanimalworlds.com/pinterest/frog-cafe-terrace-with-lantern.jpg,Coffee Shop Coloring Pages
Bunny Arranging Flowers In Cot Coloring Page,"Free printable bunny arranging flowers in cot coloring page! Download this cute JPG coloring page for kids and adults. #coloringpages #freeprintable #cutecoloring",https://tinyanimalworlds.com/coloring/bunny-arranging-flowers-in-cot,https://tinyanimalworlds.com/pinterest/bunny-arranging-flowers-in-cot.jpg,Garden Coloring Pages
Frog Cottage Kitchen Baking Co Coloring Page,"Free printable frog cottage kitchen baking co coloring page! Download this cute JPG coloring page for kids and adults. #coloringpages #freeprintable #cutecoloring",https://tinyanimalworlds.com/coloring/frog-cottage-kitchen-baking-co,https://tinyanimalworlds.com/pinterest/frog-cottage-kitchen-baking-co.jpg,Bakery Coloring Pages
Bunny Picnic Under Tree Coloring Page,"Free printable bunny picnic under tree coloring page! Download this cute JPG coloring page for kids and adults. #coloringpages #freeprintable #cutecoloring",https://tinyanimalworlds.com/coloring/bunny-picnic-under-tree,https://tinyanimalworlds.com/pinterest/bunny-picnic-under-tree.jpg,Kawaii Coloring Pages
Frog Making Hot Chocolate Coloring Page,"Free printable frog making hot chocolate coloring page! Download this cute JPG coloring page for kids and adults. #coloringpages #freeprintable #cutecoloring",https://tinyanimalworlds.com/coloring/frog-making-hot-chocolate,https://tinyanimalworlds.com/pinterest/frog-making-hot-chocolate.jpg,Tea Party Coloring Pages
Bunny Baking Fresh Bread Coloring Page,"Free printable bunny baking fresh bread coloring page! Download this cute JPG coloring page for kids and adults. #coloringpages #freeprintable #cutecoloring",https://tinyanimalworlds.com/coloring/bunny-baking-fresh-bread,https://tinyanimalworlds.com/pinterest/bunny-baking-fresh-bread.jpg,Bakery Coloring Pages
Frog Watering Flowers Outside Coloring Page,"Free printable frog watering flowers outside coloring page! Download this cute JPG coloring page for kids and adults. #coloringpages #freeprintable #cutecoloring",https://tinyanimalworlds.com/coloring/frog-watering-flowers-outside,https://tinyanimalworlds.com/pinterest/frog-watering-flowers-outside.jpg,Garden Coloring Pages
Bunny Cottage With Vegetable G Coloring Page,"Free printable bunny cottage with vegetable g coloring page! Download this cute JPG coloring page for kids and adults. #coloringpages #freeprintable #cutecoloring",https://tinyanimalworlds.com/coloring/bunny-cottage-with-vegetable-g,https://tinyanimalworlds.com/pinterest/bunny-cottage-with-vegetable-g.jpg,Cottagecore Coloring
Frog Bookstore Cafe Coloring Page,"Free printable frog bookstore cafe coloring page! Download this cute JPG coloring page for kids and adults. #coloringpages #freeprintable #cutecoloring",https://tinyanimalworlds.com/coloring/frog-bookstore-cafe,https://tinyanimalworlds.com/pinterest/frog-bookstore-cafe.jpg,Bookstore Coloring Pages
Bunny Watering Flowers Coloring Page,"Free printable bunny watering flowers coloring page! Download this cute JPG coloring page for kids and adults. #coloringpages #freeprintable #cutecoloring",https://tinyanimalworlds.com/coloring/bunny-watering-flowers,https://tinyanimalworlds.com/pinterest/bunny-watering-flowers.jpg,Garden Coloring Pages
Frog Reading By Rainy Cafe Win Coloring Page,"Free printable frog reading by rainy cafe win coloring page! Download this cute JPG coloring page for kids and adults. #coloringpages #freeprintable #cutecoloring",https://tinyanimalworlds.com/coloring/frog-reading-by-rainy-cafe-win,https://tinyanimalworlds.com/pinterest/frog-reading-by-rainy-cafe-win.jpg,Bookstore Coloring Pages
Bunny Reading Book By Fireplac Coloring Page,"Free printable bunny reading book by fireplac coloring page! Download this cute JPG coloring page for kids and adults. #coloringpages #freeprintable #cutecoloring",https://tinyanimalworlds.com/coloring/bunny-reading-book-by-fireplac,https://tinyanimalworlds.com/pinterest/bunny-reading-book-by-fireplac.jpg,Bookstore Coloring Pages
Frog Tea Room With Teapot And Coloring Page,"Free printable frog tea room with teapot and coloring page! Download this cute JPG coloring page for kids and adults. #coloringpages #freeprintable #cutecoloring",https://tinyanimalworlds.com/coloring/frog-tea-room-with-teapot-and,https://tinyanimalworlds.com/pinterest/frog-tea-room-with-teapot-and.jpg,Tea Party Coloring Pages
Bunny Tea Party In Flower Gard Coloring Page,"Free printable bunny tea party in flower gard coloring page! Download this cute JPG coloring page for kids and adults. #coloringpages #freeprintable #cutecoloring",https://tinyanimalworlds.com/coloring/bunny-tea-party-in-flower-gard,https://tinyanimalworlds.com/pinterest/bunny-tea-party-in-flower-gard.jpg,Tea Party Coloring Pages
Frog Bakery With Cupcakes And Coloring Page,"Free printable frog bakery with cupcakes and coloring page! Download this cute JPG coloring page for kids and adults. #coloringpages #freeprintable #cutecoloring",https://tinyanimalworlds.com/coloring/frog-bakery-with-cupcakes-and,https://tinyanimalworlds.com/pinterest/frog-bakery-with-cupcakes-and.jpg,Bakery Coloring Pages
Panoramic Bunny Village Scene Coloring Page,"Free printable panoramic bunny village scene coloring page! Download this cute JPG coloring page for kids and adults. #coloringpages #freeprintable #cutecoloring",https://tinyanimalworlds.com/coloring/panoramic-bunny-village-scene,https://tinyanimalworlds.com/pinterest/panoramic-bunny-village-scene.jpg,Tiny Animal Worlds
Panoramic Frog Village Scene Coloring Page,"Free printable panoramic frog village scene coloring page! Download this cute JPG coloring page for kids and adults. #coloringpages #freeprintable #cutecoloring",https://tinyanimalworlds.com/coloring/panoramic-frog-village-scene,https://tinyanimalworlds.com/pinterest/panoramic-frog-village-scene.jpg,Tiny Animal Worlds
Bunny Baking Cupcakes In Cotta Coloring Page,"Free printable bunny baking cupcakes in cotta coloring page! Download this cute JPG coloring page for kids and adults. #coloringpages #freeprintable #cutecoloring",https://tinyanimalworlds.com/coloring/bunny-baking-cupcakes-in-cotta,https://tinyanimalworlds.com/pinterest/bunny-baking-cupcakes-in-cotta.jpg,Bakery Coloring Pages
Frog Serving Coffee In Cozy Ca Coloring Page,"Free printable frog serving coffee in cozy ca coloring page! Download this cute JPG coloring page for kids and adults. #coloringpages #freeprintable #cutecoloring",https://tinyanimalworlds.com/coloring/frog-serving-coffee-in-cozy-ca,https://tinyanimalworlds.com/pinterest/frog-serving-coffee-in-cozy-ca.jpg,Tea Party Coloring Pages
Bunny Reading In Garden Gazebo Coloring Page,"Free printable bunny reading in garden gazebo coloring page! Download this cute JPG coloring page for kids and adults. #coloringpages #freeprintable #cutecoloring",https://tinyanimalworlds.com/coloring/bunny-reading-in-garden-gazebo,https://tinyanimalworlds.com/pinterest/bunny-reading-in-garden-gazebo.jpg,Bookstore Coloring Pages
Frog Library Cafe Coloring Page,"Free printable frog library cafe coloring page! Download this cute JPG coloring page for kids and adults. #coloringpages #freeprintable #cutecoloring",https://tinyanimalworlds.com/coloring/frog-library-cafe,https://tinyanimalworlds.com/pinterest/frog-library-cafe.jpg,Bookstore Coloring Pages
Bunny Farmers Market Coloring Page,"Free printable bunny farmers market coloring page! Download this cute JPG coloring page for kids and adults. #coloringpages #freeprintable #cutecoloring",https://tinyanimalworlds.com/coloring/bunny-farmers-market,https://tinyanimalworlds.com/pinterest/bunny-farmers-market.jpg,Kawaii Coloring Pages
Frog Cottage Beside Pond Coloring Page,"Free printable frog cottage beside pond coloring page! Download this cute JPG coloring page for kids and adults. #coloringpages #freeprintable #cutecoloring",https://tinyanimalworlds.com/coloring/frog-cottage-beside-pond,https://tinyanimalworlds.com/pinterest/frog-cottage-beside-pond.jpg,Kawaii Coloring Pages
Bunny Cottage By Pond Coloring Page,"Free printable bunny cottage by pond coloring page! Download this cute JPG coloring page for kids and adults. #coloringpages #freeprintable #cutecoloring",https://tinyanimalworlds.com/coloring/bunny-cottage-by-pond,https://tinyanimalworlds.com/pinterest/bunny-cottage-by-pond.jpg,Cottagecore Coloring
Frog Village Festival Coloring Page,"Free printable frog village festival coloring page! Download this cute JPG coloring page for kids and adults. #coloringpages #freeprintable #cutecoloring",https://tinyanimalworlds.com/coloring/frog-village-festival,https://tinyanimalworlds.com/pinterest/frog-village-festival.jpg,Tiny Animal Worlds
Bunny Sewing Room Coloring Page,"Free printable bunny sewing room coloring page! Download this cute JPG coloring page for kids and adults. #coloringpages #freeprintable #cutecoloring",https://tinyanimalworlds.com/coloring/bunny-sewing-room,https://tinyanimalworlds.com/pinterest/bunny-sewing-room.jpg,Kawaii Coloring Pages
Frog Sweet Dessert Shop Coloring Page,"Free printable frog sweet dessert shop coloring page! Download this cute JPG coloring page for kids and adults. #coloringpages #freeprintable #cutecoloring",https://tinyanimalworlds.com/coloring/frog-sweet-dessert-shop,https://tinyanimalworlds.com/pinterest/frog-sweet-dessert-shop.jpg,Bakery Coloring Pages
Bunny Watering Greenhouse Plan Coloring Page,"Free printable bunny watering greenhouse plan coloring page! Download this cute JPG coloring page for kids and adults. #coloringpages #freeprintable #cutecoloring",https://tinyanimalworlds.com/coloring/bunny-watering-greenhouse-plan,https://tinyanimalworlds.com/pinterest/bunny-watering-greenhouse-plan.jpg,Garden Coloring Pages
Frog Painting Flowers Coloring Page,"Free printable frog painting flowers coloring page! Download this cute JPG coloring page for kids and adults. #coloringpages #freeprintable #cutecoloring",https://tinyanimalworlds.com/coloring/frog-painting-flowers,https://tinyanimalworlds.com/pinterest/frog-painting-flowers.jpg,Garden Coloring Pages
Bunny Baking Cookies Coloring Page,"Free printable bunny baking cookies coloring page! Download this cute JPG coloring page for kids and adults. #coloringpages #freeprintable #cutecoloring",https://tinyanimalworlds.com/coloring/bunny-baking-cookies,https://tinyanimalworlds.com/pinterest/bunny-baking-cookies.jpg,Bakery Coloring Pages
Frog Music Room Coloring Page,"Free printable frog music room coloring page! Download this cute JPG coloring page for kids and adults. #coloringpages #freeprintable #cutecoloring",https://tinyanimalworlds.com/coloring/frog-music-room,https://tinyanimalworlds.com/pinterest/frog-music-room.jpg,Kawaii Coloring Pages
Bunny Flower Meadow Picnic Coloring Page,"Free printable bunny flower meadow picnic coloring page! Download this cute JPG coloring page for kids and adults. #coloringpages #freeprintable #cutecoloring",https://tinyanimalworlds.com/coloring/bunny-flower-meadow-picnic,https://tinyanimalworlds.com/pinterest/bunny-flower-meadow-picnic.jpg,Garden Coloring Pages
Frog Camping With Coffee Kettl Coloring Page,"Free printable frog camping with coffee kettl coloring page! Download this cute JPG coloring page for kids and adults. #coloringpages #freeprintable #cutecoloring",https://tinyanimalworlds.com/coloring/frog-camping-with-coffee-kettl,https://tinyanimalworlds.com/pinterest/frog-camping-with-coffee-kettl.jpg,Coffee Shop Coloring Pages
Autumn-bakery-shop Coloring Page,"Free printable autumn-bakery-shop coloring page! Download this cute SVG coloring page for kids and adults. #coloringpages #freeprintable #cutecoloring",https://tinyanimalworlds.com/coloring/autumn-bakery-shop,https://tinyanimalworlds.com/pinterest/autumn-bakery-shop.jpg,Bakery Coloring Pages
Bear-cabin-winter Coloring Page,"Free printable bear-cabin-winter coloring page! Download this cute SVG coloring page for kids and adults. #coloringpages #freeprintable #cutecoloring",https://tinyanimalworlds.com/coloring/bear-cabin-winter,https://tinyanimalworlds.com/pinterest/bear-cabin-winter.jpg,Kawaii Coloring Pages
Bunny-cottage-garden Coloring Page,"Free printable bunny-cottage-garden coloring page! Download this cute SVG coloring page for kids and adults. #coloringpages #freeprintable #cutecoloring",https://tinyanimalworlds.com/coloring/bunny-cottage-garden,https://tinyanimalworlds.com/pinterest/bunny-cottage-garden.jpg,Garden Coloring Pages
Christmas-coloring-cottage Coloring Page,"Free printable christmas-coloring-cottage coloring page! Download this cute SVG coloring page for kids and adults. #coloringpages #freeprintable #cutecoloring",https://tinyanimalworlds.com/coloring/christmas-coloring-cottage,https://tinyanimalworlds.com/pinterest/christmas-coloring-cottage.jpg,Christmas Coloring Pages
Cozy-cat-cafe Coloring Page,"Free printable cozy-cat-cafe coloring page! Download this cute SVG coloring page for kids and adults. #coloringpages #freeprintable #cutecoloring",https://tinyanimalworlds.com/coloring/cozy-cat-cafe,https://tinyanimalworlds.com/pinterest/cozy-cat-cafe.jpg,Coffee Shop Coloring Pages
Cozy-mushroom-village Coloring Page,"Free printable cozy-mushroom-village coloring page! Download this cute SVG coloring page for kids and adults. #coloringpages #freeprintable #cutecoloring",https://tinyanimalworlds.com/coloring/cozy-mushroom-village,https://tinyanimalworlds.com/pinterest/cozy-mushroom-village.jpg,Kawaii Coloring Pages
Cozy-reading-room Coloring Page,"Free printable cozy-reading-room coloring page! Download this cute SVG coloring page for kids and adults. #coloringpages #freeprintable #cutecoloring",https://tinyanimalworlds.com/coloring/cozy-reading-room,https://tinyanimalworlds.com/pinterest/cozy-reading-room.jpg,Bookstore Coloring Pages
Cute-dragon-tea-party Coloring Page,"Free printable cute-dragon-tea-party coloring page! Download this cute SVG coloring page for kids and adults. #coloringpages #freeprintable #cutecoloring",https://tinyanimalworlds.com/coloring/cute-dragon-tea-party,https://tinyanimalworlds.com/pinterest/cute-dragon-tea-party.jpg,Fantasy Coloring Pages
Cute-hamster-home Coloring Page,"Free printable cute-hamster-home coloring page! Download this cute SVG coloring page for kids and adults. #coloringpages #freeprintable #cutecoloring",https://tinyanimalworlds.com/coloring/cute-hamster-home,https://tinyanimalworlds.com/pinterest/cute-hamster-home.jpg,Kawaii Coloring Pages
Dinosaur-parade Coloring Page,"Free printable dinosaur-parade coloring page! Download this cute SVG coloring page for kids and adults. #coloringpages #freeprintable #cutecoloring",https://tinyanimalworlds.com/coloring/dinosaur-parade,https://tinyanimalworlds.com/pinterest/dinosaur-parade.jpg,Fantasy Coloring Pages
Fairy-garden Coloring Page,"Free printable fairy-garden coloring page! Download this cute SVG coloring page for kids and adults. #coloringpages #freeprintable #cutecoloring",https://tinyanimalworlds.com/coloring/fairy-garden,https://tinyanimalworlds.com/pinterest/fairy-garden.jpg,Fantasy Coloring Pages
Fantasy-castle-garden Coloring Page,"Free printable fantasy-castle-garden coloring page! Download this cute SVG coloring page for kids and adults. #coloringpages #freeprintable #cutecoloring",https://tinyanimalworlds.com/coloring/fantasy-castle-garden,https://tinyanimalworlds.com/pinterest/fantasy-castle-garden.jpg,Fantasy Coloring Pages
Forest-animals-gathering Coloring Page,"Free printable forest-animals-gathering coloring page! Download this cute SVG coloring page for kids and adults. #coloringpages #freeprintable #cutecoloring",https://tinyanimalworlds.com/coloring/forest-animals-gathering,https://tinyanimalworlds.com/pinterest/forest-animals-gathering.jpg,Kawaii Coloring Pages
Fox-mushroom-house Coloring Page,"Free printable fox-mushroom-house coloring page! Download this cute SVG coloring page for kids and adults. #coloringpages #freeprintable #cutecoloring",https://tinyanimalworlds.com/coloring/fox-mushroom-house,https://tinyanimalworlds.com/pinterest/fox-mushroom-house.jpg,Kawaii Coloring Pages
Kawaii-animal-friends Coloring Page,"Free printable kawaii-animal-friends coloring page! Download this cute SVG coloring page for kids and adults. #coloringpages #freeprintable #cutecoloring",https://tinyanimalworlds.com/coloring/kawaii-animal-friends,https://tinyanimalworlds.com/pinterest/kawaii-animal-friends.jpg,Kawaii Coloring Pages
Kawaii-ice-cream-parlor Coloring Page,"Free printable kawaii-ice-cream-parlor coloring page! Download this cute SVG coloring page for kids and adults. #coloringpages #freeprintable #cutecoloring",https://tinyanimalworlds.com/coloring/kawaii-ice-cream-parlor,https://tinyanimalworlds.com/pinterest/kawaii-ice-cream-parlor.jpg,Kawaii Coloring Pages
Kawaii-sleepover Coloring Page,"Free printable kawaii-sleepover coloring page! Download this cute SVG coloring page for kids and adults. #coloringpages #freeprintable #cutecoloring",https://tinyanimalworlds.com/coloring/kawaii-sleepover,https://tinyanimalworlds.com/pinterest/kawaii-sleepover.jpg,Kawaii Coloring Pages
Kawaii-sweets-shop Coloring Page,"Free printable kawaii-sweets-shop coloring page! Download this cute SVG coloring page for kids and adults. #coloringpages #freeprintable #cutecoloring",https://tinyanimalworlds.com/coloring/kawaii-sweets-shop,https://tinyanimalworlds.com/pinterest/kawaii-sweets-shop.jpg,Kawaii Coloring Pages
Magic-library Coloring Page,"Free printable magic-library coloring page! Download this cute SVG coloring page for kids and adults. #coloringpages #freeprintable #cutecoloring",https://tinyanimalworlds.com/coloring/magic-library,https://tinyanimalworlds.com/pinterest/magic-library.jpg,Bookstore Coloring Pages
Penguin-winter-wonderland Coloring Page,"Free printable penguin-winter-wonderland coloring page! Download this cute SVG coloring page for kids and adults. #coloringpages #freeprintable #cutecoloring",https://tinyanimalworlds.com/coloring/penguin-winter-wonderland,https://tinyanimalworlds.com/pinterest/penguin-winter-wonderland.jpg,Christmas Coloring Pages
Puppy-tea-party-garden Coloring Page,"Free printable puppy-tea-party-garden coloring page! Download this cute SVG coloring page for kids and adults. #coloringpages #freeprintable #cutecoloring",https://tinyanimalworlds.com/coloring/puppy-tea-party-garden,https://tinyanimalworlds.com/pinterest/puppy-tea-party-garden.jpg,Garden Coloring Pages
Rabbit-tea-party Coloring Page,"Free printable rabbit-tea-party coloring page! Download this cute SVG coloring page for kids and adults. #coloringpages #freeprintable #cutecoloring",https://tinyanimalworlds.com/coloring/rabbit-tea-party,https://tinyanimalworlds.com/pinterest/rabbit-tea-party.jpg,Kawaii Coloring Pages
Rainbow-unicorn-simple Coloring Page,"Free printable rainbow-unicorn-simple coloring page! Download this cute SVG coloring page for kids and adults. #coloringpages #freeprintable #cutecoloring",https://tinyanimalworlds.com/coloring/rainbow-unicorn-simple,https://tinyanimalworlds.com/pinterest/rainbow-unicorn-simple.jpg,Fantasy Coloring Pages
Simple-farm-animals Coloring Page,"Free printable simple-farm-animals coloring page! Download this cute SVG coloring page for kids and adults. #coloringpages #freeprintable #cutecoloring",https://tinyanimalworlds.com/coloring/simple-farm-animals,https://tinyanimalworlds.com/pinterest/simple-farm-animals.jpg,Kawaii Coloring Pages
Sleeping-kitten-basket Coloring Page,"Free printable sleeping-kitten-basket coloring page! Download this cute SVG coloring page for kids and adults. #coloringpages #freeprintable #cutecoloring",https://tinyanimalworlds.com/coloring/sleeping-kitten-basket,https://tinyanimalworlds.com/pinterest/sleeping-kitten-basket.jpg,Cozy Coloring Pages
Tiny-animal-village Coloring Page,"Free printable tiny-animal-village coloring page! Download this cute SVG coloring page for kids and adults. #coloringpages #freeprintable #cutecoloring",https://tinyanimalworlds.com/coloring/tiny-animal-village,https://tinyanimalworlds.com/pinterest/tiny-animal-village.jpg,Kawaii Coloring Pages
Underwater-friends Coloring Page,"Free printable underwater-friends coloring page! Download this cute SVG coloring page for kids and adults. #coloringpages #freeprintable #cutecoloring",https://tinyanimalworlds.com/coloring/underwater-friends,https://tinyanimalworlds.com/pinterest/underwater-friends.jpg,Kawaii Coloring Pages
Unicorn-fairy-forest Coloring Page,"Free printable unicorn-fairy-forest coloring page! Download this cute SVG coloring page for kids and adults. #coloringpages #freeprintable #cutecoloring",https://tinyanimalworlds.com/coloring/unicorn-fairy-forest,https://tinyanimalworlds.com/pinterest/unicorn-fairy-forest.jpg,Fantasy Coloring Pages
Cozy Backyard Picnic Blanket Coloring Page,"Download this free printable cozy backyard picnic blanket coloring page. Perfect for kids and adults who love cozy, relaxing coloring scenes with cute, aesthetic summer vibes. High-quality JPG download ready to print.",https://tinyanimalworlds.com/coloring/cozy-backyard-picnic-blanket,https://tinyanimalworlds.com/pinterest/day12/cozy-backyard-picnic-blanket.jpg,Cozy Coloring Pages
Cozy Backyard Firefly Evening Coloring Page,"Download this free printable cozy backyard firefly evening coloring page. Perfect for kids and adults who love cozy, relaxing coloring scenes with cute, aesthetic summer vibes. High-quality JPG download ready to print.",https://tinyanimalworlds.com/coloring/cozy-backyard-firefly-evening,https://tinyanimalworlds.com/pinterest/day13/cozy-backyard-firefly-evening.jpg,Cozy Coloring Pages
Cozy Summer Garden Bench Coloring Page,"Download this free printable cozy summer garden bench coloring page. Perfect for kids and adults who love cozy, relaxing coloring scenes with cute, aesthetic garden vibes. High-quality JPG download ready to print.",https://tinyanimalworlds.com/coloring/cozy-summer-garden-bench,https://tinyanimalworlds.com/pinterest/day14/cozy-summer-garden-bench.jpg,Garden Coloring Pages
Cozy Summer Hammock Nap Coloring Page,"Download this free printable cozy summer hammock nap coloring page. Perfect for kids and adults who love cozy, relaxing coloring scenes with cute, aesthetic summer vibes. High-quality JPG download ready to print.",https://tinyanimalworlds.com/coloring/cozy-summer-hammock-nap,https://tinyanimalworlds.com/pinterest/day14/cozy-summer-hammock-nap.jpg,Cozy Coloring Pages
Cozy Sunset Picnic By Lake Coloring Page,"Download this free printable cozy sunset picnic by lake coloring page. Perfect for kids and adults who love cozy, relaxing coloring scenes with cute, aesthetic summer vibes. High-quality JPG download ready to print.",https://tinyanimalworlds.com/coloring/cozy-sunset-picnic-by-lake,https://tinyanimalworlds.com/pinterest/day14/cozy-sunset-picnic-by-lake.jpg,Cottagecore Coloring
Tiny Cat Driving a Bookmobile Coloring Page,"Download this free printable tiny-cat-driving-a-bookmobile coloring page! Perfect for kids and adults who love cute, cozy coloring scenes. High-quality JPG download.",https://tinyanimalworlds.com/coloring/tiny-cat-driving-a-bookmobile,https://tinyanimalworlds.com/pinterest/day15/tiny-cat-driving-a-bookmobile.jpg?v=a4daea72,Tiny Animal Worlds
Cute Frog Playing Guitar At Wo Coloring Page,"Download this free printable cute frog playing guitar at wo coloring page. Perfect for kids and adults who love cute, cozy animal scenes with adorable woodland vibes. High-quality JPG download ready to print.",https://tinyanimalworlds.com/coloring/cute-frog-playing-guitar-at-wo,https://tinyanimalworlds.com/pinterest/day15/cute-frog-playing-guitar-at-wo.jpg?v=a4daea72,Cute Animal Coloring Pages
Cute Bunny Relaxing On Garden Coloring Page,"Download this free printable cute bunny relaxing on garden coloring page. Perfect for kids and adults who love cute, cozy animal scenes with adorable woodland vibes. High-quality JPG download ready to print.",https://tinyanimalworlds.com/coloring/cute-bunny-relaxing-on-garden,https://tinyanimalworlds.com/pinterest/day15/cute-bunny-relaxing-on-garden.jpg?v=a4daea72,Cottagecore Coloring
bear baking with friends Coloring Page,"Download this free printable bear-baking-with-friends coloring page! Perfect for kids and adults who love cute, cozy coloring scenes. High-quality JPG download.",https://tinyanimalworlds.com/coloring/bear-baking-with-friends,https://tinyanimalworlds.com/pinterest/day15/bear-baking-with-friends.jpg?v=a4daea72,Bakery Coloring Pages
Cute Deer Browsing Books In Wo Coloring Page,"Download this free printable cute deer browsing books in wo coloring page. Perfect for kids and adults who love cute, cozy animal scenes with adorable woodland vibes. High-quality JPG download ready to print.",https://tinyanimalworlds.com/coloring/cute-deer-browsing-books-in-wo,https://tinyanimalworlds.com/pinterest/day15/cute-deer-browsing-books-in-wo.jpg?v=a4daea72,Bookstore Coloring Pages
Cute Hamster Arranging Flowers Coloring Page,"Download this free printable cute hamster arranging flowers coloring page. Perfect for kids and adults who love cute, cozy animal scenes with adorable woodland vibes. High-quality JPG download ready to print.",https://tinyanimalworlds.com/coloring/cute-hamster-arranging-flowers,https://tinyanimalworlds.com/pinterest/day15/cute-hamster-arranging-flowers.jpg?v=a4daea72,Garden Coloring Pages
Cute Hamster Having Tea In Flo Coloring Page,"Download this free printable cute hamster having tea in flo coloring page. Perfect for kids and adults who love cute, cozy animal scenes with adorable woodland vibes. High-quality JPG download ready to print.",https://tinyanimalworlds.com/coloring/cute-hamster-having-tea-in-flo,https://tinyanimalworlds.com/pinterest/day15/cute-hamster-having-tea-in-flo.jpg?v=a4daea72,Tea Party Coloring Pages
Cozy Summer Treehouse Hideout Coloring Page,"Download this free printable cozy summer treehouse hideout coloring page. Perfect for kids and adults who love cozy, relaxing coloring scenes with cute, aesthetic summer vibes. High-quality JPG download ready to print.",https://tinyanimalworlds.com/coloring/cozy-summer-treehouse-hideout,https://tinyanimalworlds.com/pinterest/day15/cozy-summer-treehouse-hideout.jpg?v=a4daea72,Cozy Coloring Pages
Cozy Window Seat On Rainy Day Coloring Page,"Download this free printable cozy window seat on rainy day coloring page. Perfect for kids and adults who love cozy, relaxing coloring scenes with cute, aesthetic interiors. High-quality JPG download ready to print.",https://tinyanimalworlds.com/coloring/cozy-window-seat-on-rainy-day,https://tinyanimalworlds.com/pinterest/day15/cozy-window-seat-on-rainy-day.jpg?v=a4daea72,Rainy Day Coloring Pages
Tiny Hamster Organizing Magica Coloring Page,"Download this free printable tiny hamster organizing magica coloring page. Perfect for kids and adults who love cute, cozy tiny animal scenes with adorable woodland vibes. High-quality JPG download ready to print.",https://tinyanimalworlds.com/coloring/tiny-hamster-organizing-magica,https://tinyanimalworlds.com/pinterest/day16/tiny-hamster-organizing-magica.jpg?v=a4daea72,Tiny Animal Worlds
Mouse Dessert Buffet Coloring Page,"Download this free printable mouse dessert buffet coloring page. Perfect for kids and adults who love cute, cozy mouse tea party scenes with adorable animal vibes. High-quality JPG download ready to print.",https://tinyanimalworlds.com/coloring/mouse-dessert-buffet,https://tinyanimalworlds.com/pinterest/day16/mouse-dessert-buffet.jpg?v=a4daea72,Cute Animal Coloring Pages
Mouse Garden Tea Party Coloring Page,"Download this free printable mouse garden tea party coloring page. Perfect for kids and adults who love cute, cozy mouse tea party scenes with adorable animal vibes. High-quality JPG download ready to print.",https://tinyanimalworlds.com/coloring/mouse-garden-tea-party,https://tinyanimalworlds.com/pinterest/day16/mouse-garden-tea-party.jpg?v=a4daea72,Cottagecore Coloring
Mouse Serving Cupcakes Coloring Page,"Download this free printable mouse serving cupcakes coloring page. Perfect for kids and adults who love cute, cozy mouse tea party scenes with adorable animal vibes. High-quality JPG download ready to print.",https://tinyanimalworlds.com/coloring/mouse-serving-cupcakes,https://tinyanimalworlds.com/pinterest/day16/mouse-serving-cupcakes.jpg?v=a4daea72,Bakery Coloring Pages
Hedgehog Reading In Garden Coloring Page,"Download this free printable hedgehog reading in garden coloring page. Perfect for kids and adults who love cute, cozy hedgehog garden scenes with adorable animal vibes. High-quality JPG download ready to print.",https://tinyanimalworlds.com/coloring/hedgehog-reading-in-garden,https://tinyanimalworlds.com/pinterest/day16/hedgehog-reading-in-garden.jpg?v=a4daea72,Bookstore Coloring Pages
Mouse Flower Tea Table Coloring Page,"Download this free printable mouse flower tea table coloring page. Perfect for kids and adults who love cute, cozy mouse tea party scenes with adorable animal vibes. High-quality JPG download ready to print.",https://tinyanimalworlds.com/coloring/mouse-flower-tea-table,https://tinyanimalworlds.com/pinterest/day16/mouse-flower-tea-table.jpg?v=a4daea72,Garden Coloring Pages
Mouse Tea Party Under Lanterns Coloring Page,"Download this free printable mouse tea party under lanterns coloring page. Perfect for kids and adults who love cute, cozy mouse tea party scenes with adorable animal vibes. High-quality JPG download ready to print.",https://tinyanimalworlds.com/coloring/mouse-tea-party-under-lanterns,https://tinyanimalworlds.com/pinterest/day16/mouse-tea-party-under-lanterns.jpg?v=a4daea72,Tea Party Coloring Pages
Cozy Backyard Watermelon Picni Coloring Page,"Download this free printable cozy backyard watermelon picni coloring page. Perfect for kids and adults who love cozy, relaxing coloring scenes with cute, aesthetic summer vibes. High-quality JPG download ready to print.",https://tinyanimalworlds.com/coloring/cozy-backyard-watermelon-picni,https://tinyanimalworlds.com/pinterest/day16/cozy-backyard-watermelon-picni.jpg?v=a4daea72,Cozy Coloring Pages
Cute Bear Inside Snowy Cabin Coloring Page,"Download this free printable cute bear inside snowy cabin coloring page. Perfect for kids and adults who love cute, cozy animal scenes with adorable woodland vibes. High-quality JPG download ready to print.",https://tinyanimalworlds.com/coloring/cute-bear-inside-snowy-cabin,https://tinyanimalworlds.com/pinterest/day16/cute-bear-inside-snowy-cabin.jpg?v=a4daea72,Rainy Day Coloring Pages
Tiny Raccoon Building Wooden T Coloring Page,"Download this free printable tiny raccoon building wooden t coloring page. Perfect for kids and adults who love cute, cozy tiny animal scenes with adorable woodland vibes. High-quality JPG download ready to print.",https://tinyanimalworlds.com/coloring/tiny-raccoon-building-wooden-t,https://tinyanimalworlds.com/pinterest/day17/tiny-raccoon-building-wooden-t.jpg?v=a4daea72,Tiny Animal Worlds
Mouse Woodland Celebration Coloring Page,"Download this free printable mouse woodland celebration coloring page. Perfect for kids and adults who love cute, cozy mouse tea party scenes with adorable animal vibes. High-quality JPG download ready to print.",https://tinyanimalworlds.com/coloring/mouse-woodland-celebration,https://tinyanimalworlds.com/pinterest/day17/mouse-woodland-celebration.jpg?v=a4daea72,Cute Animal Coloring Pages
Cozy Lake Cabin Weekend Coloring Page,"Download this free printable cozy lake cabin weekend coloring page. Perfect for kids and adults who love cozy, relaxing coloring scenes with cute, aesthetic summer vibes. High-quality JPG download ready to print.",https://tinyanimalworlds.com/coloring/cozy-lake-cabin-weekend,https://tinyanimalworlds.com/pinterest/day17/cozy-lake-cabin-weekend.jpg?v=a4daea72,Cottagecore Coloring
Mouse Decorating Cake Coloring Page,"Download this free printable mouse decorating cake coloring page. Perfect for kids and adults who love cute, cozy mouse tea party scenes with adorable animal vibes. High-quality JPG download ready to print.",https://tinyanimalworlds.com/coloring/mouse-decorating-cake,https://tinyanimalworlds.com/pinterest/day17/mouse-decorating-cake.jpg?v=a4daea72,Bakery Coloring Pages
Fox Coffee Shop Reading Corner Coloring Page,"Download this free printable fox coffee shop reading corner coloring page. Perfect for kids and adults who love cozy, relaxing coloring scenes with cute, aesthetic bookstore and reading vibes. High-quality JPG download ready to print.",https://tinyanimalworlds.com/coloring/fox-coffee-shop-reading-corner,https://tinyanimalworlds.com/pinterest/day17/fox-coffee-shop-reading-corner.jpg?v=a4daea72,Bookstore Coloring Pages
Tiny Mole Arranging Flowers Fo Coloring Page,"Download this free printable tiny mole arranging flowers fo coloring page. Perfect for kids and adults who love cute, cozy tiny animal scenes with adorable woodland vibes. High-quality JPG download ready to print.",https://tinyanimalworlds.com/coloring/tiny-mole-arranging-flowers-fo,https://tinyanimalworlds.com/pinterest/day17/tiny-mole-arranging-flowers-fo.jpg?v=a4daea72,Garden Coloring Pages
Mouse Pouring Tea Coloring Page,"Download this free printable mouse pouring tea coloring page. Perfect for kids and adults who love cute, cozy mouse tea party scenes with adorable animal vibes. High-quality JPG download ready to print.",https://tinyanimalworlds.com/coloring/mouse-pouring-tea,https://tinyanimalworlds.com/pinterest/day17/mouse-pouring-tea.jpg?v=a4daea72,Tea Party Coloring Pages
Cozy Forest Camping Spot Coloring Page,"Download this free printable cozy forest camping spot coloring page. Perfect for kids and adults who love cozy, relaxing coloring scenes with cute, aesthetic summer vibes. High-quality JPG download ready to print.",https://tinyanimalworlds.com/coloring/cozy-forest-camping-spot,https://tinyanimalworlds.com/pinterest/day17/cozy-forest-camping-spot.jpg?v=a4daea72,Cozy Coloring Pages
Cozy Winter Blanket Room Coloring Page,"Download this free printable cozy winter blanket room coloring page. Perfect for kids and adults who love cozy, relaxing coloring scenes with cute, aesthetic interiors. High-quality JPG download ready to print.",https://tinyanimalworlds.com/coloring/cozy-winter-blanket-room,https://tinyanimalworlds.com/pinterest/day17/cozy-winter-blanket-room.jpg?v=a4daea72,Rainy Day Coloring Pages
Tiny Otter Baking Comet Shaped Coloring Page,"Download this free printable tiny otter baking comet shaped coloring page. Perfect for kids and adults who love cute, cozy tiny animal scenes with adorable woodland vibes. High-quality JPG download ready to print.",https://tinyanimalworlds.com/coloring/tiny-otter-baking-comet-shaped,https://tinyanimalworlds.com/pinterest/day18/tiny-otter-baking-comet-shaped.jpg?v=6f6579fe,Tiny Animal Worlds
Mouse Tea Party With Friends Coloring Page,"Download this free printable mouse tea party with friends coloring page. Perfect for kids and adults who love cute, cozy mouse tea party scenes with adorable animal vibes. High-quality JPG download ready to print.",https://tinyanimalworlds.com/coloring/mouse-tea-party-with-friends,https://tinyanimalworlds.com/pinterest/day18/mouse-tea-party-with-friends.jpg?v=6f6579fe,Cute Animal Coloring Pages
Hedgehog Cottage Garden Coloring Page,"Download this free printable hedgehog cottage garden coloring page. Perfect for kids and adults who love cute, cozy hedgehog garden scenes with adorable animal vibes. High-quality JPG download ready to print.",https://tinyanimalworlds.com/coloring/hedgehog-cottage-garden,https://tinyanimalworlds.com/pinterest/day18/hedgehog-cottage-garden.jpg?v=6f6579fe,Cottagecore Coloring
Mouse Cookie Baking Scene Coloring Page,"Download this free printable mouse cookie baking scene coloring page. Perfect for kids and adults who love cute, cozy mouse tea party scenes with adorable animal vibes. High-quality JPG download ready to print.",https://tinyanimalworlds.com/coloring/mouse-cookie-baking-scene,https://tinyanimalworlds.com/pinterest/day18/mouse-cookie-baking-scene.jpg?v=6f6579fe,Bakery Coloring Pages
Cute Fox Reading Beside Firepl Coloring Page,"Download this free printable cute fox reading beside firepl coloring page. Perfect for kids and adults who love cute, cozy animal scenes with adorable woodland vibes. High-quality JPG download ready to print.",https://tinyanimalworlds.com/coloring/cute-fox-reading-beside-firepl,https://tinyanimalworlds.com/pinterest/day18/cute-fox-reading-beside-firepl.jpg?v=6f6579fe,Bookstore Coloring Pages
Mouse Flower Cafe Scene Coloring Page,"Download this free printable mouse flower cafe scene coloring page. Perfect for kids and adults who love cute, cozy mouse tea party scenes with adorable animal vibes. High-quality JPG download ready to print.",https://tinyanimalworlds.com/coloring/mouse-flower-cafe-scene,https://tinyanimalworlds.com/pinterest/day18/mouse-flower-cafe-scene.jpg?v=6f6579fe,Garden Coloring Pages
Cute Cat Having Tea In Flower Coloring Page,"Download this free printable cute cat having tea in flower coloring page. Perfect for kids and adults who love cute, cozy animal scenes with adorable woodland vibes. High-quality JPG download ready to print.",https://tinyanimalworlds.com/coloring/cute-cat-having-tea-in-flower,https://tinyanimalworlds.com/pinterest/day18/cute-cat-having-tea-in-flower.jpg?v=6f6579fe,Tea Party Coloring Pages
Cozy Lakeside Hammock Retreat Coloring Page,"Download this free printable cozy lakeside hammock retreat coloring page. Perfect for kids and adults who love cozy, relaxing coloring scenes with cute, aesthetic summer vibes. High-quality JPG download ready to print.",https://tinyanimalworlds.com/coloring/cozy-lakeside-hammock-retreat,https://tinyanimalworlds.com/pinterest/day18/cozy-lakeside-hammock-retreat.jpg?v=6f6579fe,Cozy Coloring Pages
Mouse Cottage Tea Room Coloring Page,"Download this free printable mouse cottage tea room coloring page coloring page. Perfect for kids and adults who love cute, cozy coloring scenes. High-quality JPG download ready to print.",https://tinyanimalworlds.com/coloring/mouse-cottage-tea-room,https://tinyanimalworlds.com/pinterest/day19/mouse-cottage-tea-room.jpg?v=d4c7746c,Tiny Animal Worlds
Deer Cottage Porch Swing Coloring Page,"Download this free printable deer cottage porch swing coloring page coloring page. Perfect for kids and adults who love cute, cozy coloring scenes. High-quality JPG download ready to print.",https://tinyanimalworlds.com/coloring/deer-cottage-porch-swing,https://tinyanimalworlds.com/pinterest/day19/deer-cottage-porch-swing.jpg?v=d4c7746c,Cute Animal Coloring Pages
Hedgehog Flower Fence Scene Coloring Page,"Download this free printable hedgehog flower fence scene coloring page coloring page. Perfect for kids and adults who love cute, cozy coloring scenes. High-quality JPG download ready to print.",https://tinyanimalworlds.com/coloring/hedgehog-flower-fence-scene,https://tinyanimalworlds.com/pinterest/day19/hedgehog-flower-fence-scene.jpg?v=d4c7746c,Kawaii Coloring Pages
Panda Cottage Picnic Coloring Page,"Download this free printable panda cottage picnic coloring page coloring page. Perfect for kids and adults who love cute, cozy coloring scenes. High-quality JPG download ready to print.",https://tinyanimalworlds.com/coloring/panda-cottage-picnic,https://tinyanimalworlds.com/pinterest/day19/panda-cottage-picnic.jpg?v=d4c7746c,Cottagecore Coloring
Bear Baking Cookies Prin Coloring Page,"Download this free printable bear baking cookies prin coloring page coloring page. Perfect for kids and adults who love cute, cozy coloring scenes. High-quality JPG download ready to print.",https://tinyanimalworlds.com/coloring/bear-baking-cookies-prin,https://tinyanimalworlds.com/pinterest/day19/bear-baking-cookies-prin.jpg?v=d4c7746c,Bakery Coloring Pages
Fox Library Window Seat Coloring Page,"Download this free printable fox library window seat coloring page coloring page. Perfect for kids and adults who love cute, cozy coloring scenes. High-quality JPG download ready to print.",https://tinyanimalworlds.com/coloring/fox-library-window-seat,https://tinyanimalworlds.com/pinterest/day19/fox-library-window-seat.jpg?v=d4c7746c,Bookstore Coloring Pages
Bunny Mushroom Cottage Coloring Page,"Download this free printable bunny mushroom cottage coloring page coloring page. Perfect for kids and adults who love cute, cozy coloring scenes. High-quality JPG download ready to print.",https://tinyanimalworlds.com/coloring/bunny-mushroom-cottage,https://tinyanimalworlds.com/pinterest/day19/bunny-mushroom-cottage.jpg?v=d4c7746c,Garden Coloring Pages
Tiny Frog Living in a Floating Coloring Page,"Download this free printable tiny frog living in a floating coloring page coloring page. Perfect for kids and adults who love cute, cozy coloring scenes. High-quality JPG download ready to print.",https://tinyanimalworlds.com/coloring/tiny-frog-living-in-a-floating,https://tinyanimalworlds.com/pinterest/day19/tiny-frog-living-in-a-floating.jpg?v=d4c7746c,Tea Party Coloring Pages
Tiny Squirrel Hosting an Acorn Coloring Page,"Download this free printable tiny squirrel hosting an acorn coloring page coloring page. Perfect for kids and adults who love cute, cozy coloring scenes. High-quality JPG download ready to print.",https://tinyanimalworlds.com/coloring/tiny-squirrel-hosting-an-acorn,https://tinyanimalworlds.com/pinterest/day19/tiny-squirrel-hosting-an-acorn.jpg?v=d4c7746c,Cozy Coloring Pages
Duck Wearing Rain Boots Coloring Page,"Download this free printable duck wearing rain boots coloring page coloring page. Perfect for kids and adults who love cute, cozy coloring scenes. High-quality JPG download ready to print.",https://tinyanimalworlds.com/coloring/duck-wearing-rain-boots,https://tinyanimalworlds.com/pinterest/day19/duck-wearing-rain-boots.jpg?v=d4c7746c,Rainy Day Coloring Pages
Otter Family Riverside Picnic Coloring Page,"Download this free printable otter family riverside picnic coloring page. Perfect for kids and adults who love cute otter coloring scenes. High-quality JPG download ready to print.",https://tinyanimalworlds.com/coloring/otter-family-riverside-picnic,https://tinyanimalworlds.com/pinterest/day20/otter-family-riverside-picnic.jpg?v=4bf7a189,Cute Animal Coloring Pages
Otter Gardening Beside Cottage Coloring Page,"Download this free printable otter gardening beside cottage coloring page. Perfect for kids and adults who love cute otter coloring scenes. High-quality JPG download ready to print.",https://tinyanimalworlds.com/coloring/otter-gardening-beside-cottage,https://tinyanimalworlds.com/pinterest/day20/otter-gardening-beside-cottage.jpg?v=4bf7a189,Garden Coloring Pages
Otter Blanket and Book Scene Coloring Page,"Download this free printable otter blanket and book scene coloring page. Perfect for kids and adults who love cute otter coloring scenes. High-quality JPG download ready to print.",https://tinyanimalworlds.com/coloring/otter-blanket-and-book-scene,https://tinyanimalworlds.com/pinterest/day20/otter-blanket-and-book-scene.jpg?v=4bf7a189,Bookstore Coloring Pages
Otter Flower Bridge Crossing Coloring Page,"Download this free printable otter flower bridge crossing coloring page. Perfect for kids and adults who love cute otter coloring scenes. High-quality JPG download ready to print.",https://tinyanimalworlds.com/coloring/otter-flower-bridge-crossing,https://tinyanimalworlds.com/pinterest/day20/otter-flower-bridge-crossing.jpg?v=4bf7a189,Garden Coloring Pages
Otter Riverside Bakery Visit Coloring Page,"Download this free printable otter riverside bakery visit coloring page. Perfect for kids and adults who love cute otter coloring scenes. High-quality JPG download ready to print.",https://tinyanimalworlds.com/coloring/otter-riverside-bakery-visit,https://tinyanimalworlds.com/pinterest/day20/otter-riverside-bakery-visit.jpg?v=4bf7a189,Cozy Coloring Pages
Otter Lantern Evening Scene Coloring Page,"Download this free printable otter lantern evening scene coloring page. Perfect for kids and adults who love cute otter coloring scenes. High-quality JPG download ready to print.",https://tinyanimalworlds.com/coloring/otter-lantern-evening-scene,https://tinyanimalworlds.com/pinterest/day20/otter-lantern-evening-scene.jpg?v=4bf7a189,Cute Animal Coloring Pages
Otter Fishing Dock Scene Coloring Page,"Download this free printable otter fishing dock scene coloring page. Perfect for kids and adults who love cute otter coloring scenes. High-quality JPG download ready to print.",https://tinyanimalworlds.com/coloring/otter-fishing-dock-scene,https://tinyanimalworlds.com/pinterest/day20/otter-fishing-dock-scene.jpg?v=4bf7a189,Cute Animal Coloring Pages
Otter Decorating Riverside Cottage Coloring Page,"Download this free printable otter decorating riverside cottage coloring page. Perfect for kids and adults who love cute otter coloring scenes. High-quality JPG download ready to print.",https://tinyanimalworlds.com/coloring/otter-decorating-riverside-cot,https://tinyanimalworlds.com/pinterest/day20/otter-decorating-riverside-cot.jpg?v=4bf7a189,Cute Animal Coloring Pages
Otter Woodland Pathway Walk Coloring Page,"Download this free printable otter woodland pathway walk coloring page. Perfect for kids and adults who love cute otter coloring scenes. High-quality JPG download ready to print.",https://tinyanimalworlds.com/coloring/otter-woodland-pathway-walk,https://tinyanimalworlds.com/pinterest/day20/otter-woodland-pathway-walk.jpg?v=4bf7a189,Cute Animal Coloring Pages
Otter Cottage Porch Scene Coloring Page,"Download this free printable otter cottage porch scene coloring page. Perfect for kids and adults who love cute otter coloring scenes. High-quality JPG download ready to print.",https://tinyanimalworlds.com/coloring/otter-cottage-porch-scene,https://tinyanimalworlds.com/pinterest/day20/otter-cottage-porch-scene.jpg?v=4bf7a189,Cottagecore Coloring
Grand Otter Riverside Festival Coloring Page,"Download this free printable grand otter riverside festival coloring page. Perfect for kids and adults who love cute otter coloring scenes. High-quality JPG download ready to print.",https://tinyanimalworlds.com/coloring/grand-otter-riverside-festival,https://tinyanimalworlds.com/pinterest/day20/grand-otter-riverside-festival.jpg?v=4bf7a189,Cute Animal Coloring Pages
Otter Reading Under Tree Coloring Page,"Download this free printable otter reading under tree coloring page. Perfect for kids and adults who love cute otter coloring scenes. High-quality JPG download ready to print.",https://tinyanimalworlds.com/coloring/otter-reading-under-tree,https://tinyanimalworlds.com/pinterest/day20/otter-reading-under-tree.jpg?v=4bf7a189,Bookstore Coloring Pages
Otter Riverside Tea Table Coloring Page,"Download this free printable otter riverside tea table coloring page. Perfect for kids and adults who love cute otter coloring scenes. High-quality JPG download ready to print.",https://tinyanimalworlds.com/coloring/otter-riverside-tea-table,https://tinyanimalworlds.com/pinterest/day20/otter-riverside-tea-table.jpg?v=4bf7a189,Tea Party Coloring Pages
Otter Relaxing in Hammock Coloring Page,"Download this free printable otter relaxing in hammock coloring page. Perfect for kids and adults who love cute otter coloring scenes. High-quality JPG download ready to print.",https://tinyanimalworlds.com/coloring/otter-relaxing-in-hammock,https://tinyanimalworlds.com/pinterest/day20/otter-relaxing-in-hammock.jpg?v=4bf7a189,Cute Animal Coloring Pages
Otter Picnic Beside River Coloring Page,"Download this free printable otter picnic beside river coloring page. Perfect for kids and adults who love cute otter coloring scenes. High-quality JPG download ready to print.",https://tinyanimalworlds.com/coloring/otter-picnic-beside-river,https://tinyanimalworlds.com/pinterest/day20/otter-picnic-beside-river.jpg?v=4bf7a189,Cute Animal Coloring Pages
Otter Flower Garden Scene Coloring Page,"Download this free printable otter flower garden scene coloring page. Perfect for kids and adults who love cute otter coloring scenes. High-quality JPG download ready to print.",https://tinyanimalworlds.com/coloring/otter-flower-garden-scene,https://tinyanimalworlds.com/pinterest/day20/otter-flower-garden-scene.jpg?v=4bf7a189,Garden Coloring Pages
Otter Carrying Fish Basket Coloring Page,"Download this free printable otter carrying fish basket coloring page. Perfect for kids and adults who love cute otter coloring scenes. High-quality JPG download ready to print.",https://tinyanimalworlds.com/coloring/otter-carrying-fish-basket,https://tinyanimalworlds.com/pinterest/day20/otter-carrying-fish-basket.jpg?v=4bf7a189,Cute Animal Coloring Pages
Otter Rowing Small Boat Coloring Page,"Download this free printable otter rowing small boat coloring page. Perfect for kids and adults who love cute otter coloring scenes. High-quality JPG download ready to print.",https://tinyanimalworlds.com/coloring/otter-rowing-small-boat,https://tinyanimalworlds.com/pinterest/day20/otter-rowing-small-boat.jpg?v=4bf7a189,Cute Animal Coloring Pages
Otter Riverside Cottage Coloring Page,"Download this free printable otter riverside cottage coloring page. Perfect for kids and adults who love cute otter coloring scenes. High-quality JPG download ready to print.",https://tinyanimalworlds.com/coloring/otter-riverside-cottage,https://tinyanimalworlds.com/pinterest/day20/otter-riverside-cottage.jpg?v=4bf7a189,Cottagecore Coloring
Otter Fishing By Riverbank Coloring Page,"Download this free printable otter fishing by riverbank coloring page. Perfect for kids and adults who love cute otter coloring scenes. High-quality JPG download ready to print.",https://tinyanimalworlds.com/coloring/otter-fishing-by-riverbank,https://tinyanimalworlds.com/pinterest/day20/otter-fishing-by-riverbank.jpg?v=4bf7a189,Cute Animal Coloring Pages
Otter Drinking Tea on Dock Coloring Page,"Download this free printable otter drinking tea on dock coloring page. Perfect for kids and adults who love cute otter coloring scenes. High-quality JPG download ready to print.",https://tinyanimalworlds.com/coloring/otter-drinking-tea-on-dock,https://tinyanimalworlds.com/pinterest/day20/otter-drinking-tea-on-dock.jpg?v=4bf7a189,Tea Party Coloring Pages
Panoramic Otter Riverside Village Coloring Page,"Download this free printable panoramic otter riverside village coloring page. Perfect for kids and adults who love cute otter coloring scenes. High-quality JPG download ready to print.",https://tinyanimalworlds.com/coloring/panoramic-otter-riverside-vill,https://tinyanimalworlds.com/pinterest/day20/panoramic-otter-riverside-vill.jpg?v=4bf7a189,Cute Animal Coloring Pages
Otter Reading Beside River Coloring Page,"Download this free printable otter reading beside river coloring page. Perfect for kids and adults who love cute otter coloring scenes. High-quality JPG download ready to print.",https://tinyanimalworlds.com/coloring/otter-reading-beside-river,https://tinyanimalworlds.com/pinterest/day20/otter-reading-beside-river.jpg?v=4bf7a189,Bookstore Coloring Pages
Otter Sunset Dock Scene Coloring Page,"Download this free printable otter sunset dock scene coloring page. Perfect for kids and adults who love cute otter coloring scenes. High-quality JPG download ready to print.",https://tinyanimalworlds.com/coloring/otter-sunset-dock-scene,https://tinyanimalworlds.com/pinterest/day20/otter-sunset-dock-scene.jpg?v=4bf7a189,Cute Animal Coloring Pages
Otter Cozy Riverside Market Coloring Page,"Download this free printable otter cozy riverside market coloring page. Perfect for kids and adults who love cute otter coloring scenes. High-quality JPG download ready to print.",https://tinyanimalworlds.com/coloring/otter-cozy-riverside-market,https://tinyanimalworlds.com/pinterest/day20/otter-cozy-riverside-market.jpg?v=4bf7a189,Cozy Coloring Pages
Otter Woodland Celebration Coloring Page,"Download this free printable otter woodland celebration coloring page. Perfect for kids and adults who love cute otter coloring scenes. High-quality JPG download ready to print.",https://tinyanimalworlds.com/coloring/otter-woodland-celebration,https://tinyanimalworlds.com/pinterest/day20/otter-woodland-celebration.jpg?v=4bf7a189,Cute Animal Coloring Pages
Otter Flower Cart Scene Coloring Page,"Download this free printable otter flower cart scene coloring page. Perfect for kids and adults who love cute otter coloring scenes. High-quality JPG download ready to print.",https://tinyanimalworlds.com/coloring/otter-flower-cart-scene,https://tinyanimalworlds.com/pinterest/day20/otter-flower-cart-scene.jpg?v=4bf7a189,Garden Coloring Pages
Otter Cottage Window Reading Coloring Page,"Download this free printable otter cottage window reading coloring page. Perfect for kids and adults who love cute otter coloring scenes. High-quality JPG download ready to print.",https://tinyanimalworlds.com/coloring/otter-cottage-window-reading,https://tinyanimalworlds.com/pinterest/day20/otter-cottage-window-reading.jpg?v=4bf7a189,Bookstore Coloring Pages
Otter River Boat Adventure Coloring Page,"Download this free printable otter river boat adventure coloring page. Perfect for kids and adults who love cute otter coloring scenes. High-quality JPG download ready to print.",https://tinyanimalworlds.com/coloring/otter-river-boat-adventure,https://tinyanimalworlds.com/pinterest/day20/otter-river-boat-adventure.jpg?v=4bf7a189,Cute Animal Coloring Pages
Otter Tea Party Scene Coloring Page,"Download this free printable otter tea party scene coloring page. Perfect for kids and adults who love cute otter coloring scenes. High-quality JPG download ready to print.",https://tinyanimalworlds.com/coloring/otter-tea-party-scene,https://tinyanimalworlds.com/pinterest/day20/otter-tea-party-scene.jpg?v=4bf7a189,Tea Party Coloring Pages
Raccoon Fresh Bread Booth Coloring Page,"Download this free printable raccoon fresh bread booth coloring page coloring page. Perfect for kids and adults who love cute, cozy coloring scenes. High-quality JPG download ready to print.",https://tinyanimalworlds.com/coloring/raccoon-fresh-bread-booth,https://tinyanimalworlds.com/pinterest/day21/raccoon-fresh-bread-booth.jpg?v=80fce352,Bakery Coloring Pages
Mouse Tea Shop Storefront Coloring Page,"Download this free printable mouse tea shop storefront coloring page coloring page. Perfect for kids and adults who love cute, cozy coloring scenes. High-quality JPG download ready to print.",https://tinyanimalworlds.com/coloring/mouse-tea-shop-storefront,https://tinyanimalworlds.com/pinterest/day21/mouse-tea-shop-storefront.jpg?v=80fce352,Cute Animal Coloring Pages
Cozy Summer Orchard Walk Coloring Page,"Download this free printable cozy summer orchard walk coloring page coloring page. Perfect for kids and adults who love cute, cozy coloring scenes. High-quality JPG download ready to print.",https://tinyanimalworlds.com/coloring/cozy-summer-orchard-walk,https://tinyanimalworlds.com/pinterest/day21/cozy-summer-orchard-walk.jpg?v=80fce352,Cozy Coloring Pages
Cozy Autumn Fox Cottage Coloring Page,"Download this free printable cozy autumn fox cottage coloring page coloring page. Perfect for kids and adults who love cute, cozy coloring scenes. High-quality JPG download ready to print.",https://tinyanimalworlds.com/coloring/cozy-autumn-fox-cottage,https://tinyanimalworlds.com/pinterest/day21/cozy-autumn-fox-cottage.jpg?v=80fce352,Cottagecore Coloring
Squirrel Window Reading Corner Coloring Page,"Download this free printable squirrel window reading corner coloring page coloring page. Perfect for kids and adults who love cute, cozy coloring scenes. High-quality JPG download ready to print.",https://tinyanimalworlds.com/coloring/squirrel-window-reading-corner,https://tinyanimalworlds.com/pinterest/day21/squirrel-window-reading-corner.jpg?v=80fce352,Bookstore Coloring Pages
Hedgehog Rainy Garden Coloring Page,"Download this free printable hedgehog rainy garden coloring page coloring page. Perfect for kids and adults who love cute, cozy coloring scenes. High-quality JPG download ready to print.",https://tinyanimalworlds.com/coloring/hedgehog-rainy-garden,https://tinyanimalworlds.com/pinterest/day21/hedgehog-rainy-garden.jpg?v=80fce352,Garden Coloring Pages
Bear Drinking Hot Chocolate Coloring Page,"Download this free printable bear drinking hot chocolate coloring page coloring page. Perfect for kids and adults who love cute, cozy coloring scenes. High-quality JPG download ready to print.",https://tinyanimalworlds.com/coloring/bear-drinking-hot-chocolate,https://tinyanimalworlds.com/pinterest/day21/bear-drinking-hot-chocolate.jpg?v=80fce352,Tea Party Coloring Pages
Frog Rainy Day Cottage Coloring Page,"Download this free printable frog rainy day cottage coloring page coloring page. Perfect for kids and adults who love cute, cozy coloring scenes. High-quality JPG download ready to print.",https://tinyanimalworlds.com/coloring/frog-rainy-day-cottage,https://tinyanimalworlds.com/pinterest/day21/frog-rainy-day-cottage.jpg?v=80fce352,Rainy Day Coloring Pages
Deer Flower Cart Coloring Page,"Download this free printable deer flower cart coloring page coloring page. Perfect for kids and adults who love cute, cozy coloring scenes. High-quality JPG download ready to print.",https://tinyanimalworlds.com/coloring/deer-flower-cart,https://tinyanimalworlds.com/pinterest/day21/deer-flower-cart.jpg?v=80fce352,Cute Animal Coloring Pages
Tiny Rabbit Operating A Cloud Coloring Page,"Download this free printable tiny rabbit operating a cloud coloring page coloring page. Perfect for kids and adults who love cute, cozy coloring scenes. High-quality JPG download ready to print.",https://tinyanimalworlds.com/coloring/tiny-rabbit-operating-a-cloud,https://tinyanimalworlds.com/pinterest/day21/tiny-rabbit-operating-a-cloud.jpg?v=80fce352,Cute Animal Coloring Pages
Squirrel Selling Handmade Crafts Coloring Page,"Download this free printable squirrel selling handmade crafts coloring page coloring page. Perfect for kids and adults who love cute, cozy coloring scenes. High-quality JPG download ready to print.",https://tinyanimalworlds.com/coloring/squirrel-selling-handmade-craf,https://tinyanimalworlds.com/pinterest/day22/squirrel-selling-handmade-craf.jpg?v=2b823bb6,Cute Animal Coloring Pages
Raccoon Pumpkin Market Coloring Page,"Download this free printable raccoon pumpkin market coloring page coloring page. Perfect for kids and adults who love cute, cozy coloring scenes. High-quality JPG download ready to print.",https://tinyanimalworlds.com/coloring/raccoon-pumpkin-market,https://tinyanimalworlds.com/pinterest/day22/raccoon-pumpkin-market.jpg?v=2b823bb6,Cozy Coloring Pages
Herb Garden Rabbi Coloring Page,"Download this free printable herb garden rabbi coloring page coloring page. Perfect for kids and adults who love cute, cozy coloring scenes. High-quality JPG download ready to print.",https://tinyanimalworlds.com/coloring/herb-garden-rabbi,https://tinyanimalworlds.com/pinterest/day22/herb-garden-rabbi.jpg?v=2b823bb6,Cottagecore Coloring
Bear Star Bakery Coloring Page,"Download this free printable bear star bakery coloring page coloring page. Perfect for kids and adults who love cute, cozy coloring scenes. High-quality JPG download ready to print.",https://tinyanimalworlds.com/coloring/bear-star-bakery,https://tinyanimalworlds.com/pinterest/day22/bear-star-bakery.jpg?v=2b823bb6,Bakery Coloring Pages
Fox Moonlight Library Coloring Page,"Download this free printable fox moonlight library coloring page coloring page. Perfect for kids and adults who love cute, cozy coloring scenes. High-quality JPG download ready to print.",https://tinyanimalworlds.com/coloring/fox-moonlight-library,https://tinyanimalworlds.com/pinterest/day22/fox-moonlight-library.jpg?v=2b823bb6,Bookstore Coloring Pages
Mouse Cozy Cabin In Rain Coloring Page,"Download this free printable mouse cozy cabin in rain coloring page coloring page. Perfect for kids and adults who love cute, cozy coloring scenes. High-quality JPG download ready to print.",https://tinyanimalworlds.com/coloring/mouse-cozy-cabin-in-rain,https://tinyanimalworlds.com/pinterest/day22/mouse-cozy-cabin-in-rain.jpg?v=2b823bb6,Rainy Day Coloring Pages
countryside farm market Coloring Page,"Download this free printable countryside farm market coloring page coloring page. Perfect for kids and adults who love cute, cozy coloring scenes. High-quality JPG download ready to print.",https://tinyanimalworlds.com/coloring/countryside-farm-market,https://tinyanimalworlds.com/pinterest/day22/countryside-farm-market.jpg?v=2b823bb6,Garden Coloring Pages
Deer Woodland Tea Table Coloring Page,"Download this free printable deer woodland tea table coloring page coloring page. Perfect for kids and adults who love cute, cozy coloring scenes. High-quality JPG download ready to print.",https://tinyanimalworlds.com/coloring/deer-woodland-tea-table,https://tinyanimalworlds.com/pinterest/day22/deer-woodland-tea-table.jpg?v=2b823bb6,Cute Animal Coloring Pages
Deer Watering Vegetable Garden Coloring Page,"Download this free printable deer watering vegetable garden coloring page coloring page. Perfect for kids and adults who love cute, cozy coloring scenes. High-quality JPG download ready to print.",https://tinyanimalworlds.com/coloring/deer-watering-vegetable-garden,https://tinyanimalworlds.com/pinterest/day22/deer-watering-vegetable-garden.jpg?v=2b823bb6,Cute Animal Coloring Pages
Deer Flower Arch Pathway Coloring Page,"Download this free printable deer flower arch pathway coloring page coloring page. Perfect for kids and adults who love cute, cozy coloring scenes. High-quality JPG download ready to print.",https://tinyanimalworlds.com/coloring/deer-flower-arch-pathway,https://tinyanimalworlds.com/pinterest/day22/deer-flower-arch-pathway.jpg?v=2b823bb6,Cute Animal Coloring Pages
Little Bunny Maintaining a Woodland Bridge Coloring Page,"Download this free printable little bunny maintaining a woodland bridge coloring page coloring page. Perfect for kids and adults who love cute, cozy coloring scenes. High-quality JPG download ready to print.",https://tinyanimalworlds.com/coloring/little-bunny-maintaining-a-woo,https://tinyanimalworlds.com/pinterest/day23/little-bunny-maintaining-a-woo.jpg?v=793ed7b3,Cute Animal Coloring Pages
Cute Bear Repairing Hiking Trail Signs Coloring Page,"Download this free printable cute bear repairing hiking trail signs coloring page coloring page. Perfect for kids and adults who love cute, cozy coloring scenes. High-quality JPG download ready to print.",https://tinyanimalworlds.com/coloring/cute-bear-repairing-hiking-tra,https://tinyanimalworlds.com/pinterest/day23/cute-bear-repairing-hiking-tra.jpg?v=793ed7b3,Cozy Coloring Pages
Squirrel Flower Market Coloring Page,"Download this free printable squirrel flower market coloring page coloring page. Perfect for kids and adults who love cute, cozy coloring scenes. High-quality JPG download ready to print.",https://tinyanimalworlds.com/coloring/squirrel-flower-market,https://tinyanimalworlds.com/pinterest/day23/squirrel-flower-market.jpg?v=793ed7b3,Garden Coloring Pages
Raccoon Pie Stand Coloring Page,"Download this free printable raccoon pie stand coloring page coloring page. Perfect for kids and adults who love cute, cozy coloring scenes. High-quality JPG download ready to print.",https://tinyanimalworlds.com/coloring/raccoon-pie-stand,https://tinyanimalworlds.com/pinterest/day23/raccoon-pie-stand.jpg?v=793ed7b3,Bakery Coloring Pages
Sewing Room Fabri Coloring Page,"Download this free printable sewing room fabri coloring page coloring page. Perfect for kids and adults who love cute, cozy coloring scenes. High-quality JPG download ready to print.",https://tinyanimalworlds.com/coloring/sewing-room-fabri,https://tinyanimalworlds.com/pinterest/day23/sewing-room-fabri.jpg?v=793ed7b3,Cottagecore Coloring
Frog Reading On A Rainy Day Coloring Page,"Download this free printable frog reading on a rainy day coloring page coloring page. Perfect for kids and adults who love cute, cozy coloring scenes. High-quality JPG download ready to print.",https://tinyanimalworlds.com/coloring/frog-reading-on-a-rainy-day,https://tinyanimalworlds.com/pinterest/day23/frog-reading-on-a-rainy-day.jpg?v=793ed7b3,Bookstore Coloring Pages
Tiny Mouse Running a Rainy Day Coloring Page,"Download this free printable tiny mouse running a rainy day coloring page coloring page. Perfect for kids and adults who love cute, cozy coloring scenes. High-quality JPG download ready to print.",https://tinyanimalworlds.com/coloring/tiny-mouse-running-a-rainy-day,https://tinyanimalworlds.com/pinterest/day23/tiny-mouse-running-a-rainy-day.jpg?v=793ed7b3,Rainy Day Coloring Pages
Tiny Deer Organizing a Butterfly Garden Coloring Page,"Download this free printable tiny deer organizing a butterfly garden coloring page coloring page. Perfect for kids and adults who love cute, cozy coloring scenes. High-quality JPG download ready to print.",https://tinyanimalworlds.com/coloring/tiny-deer-organizing-a-butterf,https://tinyanimalworlds.com/pinterest/day23/tiny-deer-organizing-a-butterf.jpg?v=793ed7b3,Cute Animal Coloring Pages
Cute Otter Assembling a Riverside Market Coloring Page,"Download this free printable cute otter assembling a riverside market coloring page coloring page. Perfect for kids and adults who love cute, cozy coloring scenes. High-quality JPG download ready to print.",https://tinyanimalworlds.com/coloring/cute-otter-assembling-a-rivers,https://tinyanimalworlds.com/pinterest/day23/cute-otter-assembling-a-rivers.jpg?v=793ed7b3,Cute Animal Coloring Pages
Little Fox Arranging Treasure  Coloring Page,"Download this free printable little fox arranging treasure  coloring page coloring page. Perfect for kids and adults who love cute, cozy coloring scenes. High-quality JPG download ready to print.",https://tinyanimalworlds.com/coloring/little-fox-arranging-treasure-,https://tinyanimalworlds.com/pinterest/day23/little-fox-arranging-treasure-.jpg?v=793ed7b3,Cute Animal Coloring Pages
Chipmunk Building a Forest Weather Station Coloring Page,"Download this free printable chipmunk building a forest weather station coloring page. Perfect for kids and adults who love cute, cozy coloring scenes. High-quality JPG download ready to print.",https://tinyanimalworlds.com/coloring/chipmunk-building-a-forest-wea,https://tinyanimalworlds.com/pinterest/day24/chipmunk-building-a-forest-wea.jpg?v=ec8ede48,Tiny Animal Worlds
Badger Repairing Antique Furniture Coloring Page,"Download this free printable badger repairing antique furniture coloring page. Perfect for kids and adults who love cute, cozy coloring scenes. High-quality JPG download ready to print.",https://tinyanimalworlds.com/coloring/badger-repairing-antique-furni,https://tinyanimalworlds.com/pinterest/day24/badger-repairing-antique-furni.jpg?v=ec8ede48,Cute Animal Coloring Pages
Hedgehog Inventor Testing a Windmill Coloring Page,"Download this free printable hedgehog inventor testing a windmill coloring page. Perfect for kids and adults who love cute, cozy coloring scenes. High-quality JPG download ready to print.",https://tinyanimalworlds.com/coloring/hedgehog-inventor-testing-a-wi,https://tinyanimalworlds.com/pinterest/day24/hedgehog-inventor-testing-a-wi.jpg?v=ec8ede48,Kawaii Coloring Pages
Badger Building Miniature Bird Houses Coloring Page,"Download this free printable badger building miniature bird houses coloring page. Perfect for kids and adults who love cute, cozy coloring scenes. High-quality JPG download ready to print.",https://tinyanimalworlds.com/coloring/badger-building-miniature-bird,https://tinyanimalworlds.com/pinterest/day24/badger-building-miniature-bird.jpg?v=ec8ede48,Cottagecore Coloring
Goose Baking Pretzels at a Village Bakery Coloring Page,"Download this free printable goose baking pretzels at a village bakery coloring page. Perfect for kids and adults who love cute, cozy coloring scenes. High-quality JPG download ready to print.",https://tinyanimalworlds.com/coloring/goose-baking-pretzels-at-a-vil,https://tinyanimalworlds.com/pinterest/day24/goose-baking-pretzels-at-a-vil.jpg?v=ec8ede48,Bakery Coloring Pages
Owl Cataloging Ancient Books in a Library Coloring Page,"Download this free printable owl cataloging ancient books in a library coloring page. Perfect for kids and adults who love cute, cozy coloring scenes. High-quality JPG download ready to print.",https://tinyanimalworlds.com/coloring/owl-cataloging-ancient-books-i,https://tinyanimalworlds.com/pinterest/day24/owl-cataloging-ancient-books-i.jpg?v=ec8ede48,Bookstore Coloring Pages
Frog Decorating a Rainwater Garden Coloring Page,"Download this free printable frog decorating a rainwater garden coloring page. Perfect for kids and adults who love cute, cozy coloring scenes. High-quality JPG download ready to print.",https://tinyanimalworlds.com/coloring/frog-decorating-a-rainwater-gr,https://tinyanimalworlds.com/pinterest/day24/frog-decorating-a-rainwater-gr.jpg?v=ec8ede48,Garden Coloring Pages
Chipmunk Packing a Picnic Basket Coloring Page,"Download this free printable chipmunk packing a picnic basket coloring page. Perfect for kids and adults who love cute, cozy coloring scenes. High-quality JPG download ready to print.",https://tinyanimalworlds.com/coloring/chipmunk-packing-picnic-basket,https://tinyanimalworlds.com/pinterest/day24/chipmunk-packing-picnic-basket.jpg?v=ec8ede48,Tea Party Coloring Pages
Badger Running a Cozy Lantern Shop Coloring Page,"Download this free printable badger running a cozy lantern shop coloring page. Perfect for kids and adults who love cute, cozy coloring scenes. High-quality JPG download ready to print.",https://tinyanimalworlds.com/coloring/badger-running-a-cozy-lantern-,https://tinyanimalworlds.com/pinterest/day24/badger-running-a-cozy-lantern-.jpg?v=ec8ede48,Cozy Coloring Pages
Duck Reading Newspapers at a Dock Coloring Page,"Download this free printable duck reading newspapers at a dock coloring page. Perfect for kids and adults who love cute, cozy coloring scenes. High-quality JPG download ready to print.",https://tinyanimalworlds.com/coloring/duck-reading-newspapers-at-a-d,https://tinyanimalworlds.com/pinterest/day24/duck-reading-newspapers-at-a-d.jpg?v=ec8ede48,Rainy Day Coloring Pages
